# Resource object code (Python 3)
# Created by: object code
# Created by: The Resource Compiler for Qt version 6.7.2
# WARNING! All changes made in this file will be lost!

from PySide6 import QtCore

qt_resource_data = b"\
\x00\x00\x01\x1f\
<\
svg xmlns=\x22http:\
//www.w3.org/200\
0/svg\x22 width=\x2224\
\x22 height=\x2224\x22 vi\
ewBox=\x220 0 24 24\
\x22 fill=\x22none\x22 st\
roke=\x22#0d1b2a\x22 s\
troke-width=\x221.5\
\x22 stroke-linecap\
=\x22round\x22 stroke-\
linejoin=\x22round\x22\
 class=\x22feather \
feather-filter\x22>\
<polygon points=\
\x2222 3 2 3 10 12.\
46 10 19 14 21 1\
4 12.46 22 3\x22></\
polygon></svg>\
\x00\x00\x011\
<\
svg xmlns=\x22http:\
//www.w3.org/200\
0/svg\x22 width=\x2224\
\x22 height=\x2224\x22 vi\
ewBox=\x220 0 24 24\
\x22 fill=\x22none\x22 st\
roke=\x22#e0e1dd\x22 s\
troke-width=\x221.5\
\x22 stroke-linecap\
=\x22round\x22 stroke-\
linejoin=\x22round\x22\
 class=\x22feather \
feather-minus-ci\
rcle\x22><circle cx\
=\x2212\x22 cy=\x2212\x22 r=\
\x2210\x22></circle><l\
ine x1=\x228\x22 y1=\x221\
2\x22 x2=\x2216\x22 y2=\x221\
2\x22></line></svg>\
\
\x00\x00\x01[\
<\
svg xmlns=\x22http:\
//www.w3.org/200\
0/svg\x22 width=\x2224\
\x22 height=\x2224\x22 vi\
ewBox=\x220 0 24 24\
\x22 fill=\x22none\x22 st\
roke=\x22#0d1b2a\x22 s\
troke-width=\x221.5\
\x22 stroke-linecap\
=\x22round\x22 stroke-\
linejoin=\x22round\x22\
 class=\x22feather \
feather-percent\x22\
><line x1=\x2219\x22 y\
1=\x225\x22 x2=\x225\x22 y2=\
\x2219\x22></line><cir\
cle cx=\x226.5\x22 cy=\
\x226.5\x22 r=\x222.5\x22></\
circle><circle c\
x=\x2217.5\x22 cy=\x2217.\
5\x22 r=\x222.5\x22></cir\
cle></svg>\
\x00\x00\x01W\
<\
svg xmlns=\x22http:\
//www.w3.org/200\
0/svg\x22 width=\x2224\
\x22 height=\x2224\x22 vi\
ewBox=\x220 0 24 24\
\x22 fill=\x22none\x22 st\
roke=\x22#e0e1dd\x22 s\
troke-width=\x221.5\
\x22 stroke-linecap\
=\x22round\x22 stroke-\
linejoin=\x22round\x22\
 class=\x22feather \
feather-menu\x22><l\
ine x1=\x223\x22 y1=\x221\
2\x22 x2=\x2221\x22 y2=\x221\
2\x22></line><line \
x1=\x223\x22 y1=\x226\x22 x2\
=\x2221\x22 y2=\x226\x22></l\
ine><line x1=\x223\x22\
 y1=\x2218\x22 x2=\x2221\x22\
 y2=\x2218\x22></line>\
</svg>\
\x00\x00\x017\
<\
svg xmlns=\x22http:\
//www.w3.org/200\
0/svg\x22 width=\x2220\
\x22 height=\x2220\x22 vi\
ewBox=\x220 0 24 24\
\x22 fill=\x22none\x22 st\
roke=\x22#0d1b2a\x22 s\
troke-width=\x221.5\
\x22 stroke-linecap\
=\x22round\x22 stroke-\
linejoin=\x22round\x22\
 class=\x22feather \
feather-arrow-ri\
ght\x22><line x1=\x225\
\x22 y1=\x2212\x22 x2=\x2219\
\x22 y2=\x2212\x22></line\
><polyline point\
s=\x2212 5 19 12 12\
 19\x22></polyline>\
</svg>\
\x00\x00\x01T\
<\
svg xmlns=\x22http:\
//www.w3.org/200\
0/svg\x22 width=\x2224\
\x22 height=\x2224\x22 vi\
ewBox=\x220 0 24 24\
\x22 fill=\x22none\x22 st\
roke=\x22#fff\x22 stro\
ke-width=\x221.5\x22 s\
troke-linecap=\x22r\
ound\x22 stroke-lin\
ejoin=\x22round\x22 cl\
ass=\x22feather fea\
ther-menu\x22><line\
 x1=\x223\x22 y1=\x2212\x22 \
x2=\x2221\x22 y2=\x2212\x22>\
</line><line x1=\
\x223\x22 y1=\x226\x22 x2=\x222\
1\x22 y2=\x226\x22></line\
><line x1=\x223\x22 y1\
=\x2218\x22 x2=\x2221\x22 y2\
=\x2218\x22></line></s\
vg>\
\x00\x00\x01.\
<\
svg xmlns=\x22http:\
//www.w3.org/200\
0/svg\x22 width=\x2224\
\x22 height=\x2224\x22 vi\
ewBox=\x220 0 24 24\
\x22 fill=\x22none\x22 st\
roke=\x22#111\x22 stro\
ke-width=\x221.5\x22 s\
troke-linecap=\x22r\
ound\x22 stroke-lin\
ejoin=\x22round\x22 cl\
ass=\x22feather fea\
ther-minus-circl\
e\x22><circle cx=\x221\
2\x22 cy=\x2212\x22 r=\x2210\
\x22></circle><line\
 x1=\x228\x22 y1=\x2212\x22 \
x2=\x2216\x22 y2=\x2212\x22>\
</line></svg>\
\x00\x00/\x9b\
<\
?xml version=\x221.\
0\x22 encoding=\x22UTF\
-8\x22?>\x0a<svg versi\
on=\x221.1\x22 xmlns=\x22\
http://www.w3.or\
g/2000/svg\x22 widt\
h=\x22182\x22 height=\x22\
182\x22>\x0a<path d=\x22M\
0 0 C0.91738953 \
-0.0049649 1.834\
77905 -0.0099298\
1 2.77996826 -0.\
01504517 C5.8190\
587 -0.02966647 \
8.85809694 -0.03\
646886 11.897216\
8 -0.04199219 C1\
4.00847882 -0.04\
77438 16.1197408\
2 -0.05350154 18\
.23100281 -0.059\
26514 C22.660352\
01 -0.06977513 2\
7.08968305 -0.07\
561777 31.519042\
97 -0.07910156 C\
37.19186648 -0.0\
845853 42.864449\
85 -0.10861088 4\
8.53719807 -0.13\
707352 C52.89953\
815 -0.15570693 \
57.26182049 -0.1\
6090588 61.62419\
701 -0.16243744 \
C63.71535746 -0.\
16546306 65.8065\
1692 -0.17348851\
 67.89763832 -0.\
18662262 C70.825\
1733 -0.20369705\
 73.75212279 -0.\
20179931 76.6796\
875 -0.1953125 C\
77.54172287 -0.2\
0452728 78.40375\
824 -0.21374207 \
79.29191589 -0.2\
2323608 C85.6176\
3434 -0.17937853\
 89.81691197 1.0\
5842451 94.53393\
555 5.53222656 C\
98.36304036 10.5\
0609958 100.5605\
1138 16.50225342\
 103.03393555 22\
.22363281 C103.5\
9670216 23.50517\
526 104.16052338\
 24.78625506 104\
.7253418 26.0668\
9453 C105.902591\
25 28.738307 107\
.07524796 31.411\
66691 108.244873\
05 34.08642578 C\
110.85719078 40.\
04961201 113.528\
41007 45.9863583\
9 116.19750977 5\
1.92428589 C118.\
00743855 55.9531\
0758 119.8115351\
1 59.98454635 12\
1.61206055 64.01\
757812 C122.5625\
7365 66.11902159\
 123.53149702 68\
.21223142 124.51\
831055 70.296875\
 C124.9772168 71\
.27043945 125.43\
612305 72.244003\
91 125.90893555 \
73.24707031 C126\
.31885742 74.100\
91309 126.728779\
3 74.95475586 12\
7.15112305 75.83\
447266 C128.0339\
3555 78.16113281\
 128.03393555 78\
.16113281 128.03\
393555 82.161132\
81 C68.96393555 \
82.16113281 9.89\
393555 82.161132\
81 -50.96606445 \
82.16113281 C-50\
.19744022 77.549\
38743 -49.537853\
3 74.73084814 -4\
7.70825195 70.63\
378906 C-47.2511\
1816 69.60213623\
 -46.79398438 68\
.5704834 -46.322\
99805 67.5075683\
6 C-45.83395996 \
66.42386963 -45.\
34492187 65.3401\
709 -44.84106445\
 64.22363281 C-4\
4.3404248 63.100\
61768 -43.839785\
16 61.97760254 -\
43.32397461 60.8\
2055664 C-40.192\
04093 53.8168823\
1 -36.99493661 4\
6.84720853 -33.7\
1606445 39.91113\
281 C-31.9392241\
2 36.13327135 -3\
0.23560496 32.32\
364353 -28.53222\
656 28.51220703 \
C-27.01309481 25\
.11525531 -25.48\
180009 21.723891\
23 -23.94702148 \
18.33398438 C-23\
.12185194 16.506\
20714 -22.306481\
89 14.67401031 -\
21.4934082 12.84\
082031 C-19.0571\
7443 7.59234242 \
-16.79993005 4.4\
1873789 -11.9660\
6445 1.16113281 \
C-7.98177602 -0.\
16696333 -4.1546\
3004 0.0053499 0\
 0 Z M4.03393555\
 23.16113281 C4.\
36393555 24.1511\
3281 4.69393555 \
25.14113281 5.03\
393555 26.161132\
81 C7.5116865 27\
.40000829 9.2704\
7262 27.32854951\
 12.03393555 27.\
34863281 C13.364\
24805 27.3699023\
4 13.36424805 27\
.36990234 14.721\
43555 27.3916015\
6 C17.22913538 2\
7.38826407 17.22\
913538 27.388264\
07 19.03393555 2\
5.16113281 C18.8\
6726888 23.07779\
948 18.86726888 \
23.07779948 18.0\
3393555 21.16113\
281 C15.70707101\
 19.99770055 14.\
18672141 19.9621\
7293 11.59643555\
 19.91113281 C10\
.42274414 19.872\
46094 10.4227441\
4 19.87246094 9.\
2253418 19.83300\
781 C6.55462045 \
20.23290192 5.71\
416116 21.108124\
03 4.03393555 23\
.16113281 Z M31.\
03393555 22.1611\
3281 C31.5314964\
7 24.91754697 31\
.53149647 24.917\
54697 33.0339355\
5 27.16113281 C3\
4.84320835 27.28\
601039 36.657896\
61 27.33684127 3\
8.47143555 27.34\
863281 C39.95450\
195 27.36990234 \
39.95450195 27.3\
6990234 41.46752\
93 27.39160156 C\
44.1997797 27.42\
264034 44.199779\
7 27.42264034 46\
.03393555 25.161\
13281 C45.867268\
88 23.07779948 4\
5.86726888 23.07\
779948 45.033935\
55 21.16113281 C\
42.69426865 19.9\
9129936 41.20002\
028 19.99500871 \
38.59643555 19.9\
7363281 C37.8139\
7461 19.95945312\
 37.03151367 19.\
94527344 36.2253\
418 19.93066406 \
C33.74187568 20.\
02027217 33.7418\
7568 20.02027217\
 31.03393555 22.\
16113281 Z M58.0\
3393555 22.16113\
281 C58.53149647\
 24.91754697 58.\
53149647 24.9175\
4697 60.03393555\
 27.16113281 C62\
.29617135 27.399\
60184 62.2961713\
5 27.39960184 64\
.90893555 27.411\
13281 C65.793232\
42 27.43691406 6\
6.6775293 27.462\
69531 67.5886230\
5 27.48925781 C7\
0.44357927 27.10\
616465 71.273894\
51 26.37575398 7\
3.03393555 24.16\
113281 C72.70393\
555 23.17113281 \
72.37393555 22.1\
8113281 72.03393\
555 21.16113281 \
C69.69426865 19.\
99129936 68.2000\
2028 19.99500871\
 65.59643555 19.\
97363281 C64.813\
97461 19.9594531\
2 64.03151367 19\
.94527344 63.225\
3418 19.93066406\
 C60.74187568 20\
.02027217 60.741\
87568 20.0202721\
7 58.03393555 22\
.16113281 Z M4.0\
3393555 40.16113\
281 C4.38180263 \
42.13650026 4.38\
180263 42.136500\
26 5.03393555 44\
.16113281 C7.511\
6865 45.40000829\
 9.27047262 45.3\
2854951 12.03393\
555 45.34863281 \
C13.36424805 45.\
36990234 13.3642\
4805 45.36990234\
 14.72143555 45.\
39160156 C17.229\
13538 45.3882640\
7 17.22913538 45\
.38826407 19.033\
93555 43.1611328\
1 C18.62864653 4\
0.37875626 18.62\
864653 40.378756\
26 17.03393555 3\
8.16113281 C15.4\
1254118 38.03618\
665 13.78509433 \
37.98541657 12.1\
5893555 37.97363\
281 C10.83249023\
 37.95236328 10.\
83249023 37.9523\
6328 9.47924805 \
37.93066406 C6.7\
7626828 37.99044\
857 6.77626828 3\
7.99044857 4.033\
93555 40.1611328\
1 Z M31.03393555\
 40.16113281 C31\
.43922456 42.943\
50936 31.4392245\
6 42.94350936 33\
.03393555 45.161\
13281 C34.843208\
35 45.28601039 3\
6.65789661 45.33\
684127 38.471435\
55 45.34863281 C\
39.95450195 45.3\
6990234 39.95450\
195 45.36990234 \
41.4675293 45.39\
160156 C44.19977\
97 45.42264034 4\
4.1997797 45.422\
64034 46.0339355\
5 43.16113281 C4\
5.62864653 40.37\
875626 45.628646\
53 40.37875626 4\
4.03393555 38.16\
113281 C42.22466\
274 38.03625524 \
40.40997448 37.9\
8542435 38.59643\
555 37.97363281 \
C37.60772461 37.\
95945313 36.6190\
1367 37.94527344\
 35.6003418 37.9\
3066406 C32.8680\
9139 37.89962529\
 32.86809139 37.\
89962529 31.0339\
3555 40.16113281\
 Z M58.03393555 \
40.16113281 C58.\
43922456 42.9435\
0936 58.43922456\
 42.94350936 60.\
03393555 45.1611\
3281 C62.2961713\
5 45.39960184 62\
.29617135 45.399\
60184 64.9089355\
5 45.41113281 C6\
5.79323242 45.43\
691406 66.677529\
3 45.46269531 67\
.58862305 45.489\
25781 C70.443579\
27 45.10616465 7\
1.27389451 44.37\
575398 73.033935\
55 42.16113281 C\
72.70393555 41.1\
7113281 72.37393\
555 40.18113281 \
72.03393555 39.1\
6113281 C69.5561\
8459 37.92225734\
 67.79739847 37.\
99371612 65.0339\
3555 37.97363281\
 C64.14706055 37\
.95945313 63.260\
18555 37.9452734\
4 62.34643555 37\
.93066406 C59.83\
873571 37.934001\
55 59.83873571 3\
7.93400155 58.03\
393555 40.161132\
81 Z M6.03393555\
 56.16113281 C5.\
37393555 57.4811\
3281 4.71393555 \
58.80113281 4.03\
393555 60.161132\
81 C5.77939075 6\
2.34439196 6.631\
85043 63.1005267\
9 9.4440918 63.5\
2441406 C10.7570\
0195 63.49927734\
 10.75700195 63.\
49927734 12.0964\
3555 63.47363281\
 C12.97428711 63\
.46976563 13.852\
13867 63.4658984\
4 14.7565918 63.\
46191406 C17.230\
56323 63.3701261\
5 17.23056323 63\
.37012615 19.033\
93555 61.1611328\
1 C18.70393555 5\
9.51113281 18.37\
393555 57.861132\
81 18.03393555 5\
6.16113281 C14.0\
7393555 56.16113\
281 10.11393555 \
56.16113281 6.03\
393555 56.161132\
81 Z M31.0339355\
5 58.16113281 C3\
1.20060221 60.24\
446615 31.200602\
21 60.24446615 3\
2.03393555 62.16\
113281 C34.37360\
244 63.33096626 \
35.86785081 63.3\
2725691 38.47143\
555 63.34863281 \
C39.64512695 63.\
36990234 39.6451\
2695 63.36990234\
 40.8425293 63.3\
9160156 C43.3259\
9541 63.30199345\
 43.32599541 63.\
30199345 46.0339\
3555 61.16113281\
 C45.53637463 58\
.40471865 45.536\
37463 58.4047186\
5 44.03393555 56\
.16113281 C42.22\
466274 56.036255\
24 40.40997448 5\
5.98542435 38.59\
643555 55.973632\
81 C37.60772461 \
55.95945313 36.6\
1901367 55.94527\
344 35.6003418 5\
5.93066406 C32.8\
6809139 55.89962\
529 32.86809139 \
55.89962529 31.0\
3393555 58.16113\
281 Z M59.033935\
55 56.16113281 C\
58.70393555 57.8\
1113281 58.37393\
555 59.46113281 \
58.03393555 61.1\
6113281 C60.5440\
6518 63.67126244\
 61.50198791 63.\
4583489 64.97143\
555 63.47363281 \
C65.84670898 63.\
49039063 66.7219\
8242 63.50714844\
 67.6237793 63.5\
2441406 C70.4360\
2067 63.10052679\
 71.28848034 62.\
34439196 73.0339\
3555 60.16113281\
 C72.37393555 58\
.84113281 71.713\
93555 57.5211328\
1 71.03393555 56\
.16113281 C67.07\
393555 56.161132\
81 63.11393555 5\
6.16113281 59.03\
393555 56.161132\
81 Z \x22 fill=\x22#D6\
D7D4\x22 transform=\
\x22translate(52.96\
6064453125,62.83\
88671875)\x22/>\x0a<pa\
th d=\x22M0 0 C59.7\
3 0 119.46 0 181\
 0 C181 18 181 1\
8 178 26 C173.42\
230576 30.463251\
89 169.88310923 \
31.12446792 163.\
64335632 31.1404\
4189 C162.995741\
62 31.14341302 1\
62.34812691 31.1\
4638414 161.6808\
8752 31.1494453 \
C159.50689049 31\
.15812945 157.33\
294855 31.159640\
3 155.15893555 3\
1.16113281 C153.\
60174441 31.1657\
6119 152.0445544\
 31.17078588 150\
.48736572 31.176\
17798 C146.25380\
488 31.18930216 \
142.0202599 31.1\
9574698 137.7866\
8189 31.20018864\
 C135.14180586 3\
1.20311936 132.4\
9693417 31.20722\
417 129.85206032\
 31.21169281 C12\
1.57711866 31.22\
536786 113.30218\
691 31.23503445 \
105.02723473 31.\
2388947 C95.4745\
4688 31.24337547\
 85.92200211 31.\
26092418 76.3693\
5776 31.2898953 \
C68.98582214 31.\
31151078 61.6023\
2677 31.32159891\
 54.21875983 31.\
32293582 C49.808\
72938 31.3239839\
5 45.39883343 31\
.32989352 40.988\
83629 31.3477554\
3 C36.83968448 3\
1.3642338 32.690\
76832 31.3663928\
1 28.54159546 31\
.35761642 C27.02\
024009 31.356845\
92 25.49887206 3\
1.36119059 23.97\
75486 31.3710746\
8 C21.89728401 3\
1.38379566 19.81\
785383 31.377917\
47 17.7375946 31\
.36749268 C15.99\
295441 31.369692\
52 15.99295441 3\
1.36969252 14.21\
306896 31.371936\
8 C10.53156104 3\
0.94577468 8.153\
86549 29.9230845\
9 5 28 C-2.14431\
454 18.92478964 \
0 12.75990282 0 \
0 Z \x22 fill=\x22#D7D\
8D4\x22 transform=\x22\
translate(1,150)\
\x22/>\x0a<path d=\x22M0 \
0 C0.89439285 -0\
.0071553 1.78878\
571 -0.01431061 \
2.71028137 -0.02\
168274 C3.694193\
57 -0.02437164 4\
.67810577 -0.027\
06055 5.6918335 \
-0.02983093 C7.2\
4326302 -0.03968\
773 7.24326302 -\
0.03968773 8.826\
03455 -0.0497436\
5 C12.26014269 -\
0.06950757 15.69\
420703 -0.081146\
33 19.12835693 -\
0.09111023 C20.8\
8509861 -0.09722\
352 20.88509861 \
-0.09722352 22.6\
7733002 -0.10346\
031 C28.87633591\
 -0.12433452 35.\
07531957 -0.1386\
3025 41.27435303\
 -0.147995 C47.6\
8151372 -0.15906\
055 54.08832722 \
-0.19345871 60.4\
9536514 -0.23316\
669 C65.41787365\
 -0.25929774 70.\
34029902 -0.2676\
8375 75.26287079\
 -0.27127647 C77\
.62477716 -0.276\
15171 79.9866796\
 -0.28779219 82.\
34851837 -0.3063\
1447 C85.6546436\
 -0.33062975 88.\
9598652 -0.32975\
435 92.26605225 \
-0.32279968 C93.\
24186752 -0.3356\
0974 94.2176828 \
-0.3484198 95.22\
306824 -0.361618\
04 C101.05596876\
 -0.31689701 104\
.26230581 0.3256\
7258 108.7377319\
3 4.14717102 C11\
2.7577109 8.7216\
2985 112.9065976\
2 12.98058762 11\
2.94085693 18.85\
029602 C112.9465\
5701 19.60631104\
 112.95225708 20\
.36232605 112.95\
812988 21.141250\
61 C112.96757158\
 22.74167994 112\
.97411057 24.342\
12864 112.977966\
31 25.94258118 C\
112.98764138 28.\
37441102 113.018\
65872 30.8053843\
 113.05023193 33\
.23701477 C113.0\
5676564 34.79560\
353 113.06201466\
 36.3541983 113.\
06585693 37.9127\
9602 C113.078203\
74 38.63283813 1\
13.09055054 39.3\
5288025 113.1032\
7148 40.09474182\
 C113.08084493 4\
5.2548071 112.08\
457819 48.651033\
92 109.73773193 \
53.14717102 C105\
.83507762 56.854\
69262 102.769448\
71 58.26682113 9\
7.43113708 58.28\
761292 C96.55219\
788 58.29332306 \
95.67325867 58.2\
990332 94.767684\
94 58.30491638 C\
93.32526176 58.3\
0659317 93.32526\
176 58.30659317 \
91.85369873 58.3\
0830383 C90.3313\
1088 58.31575119\
 90.33131088 58.\
31575119 88.7781\
6772 58.323349 C\
85.41442186 58.3\
3797598 82.05072\
315 58.34477358 \
78.68695068 58.3\
5029602 C76.3514\
8619 58.35604707\
 74.01602171 58.\
36180481 71.6805\
5725 58.36756897\
 C66.78042378 58\
.37808052 61.880\
30673 58.3839221\
7 56.98016357 58\
.3874054 C50.702\
00865 58.3928901\
 44.4240706 58.4\
1691717 38.14598\
37 58.44537735 C\
33.32041287 58.4\
640033 28.494894\
28 58.46920932 2\
3.66929054 58.47\
074127 C21.35484\
443 58.47376847 \
19.04039925 58.4\
8179921 16.72598\
839 58.49492645 \
C13.48714079 58.\
51198547 10.2488\
2306 58.51010681\
 7.00994873 58.5\
0361633 C6.05440\
598 58.51283112 \
5.09886322 58.52\
20459 4.11436462\
 58.53153992 C-1\
.10397063 58.498\
79059 -4.7569216\
 58.08182028 -9.\
26226807 55.1471\
7102 C-14.308537\
86 49.82812989 -\
14.42390434 45.3\
9980808 -14.4653\
9307 38.31123352\
 C-14.47109314 3\
7.55426178 -14.4\
7679321 36.79729\
004 -14.48266602\
 36.01737976 C-1\
4.4920932 34.418\
73055 -14.498640\
91 32.82006211 -\
14.50250244 31.2\
2138977 C-14.512\
20715 28.7874482\
5 -14.54325055 2\
6.35435206 -14.5\
7476807 23.92060\
852 C-14.5812990\
8 22.36332184 -1\
4.58654917 20.80\
602915 -14.59039\
307 19.24873352 \
C-14.60273987 18\
.52666718 -14.61\
508667 17.804600\
83 -14.62780762 \
17.06065369 C-14\
.60719755 12.340\
1868 -13.7522475\
9 9.15353177 -11\
.26226807 5.1471\
7102 C-7.4690251\
3 1.72400057 -5.\
07644315 0.02783\
369 0 0 Z M1.737\
73193 16.1471710\
2 C1.73773193 24\
.72717102 1.7377\
3193 33.30717102\
 1.73773193 42.1\
4717102 C33.0877\
3193 42.14717102\
 64.43773193 42.\
14717102 96.7377\
3193 42.14717102\
 C96.73773193 33\
.56717102 96.737\
73193 24.9871710\
2 96.73773193 16\
.14717102 C65.38\
773193 16.147171\
02 34.03773193 1\
6.14717102 1.737\
73193 16.1471710\
2 Z \x22 fill=\x22#D0D\
1CD\x22 transform=\x22\
translate(42.262\
26806640625,0.85\
28289794921875)\x22\
/>\x0a</svg>\x0a\
\x00\x00\x01\x0a\
<\
svg xmlns=\x22http:\
//www.w3.org/200\
0/svg\x22 width=\x2220\
\x22 height=\x2220\x22 vi\
ewBox=\x220 0 24 24\
\x22 fill=\x22none\x22 st\
roke=\x22#0d1b2a\x22 s\
troke-width=\x221.5\
\x22 stroke-linecap\
=\x22round\x22 stroke-\
linejoin=\x22round\x22\
 class=\x22feather \
feather-chevron-\
down\x22><polyline \
points=\x226 9 12 1\
5 18 9\x22></polyli\
ne></svg>\
\x00\x00\x01E\
<\
svg xmlns=\x22http:\
//www.w3.org/200\
0/svg\x22 width=\x2224\
\x22 height=\x2224\x22 vi\
ewBox=\x220 0 24 24\
\x22 fill=\x22none\x22 st\
roke=\x22#e0e1dd\x22 s\
troke-width=\x221.5\
\x22 stroke-linecap\
=\x22round\x22 stroke-\
linejoin=\x22round\x22\
 class=\x22feather \
feather-check-ci\
rcle\x22><path d=\x22M\
22 11.08V12a10 1\
0 0 1 1-5.93-9.1\
4\x22></path><polyl\
ine points=\x2222 4\
 12 14.01 9 11.0\
1\x22></polyline></\
svg>\
\x00\x00\x01W\
<\
svg xmlns=\x22http:\
//www.w3.org/200\
0/svg\x22 width=\x2224\
\x22 height=\x2224\x22 vi\
ewBox=\x220 0 24 24\
\x22 fill=\x22none\x22 st\
roke=\x22#e0e1dd\x22 s\
troke-width=\x221.5\
\x22 stroke-linecap\
=\x22round\x22 stroke-\
linejoin=\x22round\x22\
 class=\x22feather \
feather-x-circle\
\x22><circle cx=\x2212\
\x22 cy=\x2212\x22 r=\x2210\x22\
></circle><line \
x1=\x2215\x22 y1=\x229\x22 x\
2=\x229\x22 y2=\x2215\x22></\
line><line x1=\x229\
\x22 y1=\x229\x22 x2=\x2215\x22\
 y2=\x2215\x22></line>\
</svg>\
\x00\x00\x01(\
<\
svg xmlns=\x22http:\
//www.w3.org/200\
0/svg\x22 width=\x2232\
\x22 height=\x2232\x22 vi\
ewBox=\x220 0 24 24\
\x22 fill=\x22none\x22 st\
roke=\x22#F65755\x22 s\
troke-width=\x221.5\
\x22 stroke-linecap\
=\x22round\x22 stroke-\
linejoin=\x22round\x22\
 class=\x22feather \
feather-x\x22><line\
 x1=\x2218\x22 y1=\x226\x22 \
x2=\x226\x22 y2=\x2218\x22><\
/line><line x1=\x22\
6\x22 y1=\x226\x22 x2=\x2218\
\x22 y2=\x2218\x22></line\
></svg>\
\x00\x00\x01\x09\
<\
svg xmlns=\x22http:\
//www.w3.org/200\
0/svg\x22 width=\x2224\
\x22 height=\x2224\x22 vi\
ewBox=\x220 0 24 24\
\x22 fill=\x22none\x22 st\
roke=\x22#0d1b2a\x22 s\
troke-width=\x221.5\
\x22 stroke-linecap\
=\x22round\x22 stroke-\
linejoin=\x22round\x22\
 class=\x22feather \
feather-chevron-\
up\x22><polyline po\
ints=\x2218 15 12 9\
 6 15\x22></polylin\
e></svg>\
\x00\x00\x01\x5c\
<\
svg xmlns=\x22http:\
//www.w3.org/200\
0/svg\x22 width=\x2224\
\x22 height=\x2224\x22 vi\
ewBox=\x220 0 24 24\
\x22 fill=\x22none\x22 st\
roke=\x22#e0e1dd\x22 s\
troke-width=\x221.5\
\x22 stroke-linecap\
=\x22round\x22 stroke-\
linejoin=\x22round\x22\
 class=\x22feather \
feather-plus-cir\
cle\x22><circle cx=\
\x2212\x22 cy=\x2212\x22 r=\x22\
10\x22></circle><li\
ne x1=\x2212\x22 y1=\x228\
\x22 x2=\x2212\x22 y2=\x2216\
\x22></line><line x\
1=\x228\x22 y1=\x2212\x22 x2\
=\x2216\x22 y2=\x2212\x22></\
line></svg>\
\x00\x00\x01\xdc\
<\
svg xmlns=\x22http:\
//www.w3.org/200\
0/svg\x22 width=\x2224\
\x22 height=\x2224\x22 vi\
ewBox=\x220 0 24 24\
\x22 fill=\x22none\x22 st\
roke=\x22#fff\x22 stro\
ke-width=\x221.5\x22 s\
troke-linecap=\x22r\
ound\x22 stroke-lin\
ejoin=\x22round\x22 cl\
ass=\x22feather fea\
ther-list\x22><line\
 x1=\x228\x22 y1=\x226\x22 x\
2=\x2221\x22 y2=\x226\x22></\
line><line x1=\x228\
\x22 y1=\x2212\x22 x2=\x2221\
\x22 y2=\x2212\x22></line\
><line x1=\x228\x22 y1\
=\x2218\x22 x2=\x2221\x22 y2\
=\x2218\x22></line><li\
ne x1=\x223\x22 y1=\x226\x22\
 x2=\x223.01\x22 y2=\x226\
\x22></line><line x\
1=\x223\x22 y1=\x2212\x22 x2\
=\x223.01\x22 y2=\x2212\x22>\
</line><line x1=\
\x223\x22 y1=\x2218\x22 x2=\x22\
3.01\x22 y2=\x2218\x22></\
line></svg>\
\x00\x00\xc3@\
\x00\
\x04 >x\xda\xec]\x07\x9c\x14U\xd27\xa1\x92s\
\xce\xea\x19\xf0P\x14TL\x18\xeeN\xcf3\x9fw\xe6\
\x9c%l \x07\xc5\x8c\x88\xe4 y\xd9L\x8e\x02J\
\x10\x94 i\xc99*IL\xc0\xee\x92c}\xf5\x7f\
\xdd\xd5\xf3\xe6m\xf7L\xcf\xec,\x8a\xf7-\xbfbz\
:O\xf7\xfb\xbf\xcaU\xe7\x9cs.\xff\xc3\xdf\xb9\xe7\
\xd4:\xe7\xcaZ\x17\x9cS\x81\x97\xaf\xb4V\x9cs\xce\
y\xd6z\xeb\xef\x82s\xae\xe0\xff\xaf8'\xf0\xb7b\
\xc5\x0aZ\xb6l\x19-_\xbe\xdc\xa2e\xcbi\xd9\xd2\
\x10\x84\xed\xbc\xbf\x10\x8e\xd1\xbf\xe7\xdd\x7fYd\xdb#\
\xdd\x7fi\xb8\xfb]\x16\x11-\xcdZ\xe6\xebz\xd8O\
\xd1\xd2\xa5\x8a\xf2\x9cG\xd6\x1b\xf7#\xeb\xbd\xb6\xc7\xfa\
\xf7\xc4\x8a\xcc\xdf\x19\xf4\x1b\xd4\xba\xa5!\x9f\x8fCY\
\xc1\xcfX\x96\x9d\xfd=\x9e\x7f\x9e\xe7\xa6\xbd\xaf 2\
\xde\x85|\xd7?\xdd\xce\x13\xb3\xf1\xeb\xf1\xde\xac{[\
\x165\x1eby\xbf\x82u\xc1~VV\x96\x22\xeb\xfd\
X\xef(k\xc9\xd2<\x84mY\x8a\xb2\x82\x8fqy\
\xbf\xe1\xde\xbf\xe7v\x9b\x9ck\xb8\xdeC\x96\xe7\xf6<\
\xfb/\x8d\x90\xb2\xe4:\xc1\xf7\xa7_/p\xff!\xee\
[\x9e\x8f\xf1,\xf3\xec\xbf$\xf8z\xe1~\x8fy\xfe\
?\x14-\x11\xb2\xeeu\xc9bk\xfd\x92%K\x02\xc4\
\xeb\xd4z\x8f\xdf\x97g\x9bq\x0d9\x8f|_\xbcx\
\x89s\x8c:\xf7\x92\xc0~\xe6\xb5\xdd\xee\xd9\x5c\x1f\xee\
\xfay\xee\xd3<\x8f\xf9{<\xae\x1b8\xce\xbc\xdeR\
\xd7\xfb\xf5\xbc\x7f\xe7><\xae\xe72~\xcc\xf1\x1a\xfe\
\x1e\x97\x84\xdd\xc7\x8b\xf4\xeb\xb8\xe2#\x08{\x7f\xdc\xb1\
\xedv\xefn\xdb\xc2\xed\xb7\x04\xcfS\xa3\xac\xff\xa7\xa8\
H\xc6\xe3\xca\x95+\xd5<\x8c\xef:\x9f\x04o\xd3\xdf\
\x87\xf0C\xd9O\xce\xa3\x8e_\x1a\xc0\x9c\xc8\xb3n\xf3\
\xba\xfen\xb1\x9f\x8e\x1f\xfd<r\x1d\xb9\x0f\xb9W\xc8\
H^\xe3E?\x17\x8e\xd7\x8f3\xcf\x83k\xcb\xfd\xca\
\xeft\xbb\x9ey\xeeeK\x97\x85\xe5W\x05\x81\x1b\xfd\
><\xf9\xfd\xd2\xa5g\xd5\xf8s{\x86\xe1\x9e\xa9\x1a\
\x1f\x069\xdb\x97\xda\xf4\xff\xd8\xf6M[\xb7n\xa5\xcd\
\x9b7\xd3\xb6m\xdb\x14&\xbe\xff\xfe{\xda\xb8q#\
\xfd\xf0\xc3\x0f\xeas\xe7\xce\x9d\xb4z\xf5j\xb5\x1e\x84\
\xf5\xd8\x0f\xc7\xacY\xb3\x866m\xdaD[\xb6lQ\
\xc7\xe3\xdd\xe0\x18,\xef\xdc\xb5\x93\xd6\xad[\xa7\xbe\xe3\
\x13\xfb\x00\x938\x07\xb0\xb5\xc9\xbe\xe6\x0f\xdb\xb7\xd3\x86\
\x0d\x1b\xd4\xf9\xb0\x0f\xee\x07\xd7\xc32\xae\x83\xebm\xfb\
~\x1bm\xde\xb2\x89\x96\xafX\xae\x96\x17-Z\xa4\xb6\
c\xbe\xc0\xf5q\x0c\x96w\xef\xde\xcd\xb2\xccbu_\
87\xd6\xe3\xda8\x1f~\x07\xd6\xe1:8/\x8e\xc3\
}`\x1f\xdc\x13\xb6\xe1\x1c\xf2;\xb1}\xed\xda\xb5\xea\
\xfe\xf1\xbb\xb0\x0e\xe7\x96\xfd\xfc\x8c\xd5\x82\xc2\xcc\x12/\
\xc2\x1c\xe6c\x1e8\x13\xf7\xedg~\x0c\xa7G\xf8=\
\xc6k>\xf0\xda\xee\xf7Z\xff\x0b\x04l`\x9c\x03\x1f\
\xf8\xc4\xf8^\xb5j\x15mg\x5c\x02G:\xfe\xf1\x9c\
\xb0\x0e\xd8\x03.\x80\x9d\x1d;v\xa8\xed\xf8\x8e\xe3\x81\
W\xe0\x13\x98\x06\x09\xfee~\xc1v\xbc\x83\xef\xf9\xfc\
\x8b\x18\x7f\xeby;0\x09La?\x9c\x0f\x9fX\x07\
\xc29\x16.\x5c\xa0\xae\xbf~\xfdzu\x1e\x9c\x1f\xd7\
\x16\x9c\x83p\x1d\xe0\x1f\xd7\xd8\xc6\xd7\xd8\xc0\xf8\xc5y\
p\x8c\x9co\xc1\x82\x05\xea\xfa\xf8}8\x87\xfc^,\
c\x9d\x5cc\xe1\xc2\x85\xce\xfc\x81\xeb\xe3w\xe38\xe0\
\x1f\xfb\xfca\xf1\xaf\x8fo\x17\xacxa(Vr\xbc\
_9%\xd6\x94eP\xa4\xdb\xff\x97\xf1\x8fq\x0d<\
\x03#\xe0\xcf\x18\xf7X\x8f\xef\xc0\xc7\xae]\xbb\x82\xf0\
/\xbc\x19x\xc3'\xe6\x07\xe0\x10\xb8\x05\xcf\xc4~\xc0\
\x13\xb6\x03K\x9bl\x1c\x02K\xc2G1F\xb7\xd9\xf3\
\xc0Z\xecc\xcb\x02r\x1f\xc0\x97\xc8%\x0a\xff\x0b\x16\
\xaa\xe3\xd6\xad[\xef\xcc/\xd8\x17\xe7\x16\xc2}\xe0z\
\xd8\x7f+\xf8\xb7}\x8f\x98\xc7\xbc\xf0/\xf3\x07\x96q\
o\x82w\xc1\xbf\xc8\x0b\xd8\x86\xf3\x03\xffr\xfc\xef\x81\
\x7f/~\x16\x8e\xbf\x85\x93\xb7\xc3\xf2o\x0fZ\xe2\x93\
\x8f\x9fMt\xb6\xe39\xd2\xdf\x811\x0f,\x81\x80\x87\
={\xf68<\x1ec\x1f\xe3\x1d\xe7\x03\x8e\x80A|\
B?6\xe5\x7f\x9c\x07\xe7s\xe4\x7f\x1b\x8f\x82=\xcc\
#\xf8\xfc\xf1\xc7\x1fi5\xcf+[x\x1f\x8c\xd55\
\xbc\x1d\xe7\xd0\xe5\x7f\xe0_\x97\xffq]l\xc7\xfc\x84\
\xf3b\x1f\x5cCdt\x99\x7f\xb0\x1d\xdbVa\x8e\xb2\
\xf9\xf7\x1a^\xc6v\xc8\x06\xf2[u;\x9c)\xff\xeb\
\xd7\x13\xb9H\xe9)\xbc\x1e\xfb\xe2\xd3\xcd\xb6\x11\xadm\
\xefL\xe0?\x1a\xd9\xda\xcf\xf5\x16Gp\xbd\xff\x9f\x03\
\xfe\x98\xf8\x17\xfb\x9d\xd8\xf7\x80o\x19\xcfb\x8f\xc36\
\xac\x07\xdf\xc3>\xe0\x97\xc0\x04p\x05\x9e(\xc7\x8b=\
\x0d\xc7\x80\x8f\x02\x9f\xc00\x8e\x03\xfe1\x1f(y\x81\
q\x95e\x8cW\x1c\xef\xf0U\xbe\x06\xce-\xe7\xc2\xf9\
u|\x89\xdd\xd0\x8dp\x7f\x8bq\x0e\xdb7\x07^\x8e\
\xeb\x0a\x1fw\xb3\x81\xea\xf6?\x1co\xca\xf7b\x0f\x0c\
u\xdd3b\xaf\xb5\xf5\xfb<v/e\xfb\x0a`2\
\xdc=F\xa2[\xfb\xd1\xb7\x97\xfe\x0f\x91\x9fg\xe5\xf6\
|\xf2\xf3\xbc\x0b\x9a\x16k\xe3j\xa96\xc6\xf5{\x04\
\x86\xf4\xdf\x01\xde(81\x7f\x0b\xb0\x02,\x83\x80c\
\xe0\x07\x9f8\x07\x8e\xc3\xdc`\xda\xd6u\xdb\xbd\xc2?\
\xcb\x05\xfa8\xd7\xaf\xad\xcf\x05\xa1p(\xf3\x11\xee\x13\
z\x0b\xe6*?\xfeK/^\x18\xea\x9d\x9d\x91\xf9]\
\xc7\xbe\xe6\xeb[bl\x8b\xd58\xfe_\xc1\x7f\xac\xf1\
\xe8\xaa/\xfd\x81\xf5$S\xa7s}\xe76/\xf6\xfb\
\xcc\xdc\xecEn\xb8u\xc3\x1a\xe6#\xd8\x06\xdd\xc6W\
\xb894\x16\xbe\xf7?\x8a\xcc\xa8\xe3\xcd\xcb\xae\x85g\
\xb5X\xdb'\xab\x00\xee\xd7<\xc6\xf4\xbf\xff\xbf\x9c\xff\
\xbfG\x059\xf7\xe6\x87\xbf\x14\xd4\xef\x0b\xeb{/\xc0\
\xe7\xab?\x87e6-u\xd1\xc3\xb3\xf2\xf1\x0e\xdcl\
\x1a\x9e\xef\xca\xa6p\xf3D\xac\xc6H\xa8X\xce\x82\xbc\
\x86\x19\xffj.\xe7'\x0e\xf8\xf7\x8aA\xfe\xbd\xe9L\
\xcb\x97\x05\xe5\xbf.\xe89\xe0L\xca\xbc\x12k\x05\xbb\
\x0e\x086\x13!Y\x17\x09\xe9\xc7G{\x0e\x10\xf45\
!\xdd\xb6\x14\xaby\x00\xf6\x1c\xd7\xf8\xd50\xb1\xaeg\
\xc2\xd6\x1bi\x1c_(\x0a\x17\xff\x1ai\xbc`\xac\xc6\
\xf2\x99\xd2\x89\x0a\x22f\xb5 \xe6\x9b3\x81}\xf3Z\
\xca^\xca\xf8\x9a;w.\xcd\x993G\xd1\xb7\xdf~\
\xeb\x10\xbec\x9b\xbe=\x14\xb9\xed'\xc7\x87:\x8f\xb9\
\x8fI\xf3\xe6\xcd\xa3\xf9\xf3\xe7+\x1f.\xe6\x06\xb1\xd5\
F3\x07\xc81\x98\x9bp>?\xf4\xddw\xdf)\xd2\
\xbf\xfb=\xf6\x7f\x9d\x84\x07\x84\xb2\xdb\x9dmz^,\
\xaf\xf5{\xe8\xbd\xc2\xff\x80\xa9\xaf\xbf\xfe\xda\xa1\x993\
g\xfa&\xfd\xb8h)\xdcye\xdd\xacY\xb3\xe8\x9b\
o\xbeQs\x12\xe6\x03\xe0/\xd29@\x7f\xd6\xf8\xdd\
\xe6\x5c\xf7G%\xb7y\xf9\x8fp?~\xc9\x9c\xbf\xc5\
\x0e\xff{\xe0?V1o\xb1\x961\xce4\x013x\
/_}\xf5\x15M\x9d:\x95\xbe\xfc\xf2\xcb3N\xb8\
\xb6\x1b\xb9\xed;m\xda4\x9a>}\xba3\x17`\x5c\
a\x0e\xc0X\xf2\xcaKu\xfb\xcdx\xde86\x92y\
\xcekN\x0a7\x0f\xc6j\x9e\x8c\xd5\xbc\x1b\xe9o\xf6\
{=\xaf\xfdd\x1d\xde\x17h\xf6\xec\xd9j\xfe\xc0\x5c\
\x00\x99\xc0\xf4)\xfc\x91\xf1\xef\xd7>x6\xe0\x1f8\
\xc0\xbb\xf8\xe2\x8b/h\xd2\xa4I4q\xe2D\x9a0\
aB\xc4\x84\xe3\xdc(\xdcv\xd9'\xdc\xf1\xb2\x0f\xee\
s\xf2\xe4\xc94e\xca\x145?`\x1e\xc0\xb8\xc2X\
\x02O\xc1\x1c r\x80\xd7\xf3\x94m\xf8\xdd\xb1\x9e\xaf\
\xccy\xcb\xef\xfaH(\xbf\xc7{\xcd\xab\xb1~\x06n\
\xf7\x8c\xb9[\xe6o\xbc7\xbc\x03\xf0\x1e\xc8\x02f\xce\
\xe1\xd9*\xff\x9f-\xf8\xc7\xb3\xc6\xbb\x189r\xa4C\
#F\x8c\x08\x22s\x9d\xb9\x9f\xfe\xdd<\x8f\xfe\xdd\x8b\
F\x8d\x1a\x15v\xbb\xd0\x981ch\xec\xd8\xb14n\
\xdc8g.\x80\xbc\x22c\x09\xbc<\xdc8\x12\xfb&\
\x8e\xc1\xf1\xfa\xbc\x87O\xbf\xa4\x1f\x1b\x0br;\x9f\xac\
3)V\xd7\xd4I\x9fs#\xf9\xbd\xe6z\xfd\xbby\
\xcf\xfa\xdc\x8d\xf7\x86\xb17c\xc6\x0c%\x0f\xc8\x1cp\
&l^\xff\xcb\xfa\xbf\x5c\x07qX\x93\xa7L\xa6\x94\
\x94\x14JMM\xa5\xe4\xe4d\xb5\x8cO\x9d\xf4uX\
\x0eG\xe6\xf1\xa1\x8e\xc5u\xf5ePZZ\x9aC\xf2\
===]QFF\x06\x0d\x1f>\x5c\xcd\x0b\xa3G\
\x8fv\xe6\x01\x8c'\xe0\x19\xbcD\xe4I\xbd\xfe\x88\xee\
\xd7\x84|0\x99\xf7\xc7<\x02\xc2\x9c\x82s\x81\xb0l\
\x92\xec\xe7\x87\xf2sl8\xc2o\x15\x8a\xe5yc}\
\xef^\xf7\xa8\xdf\xbf%\xcbMRs\x01\xe4\x02\xcc\x01\
\xb0\xe7\xe0\xddI\xfeMA\xf8\x04\x0a\x22o5\x96\xf8\
/p\xeck~3\xbc\x83\x81\x03\x07\xd2\xa0A\x83\xd4\
'h\xc0\x80\x01A\x9fn\xeb\x85\xcc\xef\xa0\xfe\xfd\xfb\
\xfb\x22\xf38\xb9\x0f\x93\x06\x0f\x1aL\x83\x07[4d\
\xc8\x10JJJRs\x05\xe6\x82\xcc\xccL%\x13`\
l\x81\xb7`\x1cA\xc7\x84\x1e\x00[\x80#\x83-\xb5\
\xe3\x92\x80}\xfe\xed\xe3\xc7\x8fw\xe6\x92\x0c{^q\
\xbe\xdb\x84sc\x9e\xf9\xbd\xc9\x94\xc5@\xf9='~\
\x9b\xdb\xef\xcb\xb3\xce\xfe\xee\xb5\x7f\xb8{u\xb6\x8d\x18\
\xee|\x17\x99p\xf4h\xeb\xbd\xe1]|1\xe9\x8b\xa0\
9\x00:\x9c\x8c\xd1X`\x22\xd6r}\xb8\xfdt\xb9\
\xd3\xd5o\x9a\x8f<\x9d\xfc\xc4t.Y\xbc\x84V\xad\
XE\xabW\xafUso\xd2\xe0\xa14l\xe80\x85\
+\x1dcC\x87\x0e\x0d\x22`\xce$Y\x8fO\x1c\xe3\
\x87\xfc\x9cw\xd8\xb0a\x0e\xc9\xf7\xe4a,;$\xa7\
\xd2\xb0\xa4d\x9e+\x06R\xff\x81\x03hh\xd2P5\
\x0f\x0c\xcf\xb0\xe6\x00\xf0\x14\xf0\x12\xc8\x93\xdfB\x06\xe0\
1\x84\x98\xd1e*V\x156\xc1,\x957\x9a\x999\
\x9c\x86\xf2\xef\x1c6t\xa8C^\xf7\xa4\xdf\x0b\xe4\x17\
\xb7e\xf9.\xeb\xcc\xfd\xcc}\xf5\xf5\x91P(\xf9*\
E\x88\xcf\x9d\xe2q\xbf^\xf72\xcc>\xc6<G\x8a\
\xb6>9\x1f\xf7m^\x1b\x9f\xe9\xa9)\x94\x99\x9e\xca\
\xf3A\x06\xcf\x05\xfc\xee\xc6\x8es\xe6o\xe8p\xd0\x03\
b\xe9\x13\xc8oNT\xa4\xb1?\x7f$\xfcgI\x0e\
\x10ca\xc3\xfa\x0d4\x9bq\xf1V\xb3ftM\xbd\
zt\xd5UW\xd1_\xfe\xf2\x17\xba\xec\xb2\xcb\xd4\xe7\
\xe5\x97_NW\x5cqE\x10]y\xe5\x95y\x08\xc7\
\x99\xdf\xcdun\xdbAu\xea\xd4\xc9C\xfa\xb6\xab\xaf\
\xbe\xda!YW\xf7\x9ak\xe9\xf6;\xee\xa0W_\x7f\
\x9dz\xf7\xedK\x83\x06\x0f\xa1\xcf?\xff\x9c\xf1:\x84\
\xd2R\x92\x15o\x82\xec\x8e1\x04\xfb\x92\xd2%Y\x8e\
T\xbe\x00\xfe\xdd\xeb\xd6\xac\xa7U\xcbV\xd2H\xc6\xfe\
\x90\x81\x83(yh\x12%'Y\x94b\x8fI]\x07\
\xd1\xf5\x8f\x82\xa4tM\xf6p#\x91E\xf4u\xe6\xb1\
\x91\x9e7\xdc\xfd\xa8e\x97g\x10\xee^\xbd\xee=#\
\x1d\x94\xa9(3c8\x9f;\x9d\xe7_\xe6\x1b\xfc\x0e\
1\xafc\x1f\xc8\x032\x7fC\x06\x80\x0dG\xfc\x01R\
[3\xd6\xf6\xfe\x82\xa8s\xe1\xd7\xfe\xb7\xd8c\x0e\x88\
\xd6o\x1f\xce\xbe\xb7\x84\xf5\xdf\xcd\x9b6\xd3@\x96\xa7\
+T\xa9B\x17_t\x11\xdd}\xd7]\xf4\xf4\xd3O\
\xd3s\xcf=\xa7\xe8\x99g\x9e\xa1\xa7\x9ez\xca!l\
\xc3\xe7\x93O>IO<\xf1\x84C\x8f?\xfe\xb8\x22\
\xf9\x8e\xed:\xe9\xe70\x8fu#9\x1f\xe8\xbf\xff\xfd\
\xaf\x22\xfd\x1a8\xc7\x7fx\xdd]w\xdfM\xa5J\x97\
\xa6\x8a\x95*Q|b\x22\xcb\x13C\x95\xde\x00\x0cc\
\xbcb\x0cA\x9f\x01\x0f\x995\x9by\x08\x8f!\xe0\x7f\
\xf3\x96\xad4\xee\x8b\xc9\xf4\xec\x8b/\xd1\x0d\x0d\x1bR\
\x9d\xbf^\xad\xe65\xccu2\xf7\x99$s!>\x85\
\xf0]'9\x87\xdb\xb2\x9f9\x14\xe4\xb5\x9f\xdbq\xa1\
\xce\x17\xcd\xf5\xf2\x1c'\xfb\xe8\xeb\xb5\xefW\xba\x1d\xe3\
r]\xf7\xfb\xb8\x8a\xae\xbd\xb6\x1e\xfd\xe3\x1f\xf7PB\
B\x22\x8f\xc3\xa1<\xe7f\xd0\xa0\x81\x83\x95L\x809\
\x002\x1c\xec8_M\xfbJ\xe9\x00\xba\xfe\x06\x9b\x00\
\xbe\xfb\xf1\x0b\x98sE\xb4\xfa|,b\xff\x0a\x12\xff\
\xbekf\xa1\xa6\xd9\xa6-\xd4\xadg/:\xe7\xfc\xf3\
\xe9\xfe{\xee\xa15+\x96\xd3\xd9\xf8\xf7\xfd\x96\xcd\xf4\
\xc6\xab\xaf\xd0\x05\x85.\xa0\x17^|A\xe9\x14\x83\xfa\
\x0fP\xf2)tK\xe8\x92\xc0\xff\xec\x993h!\xcb\
9\xabV\xaf\xa1\xc6q\xf1t\xce\x05\xe7R\x892%\
\xa9Q\xa3\xdb\xe9\xc9'\x1e\xa7\x97_~\x99^gY\
\x02\xf4\xdak\xaf\xd1+\xaf\xbc\xa2\xd6\x09\xe1\xbb\xac{\
\xe9\xa5\x97\xf2\x90\xbe/\xbe\xbf\xf8\xe2\x8b\xf4\xc2\x0b/\
\xd0\xf3\xcf?\x1f\x92d\xae\x15z\xf6\xd9g\x15a\xee\
5I\xb6\xc9v\xfd\xbb\x90\x9c\xe3i!\xcc\xe1\x1e\xe7\
\xc0\xbe\xae\xf7\xc5\xf7\xfd\x1c\xeeM\xfb|\xde&\xf5]\
\xdb\x17\xbfQH~\xb3\x1b\xe9\xbf\x17\xf7\xf1\xe4SO\
\xd0#\x8f>L\xd7\xd6\xbb\x86\x0a\x17\xb9\x98*V\xa9\
Do6n\xcas@*\x0d\x1d2T\xc9_x\x7f\
\x90\x01\xe0\x13\x80\xfc\x06\x1b \xc6\xf7\x94\xc9S\xd4z\
\xd8uC\xe1_p/\xc7\x85\xc2jA\xe7@\x85\x93\
\xff\xcd\xdc\xddp\xf8\x8f&\xffH\xf6A~\xf5\xf8\x09\
\xe3\xe9\xe2B\x17R\xe3W_w\xb0t\xea\xe4I:\
q\xfc8\x1d/ :q\xe2DT\xc7\x1d;v\xcc\
\x95p\xaf\xf2\xd7\xbbkW\xba\xe0\x82\x0b\xa8e\x9b6\
<~,\xdb\x02x\x08\xecISX\x86\x9c\x0b\xfe\xc1\
:\xff\x1d\xff\xf8;\x15\xe2\xfd>|\xb7#\xed\xf8~\
+\xfd\xff\xdf\xef\xfcw\xea\x14\xad\x5c\xba\x8c^{\xf9\
E:\xef\xbcs\xe9N\x96\xe9\x06\xc3\xee\x924T\xe9\
]\xa3F\x8e\xa2I\x13\xbf\xa0Y_\xcf\xa6\xf9\x0b\x16\
\xd0\xf0\x11#i\xe8\xa0!\xbc~\xa4\xb2\xeb\xe8\xf9@\
N\xce\x99]\xd7\x17\xfa\x82\xc4\x1daY\xafG|\xa6\
s c\x89\xffp\xb5x\xc2\xc5\xb7\xa0\xdeR\xa3;\
\x1a\xd1M\xf5\x1b\x10\x9d<\xad\xde\x01pv\xea\xe4)\
:\xc9s\x80I\xc0\xad|\x0a\xb9\xedWP\xa4_W\
\xc8\x99\x1b\x8e\x1eU\x84\xbf\x7f?\xfa(]\xc6r\xb9\
\xd8-\xa1s\xc2\x06\x00\x1d\x12\xef\xff\xef\xf7\xdeK\xa5\
J\x95\xa2\xc5s\xe79\xc3\xef\x84=\x8f\xe4g^;\
\x8a{\xe0\xf3\x1c<x\x90rrr\x0a\x84\xb2\xb3\xb3\
\xf3}\xbc\x9cC\x96\xf5s\xea\xeb\xc2\x11\xf6\xcf\xcd\xcd\
\xa5\x03\x07\x0e8t\xe8\xd0!:|\xf8\xb0\xa2#G\
\x8e8\xcf\x04\xe4\xc9\x0f0\xe6\xf8]\xca\xdfd\xd6\xd5\
\x8a\x14.Lw\xff\xedo,\xbf\xa5R\xd2\xd0$5\
\x87\x83W\xc1\x060\x89\xdfc\xaf\xde\xbdi\xc8\xc0\x81\
J6\x80\x5c\xa0\xe3g\x99\xe4\x9d\xf2X\xc7\xfe\xf0W\
B\xff\x83\xfd\x07\xfe\x03\xc1\xe0\xd9\x88\xffpu\x22\xfc\
\xfa)\x80}<\x93B\x17\x15\xa2\xd1<\xb7\xe2\xef\xe8\
\xb1\xa3g-\xfb\xe0\xd9\x8b\x0e\xdb\xf8\xff\x86e\xc4b\
E\x8b\xd2\x87\xef\xbf\xaf\xe4G\xf0\x8f\x91#F(\xdb\
Q\xb3\xf8x\xba\xe8\xc2\x0b\xe9\xbbo\xe7\xa8}1g\
\x9c\xe2y/?$\xf3\xd3\xe9\xd3\xa7\x15\xf6\xf7\xef\xdf\
\xef\x8957\x8c\xb9a/\x16\x187\xcf\xe7\x07\xcf\xe1\
\xd6\xe9\xd7\x01\xde\x81\x7f\xfcf\xe0\x1e\x9f\xc0\xbd`^\
\xf0\x8dg\xa3?'\xcfg\x88\xfd\x8fX\xefp\x12\xcb\
\xf5\x17\x9c\x7f\x1e\xbd\xf1\xfa[\x94\x9e\x96\xae\xec\xaf\xf0\
\x0b\xce\x9a=\x8b\xba\xb0\x8cw\xc9\xa5\x97\xd2\xc0\xcf?\
Ws\xfb\x17<\x1f\xe8\xfdG\x80\x0d\xd4\x0d\x1b\xc72\
\x1f|\xc7\xb0Qb\xfeG\x1cH\xbe\xf1\xefR\x1f6\
\xd6\xf8_\xe2b\x03\xf0\x9b\xef\xec\x07\xffxF\xa8m\
\xf8\xc1\x07\x1fP\xf1\x12\xc5\xe9\xfb\xad\xdb,\x11\x8cQ\
\xb4\x91\xf5\xe8/\xf89I\x0c'\xe6V<7\xf0N\
!\xb7\xf8-\x89\xdd\xd2\x09\xc7\x99\xc7\xea\xe7p\x8b\xff\
\xd2\xcf\xe3\x16\xd3\x96'\x06\xcd\xde\xb6d\xf1b:i\
\xf3\x90\x1fw\xed\xa2J\xe5+P\xe37\xdfr|b\
\xd0\xffa\x07,V\xa2\x04}\xfc\xe1G\xd6|\xc7c\
\xf54\x8f\xbd\xd32\x06\xc3\xe0\x1c\xf8\x96OY\x96\xb1\
\x8bO`\xe1\xe7\x9f\x7f\xa6_~\xf9\xc5\xa1_\x7f\xfd\
U\x91\xf9=\xbf\xf4\xdbo\xbfyR\xa8c\xc2\x1d\xaf\
o\xdb\xbbwo\x10\xed\xdb\xb7\xcf!}\x8e\xc3\xa7\xcc\
\x01\xc2\xffu\xfc\xebrb\xc8y\x94\xe9\x04\xd31{\
\x0eh\xfa\xe6\x1bT\xb6lY\x15\x13\x92\x9a\x92\xc6\xb2\
>d\xb8/\xe8\xdf\xff}\x8c\xea]W\x8f>\xf9\xf8\
#\xe5\xdf\x01\x1f\x13\xb9~\x19\xeb\xfa\xdf\xce\x9fGM\
\x12\xe2\xe9=\x9e\xff\x81\x7f\xe8\x80\xd8\x0f\xe3\x04\xf6\xc2\
hk\xdaDR\xaf-_\xfc?\xd2\xfa\xdd\x11\xd6=\
\x92^\x06\xf1\xcc\x0b+U\xaa\xa4\xde\xb9\xa5\x82\x9dR\
\xefO\x1f3\x18\xb3\x18\xd3&\xfd\xf4\xd3O\xcer\xa4\
c\xdbk\xffPc\xdakl\xffb\x7fb\x0c\x8a\x0c\
\xb9\x8f\xf7\xabY\xad:\xbd\xf4\xfc\x8b\x8eo\x19\xb2\x1f\
\xecvU*V\xa4\xfd\xbc]~\xaf_\x12\xcc\x9bt\
\xea4\xf3}\x9e9q\xfd]\xbbv\xab\xda\xb1 \xd4\
\xaeu\xa3\xdd\xa0={\x02\x9f\x06a\x9f= ^\x8e\
\x84\xf0>\x22=\xc6\xcf9\xdd\xe63}~\xd0\xe5\x02\
\xcc\x01\xba\x0c\xe0\x86\xffps\xc0)\xa5\x83\x1eS\xef\
g\xcb\xfa\xf5T\xb2x1j\xdc\xb8\xb1\x8a\x05\x980\
q\x12ue\xde?\x9eyy\xd2\xa0A\xf4\xfak\xaf\
\xa9\xf5\x90\xef\xe71\xe6\xb3\x96.\xa1\x8d|L\xc7\xf7\
;\xd29\xe7\x9cC\xaf\xbf\xfa*\x0d\x1a8H\xcd\x1f\
\x90\x010O ~ ?\xf8\xcfO\x0cQ\xa4\xf8w\
\xd3\x03\x22\xadO\xefZ\xc3\x91y\xa5\xe0\xbfr\xe5\xca\
\xea=\xe2\x0f\xef\xe6l\xfe;y\xe2\xb8\xd2\x04\xb2\x99\
?]R\xab\x16=\xf7\xcc\xb34\xcc\x8e\x09\x84\x1cr\
u\x9d:\xbc\xee\x19K\xdf\xe71\x99\x1f\xfc\xcbz\x5c\
/\xf7@\x8e\xaa\xf5\x0c\xdan\x7f\xca2j\xe1\xe6\x97\
P\xaf\xda\xef~&\x99\xdb\xcc\xfd\xbc\x8eC\xed]\xd4\
\xe1\x05\xe9\xf3\x97>'\xc8\x1c\x00Y\x00s\x80\xae\x0b\
@\xf7\x17\x19\xc0/\xff?e\xcbbJ\x0e\xb3\xc7\xe2\
\xed\xb7\xdeB7\xdf|\xb3\xf2\x01B\xefo\xd1\xaa\x95\
\xba&\xe4\xc3\x7f?\xf6\x18\xebu\xa3\x98F*\xbf\xe0\
\xe2\xc5\x8bh=\xcb\xfd\xff~\xecQ\xe5Ox\xf8\xc1\
\x07U,H\xdf\xbe}\xd5\x18\x80\xaf\x00:`\xb4\xf1\
=\xf9\x99\x03\xa2\xe1\xfff\xfd\xbc\xac\x18\xf9\x01\x81\x7f\
\xc8\xffqqqT\xa5J\x15\x07\xff\xf8C\x1df\xd8\
L\xfc\xe6n\xcb~f\xde\xb7\xe4\xdf\xe3S\xc8-7\
\xdcm\xd9ON9>\xe1\xf7\xf9\x1a\xc4\xfa>\xea\xc7\
*\xfe\x7f\xfa\x14e\xef\xdfG\xb5k\xd6\xa4\xa7\x9ex\
B\xc5\xeda\xee\xc7\xbb\xafZ\xb5*u\xfa\xe4\x13\xf5\
;\x95\x9d3\x12\xfc\x1bs\x81\xcc\x95\xd99\xfbU\xbf\
)\xd5\x83\x06\xf5\xedu\xb2\xfb\xd2H\xcd\xfa<\xb4\xc9\
:\xc6u\x9bO\x92z\xfc~\x09\xf3\xbe\x90\xb9N\xfa\
X\x80\xa4\x7f\x17H\x9f\x0f~\xb4e\x13\xcc\x03\x22\x0b\
\x88\x1c 6\x01\xcc\x01b\xfb\x8b\x16\xff\xc7l\x9f\xce\
\xab/\xbfD\xd5\xaaUSv\xbe1\xe3\xc6S\xa3;\
\xee\xa0\xb8\x84\x04z\xf2\xe9\xa7\xe9\xef\xff\xf8\x87\x8a\x1b\
\x82l\x8f1\x0b\xfe?o\xfe\x5c\xba\xf7\x9e{\xe8\xcb\
)S\xe9\xfa\xfa\xd7+y\x01\xf8\x87\x0c\x18)\xfec\
\x19Gl\xe2?\x1a\x1f\xc4\xd2\x02\xc2?\xf49\xf9\xc3\
\xbb\xc6v\xe9Yl\xd6\xccp\xab\xc1\x1c\xaa\x96\x94\xdb\
w\xbf\xf5\xa9\xdc\xbe{\xf51\x04\xd6,\xfd\x9feq\
\x85\xff\x1a\xf4\xd4\x93O:\xf8\x87\xfd\x07\xbfu\xe0\xe0\
\xc1\x0e\xfeO\xe7\xc3\xe6\xa7\xf4\x0c~nk\xd6\xae\xa6\
\xb5\xeb\xd6(_*h\xdd\xda5\xcc\x83,\xc2\xb2\xac\
GM\xeb\xb5L\xeb\x84\xd4>k\xf3\x90:\x87\xddO\
G>uZg\xaf\xf7\x22\xd4\xcd\x96^\x1a\xa1\xbeK\
\xff\x1b\xc4}*\xb2\xfbom\xda\xb8\xc9\x99\xafdN\
\x90^\x1e\xe6\x1c r\x80\xae\x07\xe8>\x80h\xf1\x0f\
\x1b\xc0Q\x1b\xff-\x12\x13\xa8b\x85\x0a*7 )\
9E\xbd\xc3&\xcd\x9aQ\xddk\xaf\xa1[o\xbe\x85\
\x86g\x0eW\xbe\x01\xc8w+V\xad\xa0AC\x06\xd2\
}\xf7\xdc\xab\xec\x88\xd7]_\x8f\x12x\xae@,\x18\
l\x00\xf0\x01\x83o\x9ci\xfcG\x12\xff[\x10\xf7\xe4\
*\xff\xf3\xfbM`\xfc\x83'\x0a\xfe\xcfv\xf9\xff\x84\
\xc2\xffi\x1b\xff5\xe9\x99\xa7\x9eR1\x00\x0a\xff,\
?Ve]\x07|$\x12\xfe\x7f\xfa$\xf3\xfaSL\
\xa7\xc1\xf7\xb1\xce\xba\xc6o\xbf\xfd\xaa\xfa\xbb._\xce\
\xb4B>\x97\xd3\xca\xe5B\xcb\x14\xadZ\xb6\x9cV3\
\xadR\xc4\xeb\x96\xd9\xeb\xd1\xebB\xf6]\xb1\xc2\xa1U\
\xc6\xb2\xa2\x95+\x9d\xe5\xd5\xa8O\xaf\xd1\xaa\x95X\x17\
 \xd4\xaf\xd7i\x95F\xab\xcdmv\xdd\xfdU\xab\xad\
O\xd4\xbd_\xb3\x9a\xe7\x995\xd6\x5c\xa1\xfarl\x0c\
\xf4\xec\xc4<\x00\xfe s\x00d\x00\xd1\x03\xa0\x03\x80\
t\xfc\x9b\xf2\x7f$\xf3\xeb\xf1\x13\x96\x0d\xa0u\xcb\x16\
\xca\x068\x9c\xf1\x8f\xf8\xeer\x15+R\x1a\xe3\x1d\xbc\
\xbf^\xbdz\x8a\xf7+\x1f\xc0\x17\x93\xd4ox\xf1\xa5\
\x97\xa8i\x93&\xeaX\xc4\x8b\xde\x7f\xff\xfdN\xbe\x18\
\xec\x04\x91\xe0?\x12\xcc\xf9=>\x5c\x0cb\xacu\x12\
O\xfd\x9f\xf1\x9f\xc8\xfa\xbf.\xffC\xae\xc5\xbc\x8e\xe7\
h\xf2\x15\x93\x0fy\x91\xc9\x8b\xdc\xf8\x8e\xbe>\xdc5\
\xdc\xb6\x81\x97\x0a\xe1;\xc6-\xf8\xd3I\x03\xffO3\
\xff\xc7\xbc\x8f\xf11\x06\xf8\xe7\xdf\x8ay \x12\xfcC\
\x16\xe5\x91\xab\xec|\xa7\x8e\x1fc\xfet\x9c~\xf9y\
\x0f-F\x0c\xfa\xc2E\x8a\x16k\x94\x85u\x0b\x02\x84\
\xfd\x14-Xh\x1f\xb3P\xed#\xe4l\xc76\xad&\
\xea\x22\x9b\xb0\x0ed\xed\x13\xa6\xfe\xe9\xa2\xc5j\xdf,\
\xe4\xc7\xa0\x0e\xaaV\x13u\xb1\xfd\x1d9\x0fBj\xbf\
\xac%\x16A\xc6R\xb5S\xad\x9e9\xaa\x0f\xc6\x9aU\
N_^\x91\x07D\x1f\x80\x8dSd\x00\xe8\x01\x22\x03\
\xc4\x1a\xffm[\xb7\xb2\xf0?|\x04\xf5\xe8\xd9\x8b\x8a\
\x15/N\x8f<\xf2\x08]\xcf\xd8\xaf\x7f\xfd\xf5\xcc\xfb\
3y~OWy\x82\xa8\x0fp\xe7\xdf\xef\xa6o\xe7\
|\xab\x8eM\xe6\xf5\xf5\x1b4prQ\xa3\xc5\x7f\xac\
ry\xcf4\xfe={\xb8\xd8\xf8o\xce\xb2\x91\x9b\xfe\
/\xb9\xb2R\x8b\xc9$\xe8\xdd^\xdb@R\xc7Ij\
;\xe9\xc7\x81`\x0b\xd0\x97M\xdb\x80\x9b\x8d!\xd4z\
\x9c\x1b\xcf\x15\xe3\x0d\xfa?\xf0\x0f\xfb\x1f\xf0/\xf1?\
\xc0\x7f5\xfe\xadcX\x0f0\xf1\xeff\xd7s\xfc}\
\xf8w\x0a\xf1\x90\xd6x<|\xe4\x18\xf3\xf9U\xb4p\
Q\x16\x8f\xb7%\xf4\xdd\xfc\x05\xb4\xe0\xbb\x85\x8a\xb0l\
}\xd7\xd6\xa9\xfa\x9f\x0b\xd4\xe7\x02\x9e\x03\x90gh\xd5\
:\x0e\xd4>^\x04\x5c\xdb\xd8^h\xd3\x22\xc6\xb2E\
\xfa\xb2M\x8b\xbd\x09y\x9cJ_\xb2?\x17k\xb4\xc4\
\xb4E\xa3?}\x16\x8f\xc7\xac\x15\xb4b\xf9j\x9eG\
\xd7\xd1\xf2\x95\xabx^\xe2\xed\x8b\xb3h\xd9\x0a\xab\x1f\
\x97\xf4\xe1\xd1\xe7\x00\xc8\x00\x98\x03\xc4\x0e\x801$\xfa\
\xbf\xc4\xfe\xa8\xd8L;N+R\xfdJ\xf0\xdf\xbem\
\x1b*W\xae\x1c\x8d\x189\x92\xbav\xefNex.\
\xc0{A\xee\xe1\xb5u\xafQ\xf6?\xe4\x7f~9\xf5\
+\xc6\xf7X\xfa\xcbUWR\xeb\xd6\xad\xa9;\xef\xfb\
\xda[o\xa9<\xb1\xde\xbd{+\xfcC\x07\x14\xfc{\
\xf5\xf1\xf1\x13\xe3\x9f\x1f\x1b\x80\x19\xa7\xfc{\xd4\x01\xf4\
\xc2\xff\x09-\x06\xebl\xfc\x03\xa6\x05\xff\x97^R[\
\xe1\x1fr\x1f\xf4C\xc1\xffh\x1b\xff\xf8\xad^6}\
}N\x80Lq\xfa\xa4\xa5\xef\xcf[\xb4\x80\x9e~\xe1\
I\xba\xe6\xfa\xbf\xf28\xbb\x9c\xfer\xe5_\xe8\x8a+\
/\xa7+y\xf9\xaa\xab\xaeP\x9f\xf8~\xc5U\xd6:\
\xb5\xfe\xca+\xd46P\x1d\x1e\x9bW\xd6\xe1uu\xf8\
\xfb\xd5\x16\xd5\xa9s%]}\xf5U\x8a\xea\xd4\xb9\xca\
Y\xfe\xeb_\xeb(\xaa\xcb\xcb\xd7\xf0\xa7P]P\xdd\
\xab\x15]\x03\xba\xe6j\xba\xf6Z\xd0_Y\x1e\xaeK\
\xd7\xd5\xbb\x86\xae\xbb\xee\xda\x00\xd5\x0b,_\xef|\x82\
w^G\xf5\xeb35\xb8\x8en\xb8\xa9\x01\xdd\xd6\xe8\
Vz\xe1\xc5\xe7\xe8s\xe6\x95\xcb\x96\xac\xa2\x95KV\
\xd3\x02\x9e{\x96-\xd7\xe6\x00\xbb\x8f/\xf4\x00\xd8\x02\
t\xfcC\x874\xf1/\xb1?\x91\xf2~\x1d\xff\x1d\xda\
\xb7S\xf8\x87\x9c\x0f\xfc\x97.W\x96~\xe5k}\xde\
\xbf?\xd5\xbb\xee:\x1a\xc1r\x01r\xbf\xa7O\x9bA\
\xfd\xfa~NW^Q\x87\xae\xbb\xb6\x9e\xf2\xff\x81\xaa\
W\xaf\xae\xe6\x02\xc1?xM\xa8>^\x05)\x03\xc4\
\x12\xff\xf9\x99\x07T\xee\x1b\xf4\x7f\xc6\xbf\xee\xff3c\
XL\x7f\xbfN^>\xe3 _\xf7\xee\xdda\xc9\xcf\
\xbe\xe2\x87\xf2\x22\xc8\xfe\xb8\xc7\x13\xb6\xfd?7{?\
]\xc2\xf8G\x8e d?\xc9!\xab\xa2\xe1_\xd9\xff\
\x5c\xfc\xf9'X\xbf?q\xf2\x84\xfd\x09\x1b\xe1i:\
\xca\xcf%\xb1m\x22\x9dsaa*Q\xe9J\xaa\xdb\
\xe8\x09\xba\xf1\x9e7\xe8\xfa\xbf\xbdB\xd7\xdd\xfd\x22\xd5\
\xbb\xeby\xba\xe6\xce\xe7\xa8\xee\x1d\xcfZ\xd4\xe8\x19\xaa\
{;\xe8i\xaa{\xdbST\xf7V\x9e3\xf0\x09\xba\
]\xa3F\xb2\xfc$o\xb3\xe9\xd6'\x0c\xb2\xd6]\xa3\
\xce\x91w\xfb_o}<@\xb7\x80x\xdd-OZ\
t\xf3\x13t\xb5C\x8f\xab\xef\x8ad\xfb-\xf6\xf9n\
\x7f\x96\xae\xe5{\xaeq\xe5\x9dt\xc1\xc5\xe5\xa8\xeeM\
7\xd2\x98\x09Sh\xe5r\xf4\xbe^\xe8\xf4\xb9\x149\
@\xe6\x00\xd1\x03\xf0\xec\xc5\x06\xa0\xfb\x00\xf58@\x15\
\xab\xcdt\x0c\xf2\x80\xc4K\xfa\xc0\x7f\xbb\xf6m\x99\xe7\
\x97\xe1w\x98\xaep\x5c\x8a\x971\xd7\xe0\xbd^W\xbf\
\xbee\x17LJR\xf5\x9dz\xf6\xecI7\xdcp\x03\
=\xfc\xf0\xc3\x0e\xfek\xb1\x1e\xd8\xd3\x05\xff\xf9\xea\x87\
j\xf4\xcf,0\xff\x7f\x01\xe3?111\x08\xff\xf8\
\x83.\x8d\xf8:\x89\xbf3c\xf9\xa46\x9b\x90\x1e'\
\xa8\xafs\xab#\x19i\xddK\xa9\x05\x09\xd2\xbf\xcb\xfe\
r=\xdc'~\x93\xb2_\xda\xf8\xaf]\x1b\xf8\x7f\xd2\
\xc1?\xde=l\x9d\xa34\xfd\xdf\x0d\xffn\x7f\xcf<\
\xfb\x0c\x8f\xa5b\xf4x\xe3\x81\xf4~\xea\xcf\xf4\xfe\xd8\
\xa3\xf4\xde\xb8\x13\xf4\xf6\xb8\xe3\xf4\x0eSG^~g\
<\x7f\x1fo}vdz\x97\xe9=|N0h\xa2\
E\x1d'\x1cW\xf4nX\xc2\xbe\xfa\xb1\xc7\x15\xc9\xf1\
yH\xdd\x83\xf5\x89\xe3:\x8e\xd7\xe9\xb8\xf3i\xeds\
\x9c\xef\x91\xcf7\xf6\x04}0\xf68}42\x97Z\
v^H\x95k\xdeF\x85+\x96\xa0\xf4\xcc\x91\xb4y\
\xdd\x06\xda\xb4~=}\xcf\x98\xdf\xc9r?\xf8>\xe6\
\x7f\xc1;\xf8=p.\xf2TdA\xdb\xa7}\xe1\xbf\
l\xb92\x8a\xff\x03\xdf\xa5\xca\x94Q\xe3\x15x\x06\xfe\
\x11\xd3\x09\x1f\x0f\xfc\x7f\xf0\xf5]\xc72\xc1\x03\x0f<\
\xe0\xe0\x1fv\xa0\x1e\xdd\xba9\xfa?\xf0\x1f.N6\
\x92\x98\x9cX\xd6\x0a)\xe8x\x00\x13\xff\xcd\x9b7\xff\
\xf3\xc9\xff\x88\xffa\xf9\xbf\x16\xeb\xff\xa83\x00\xf9\x1f\
c\x07\xef\x1e~d\x8c\x17]\xfe\xd7\xe5}\x8c\xe3o\
\xe6~K\xd3fN\xa7Y\xdf\xce\xa6\x15kWS\x87\
w\x11KV\x9c\xde\xfa`*u\x1aO\x14\x9f\x92K\
MR\xb2)q\xd8>JL\xdeG\xf1\xc9\xfb\x1d\x8a\
K\xe1O\x9b\x12\x93-\x8aK\xd9g\xd3^E\xf1\xc9\
 >.\xc5\xa6dm\x9dMq\x8a\xf6\xda\x9f\xfb\x0d\
\xb2\xb65\xf3\xa4}\x8a\xe24\x8a\xd7\x96\xcd\xedM\xd5\
w\xbeW\xfeM-\xf8\xbe\xdb\x8c\xe0y \xfd7\xba\
\xe4/wQ\xd5jU\xa9\xef\xe7\x9fS\x0f\xc6]\xcf\
^\xbd\xa8w\x9f>\xd4\xb7_?\x1a\xc0\xb27\x9e+\
p\x87\xf8J\xcc\xaf\xe0\xc3x\xc6\x88\xb3F\x9c\xad\xd4\
\xef\x94Z\xbe\x8a\x18\xa3\xd3\x98\xb0\x0c\xfb\x0dr/$\
\x96\xc2S\xff\xef\xd0\x8e\xcaW(\xa7\xfc6\xc0\x7fi\
\xd6\xff1^\x11\xd3g\xe2\xbfK\x97.t\xfd\xf5\xd7\
\xd3\x83\x0f>\x18\x15\xfe\xc3\xe9\x00K]b\xf1\xa2\xf1\
\xffG\x9bk\x1c\xab~g^\xf8\x97\x1c;\xe8n\xd1\
\x92\xe4~\xe9\xa4\xe7\x84I\x8c\xb8N\x127\xaa/\x0b\
\xe9\xb9e:A\xce\x14\x12\xbdS\xfc\x7f\xfb\xf7\xed\xa5\
\x9a\x88\xff\xb1\xf1/\xfc\x1f\xf8\x17\xfe\xef\x85\xff\xef\xbe\
\x9b\xcfc\x09\xb5Bg\xd1\xc4I\x13\xa8X\x89\xd2t\
\xdb\xfd\xad\xe8\x83\x09DM\x93r(!\xf5 \xc51\
\xb5H=\xc0\xcb\xa0\x5cJL\xe3O\xa6xE\xb9\xbc\
\x8cu\xb9\xd4\x5c-\xe7\xf0\xba\x1c\xb5N\xadO\xb5\xa8\
y\xaa\xb5\x0f\xd6\xc5k$\xc7\xc9~\xea\x1ai\x1a\xa5\
\xe6:\xe7\x12\x8aO\xe5k\xb8\xae\x0f\x9c\xc7\x22\xde/\
%\x87\xef?'pLJ\xaeuN\xbeN<S\xe3\
a\xfb\xa9\xed\x88\xa3\xd4\xb6\xcf*5\xef=\xf3\xf4\x93\
4\x99\xe5\xab\x91\x8c\xbf\xb1\xfc\x0c\xc7\xdb5U\xcd\xda\
\x9c\xd2gE\xef\xe1\xa6\xfb\x1ed\xdd\x02\xdb\xbf\x81\xf1\
|\x94\xc7\xcbi\x0f\x19\xc0\xd1\xff\xdfnO\xe5\xca\x97\
u\xf8\x7f\xd9r\xe5\x1c\xfc_\xdf\xa0\x01\x8d\xe4\xf7)\
\xf8\xff\xe4\x93O\x14\xff\x0f\xc2?\xf3\x01\x91\xff\xfd\xe0\
?\x1c\xef\xf7\xea\x9f\x19\x8d\xff?\xe2\xfb\x880\x0f\xc0\
\xab_\xa2\xe0\xbf\x85\x81\x7f\xfc\xc1\x8e.\xf9\x92\x92g\
\xe3V\xf7\xd9\xcc\xfb\x91<\x1f\xb3\x06\xb4^\xbf\xdf\xad\
\x7f@\xa8\xba\xff\xa1\xeaP\xe3X\xf0\x9a\x09\x13\xc7\xd3\
\xb8\xf1ci\xee\xbc9J_\x07\xfe\xf7\xed\xdf\xcb\xfc\
\xbff\x10\xff7\xe5\x7f7\xfb\x9f)\xbfn\xda\xb8\x9e\
..V\x89\xde\xec\xbc\x84\xda\x0c?\xce\x18a\xbe\xcf\
\xd8W\x94f\xe0\xd2\xa4\xf4\x1cJ\xd4(A(\xdcq\
L\x89\xdags\x83\x12}\x1c\x9fg\xbeH\xb5\xe6\x02\
\x9d\xac\xf5\xd6oIHa\xec3\xe1\xb39\xe6\x07\x9e\
\x03>\x1c\x7f\x92\xfeR\xefQ\xba\xb9\xe1M\xf4\xc3\xf6\
\x1fh\xcb\xa6\x0d\xb4\x93u\xfe\xdd\xbbv9\xf2?\xe6\
]\xcc\xe9\xd1\xc6\x8d\x9c\x0e%\xff\x1f\x0f\xf0\x7f\xd8\xfc\
\xe1\xf3\xef\xd1\xab7\x95\xabP\xc1\x91\xff\xeb\xb3\xae?\
\xca\xc6?\xfcU\x9d:uR6\xc1G\x1f|\xc8\xc1\
\xff%.\xf8\x8f\x04sf=\x9e\xac(b\x00\xdcr\
\xef\xa3\x9d\x83\xf4\x1e\xde\xf9\xc5\x7fK\xc6?0\xa1\xf3\
\x7f\x89m;+\xe5\x7f\x9bg\xec\xcff\xf9\xbfv-\
U\xa7\x0c\xfe?]\xfe\x1fe\xf8\xffM\xdb?\xd6c\
L\xe3/-5\x99\xce+\x5c\x89Z\x0f\xdeA\xcd\xd3\
\x8f\xda\xd89\xa8p\x93\xe0\x03\xff\xee\xc4\xb8K?`\
\x91\xe2\xd3\xa1\xcfc\xe2?!\x0a\x8aW\xbc\xdd\x9c\x03\
\x0eX\xbf\xc3&\xc1\x7f\x22\xe3\xbfi\xd2~z\x97u\
\x9d\xfb\x9e\xfe\x90*3\xde\x14\x7f\x9f?\x87\xbe\x9b?\
\xdf\xe1\xdd\xe0\x13\xb0\x15!\x96\x03\xf6\xc0\x1fl\xdb\x00\
l\xb9\xba\xddX\xf2\x86t;\xb2\xc4\x0d\x88\x0d&\x9c\
\xfe_\x9au\xfe\xd4\xf4t\xea\xd9\xdb\xc2\xbf\xd8\xff\x80\
\x7f\xf8\x05\x11\xe3\x01\xfe\xff\xd1\xc7\x1f+\xfc\xff[\xc3\
\xbf\x92\xffc\x88\xff\xa5\xbf3\xfeu\xdd?+\x82\xfb\
r\xe2u5\xfc\xb7j\xd1B\xe1\xff7-\x1f\x0e\xf6\
Z7\x19\xde\x8d\xbc\xe4}\xd9\x16+\xdd\xc1K_P\
t\x88\xf5\x81\x83\xb9t\xe8\xf0A\xe6\xe9\x16\xff\x07\xfe\
k\xd7\x0e\xe8\xff\xd0\x1d\x11\xfb\xe9\x86\x7f\xc9\xdf\xc5\x1f\
\xfcX\xd0c\x11+\x8e\xb1\xf2\xec\xb3O\xd3\xc5\xa5j\
S\xcb\xa1\xbb)^\xf0\x9fr\xc07\xfe\x133r\x1d\
\x12\xfc\xbb\xad\xb3\xe6\x04\xfb\xb3\x00\xf0\xef.\x17\x04\xe3\
\xdf\x91\x05\xf876\x1d\x96Mo3\xfe\x1f{\xa3\x1f\
\x95-U\x86:w\xfe\x84:}\xd2\x89?;\xd3g\
\x9f}F\xddX\x9f\xee\xd1\xa3\x87\xf2\xab\xf7\xeb\xd7\xcf\
\xa9\xcf.\xf5\xd7\xbdz5`\x9b\xd4N\xc6sF\xbc\
P8\xfd\xbfm\xbb6\x0e\xff\xef\xd9\xbb\x0f\xeb\x02\xe5\
\x15\xfe\x81\xe7\x067\xde\xa8\xde\xad\xe0\xffc\xe0\x9f\xf5\
\xff\xc7\x1ez8\x8f\xfe\x0f}\xc1\x8f\xfdOa\xca\xb0\
\xb3E\xc2g\xfd\xd6\xff\x8d\x95\xcd\xdf\xef}-\xb3\xaf\
\x89\xf9\x0cz\x18\xf2N\x80\x7f\xc8\xff\x82\x7f\xbc\x0b\xdc\
\x9f\xd8qt\xb9\xdd\xab\x07\x8e\xb9]\x97\xdd\xdd\xbe\x87\
\xeao\x13\xae\xff\x8d\x9b\xfc?~\xfc8\x1a=f\x14\
}\xf3\xedl\x1eGV\xfc?rrj\xd9\xf8\x07\xff\
W\xb9#\xfc\x9bL\xfb\xbf[\x0d\x0a\xccC\x98W\xf0\
7d\xf0@\xba\xb8d-j\x93\xb2\x87\xe2\xd2\x0f3\
>\xb2\x15\xfe\xe3S\xc3\xc8\xef\xe9\x07\x83p\x9e\x97d\
.\x08\x9e\x0f\x12m\xfc\xab\xe3\xd3\x0f(j\xc1\xcb\xc0\
\xbd\xfa\xb4\xd7a{A\xe0\xdf\xb2m\xe4R\xb3\xe4l\
\xea8\x81\xe8\xd17\xfaR\x992\xe5h\xde\xbc\xf9*\
\xafv\xf3\xfa\x0d\xb4m\xebV\xe5\xf7\x03\x9f\xff\x8d\xe7\
K`\x18s\xf2q\xad\x06\x9b\xff\x92_\xa7\xc2\xf3\xff\
vm\x95\xce/\xf2\x7f\x19^\x06\xfe\xfb3\xfeo\xb8\
\xe9&\x07\xff\xb0)~l\xcb\xff\xff\xd6\xf0_\xabF\
\x0d\x07\xff\xa3}\xe0_\xf1G\x91\xb3C\xd4\xe1\xc8/\
\xfe\xcfd\x1fP\xbd\xdf\x1d\xe2\x1e\x80\x7f\xc4\xf9\xb5l\
\xd92\x08\xff\xbaN,\xf3\x81g\xde\xbbK]\x8cP\
\xb5q\xdc\xc8k\x9fp\xb9\xb7nz$j\x97I\xfe\
/\xe2\x7fL\xf9_\xec\x7ff\xfc\x8f~~\xf3ox\
f:\x15)U\x8b\xda2\xfe\x9b\xa5\x1dV\xb63\xcb\
\xce\xe6\x8f\xef\xebr\xbf\xf9=\x94~\x80y\xc0\x99\x0f\
\x82\x8e\xcf\xcd\x8b\x7f\xf3x?z\x89\xb21\xb2<\x91\
\x1a,W(=\x01\xf2\xff\xb0}J\xfe\x7f\xf0\xd5\x1e\
\x8c\xff\xd24\xfb\xebY\xb4r\xd9RZ\xc1\xb4f\xd5\
*\x95\xa7\xb4y\xe3F\xfa\x9e\xe7\x02\xc4^ \x06\x03\
2\xbe\xf8\xffu;\xad.\xab\x99\xb2\x9b\xd4Lr\xd7\
\xff\x8fk\xf8/\xcf\xf8\xcf\x0c\xc2?\xf8\xff\x8d\x0d\x1b\
:\xf8\x87\x9fA\xe9\xff\xf5\xea\xd1#\x0f=\xe4\x8e\x7f\
\xdb\xff\xef\x86\xbd%!\xea\xee\xeax\xf3S\x8f3\x14\
F\xcfT\xfe\x8f\x1eo\x00\x9d\x0d\xb6Y\xb1\xc9\xe2;\
\xe4\x7f\xc4I\x02\xffR\xff#\x94\x1d\xc7\xc4G\xc4\xbe\
\xdeX\xd5\xf92\xb0\xaa\x96\x05\xffv\xfc_6\xec\x7f\
\x1a\xfe\x85\xff\x03\xff\xf8\xf4\xb2\xffa\xccA7\x85.\
\x9b\x9d\x93C\xdd\xbav\xa1\xa2,\xff\xb7I\xfe\x91\x9a\
\xa6\x1dR\xbe??\xf8/P\x0a{=\xb1\xff[~\
\x87x\xd3\xc6`\xef\xa3l\x89)\x01\xdf@\xc0.\x98\
CM\x92\xf6R\xc7qD\xf7\xbf\xdc\x95J\x14/J\
\xdd\xbbv\xa5\x81\x9f\xb3\x9c\xdf\xffs\x1a\xc2r>\xfa\
\xa2\xa4\xaa^\x1d\x81\xfek\x98c\xa5\xef\x9a\x90\xf4e\
4\xfb>\xe2}@\x86\xc3\xfc\xa0\xdb\x9d\xdc\xf0\xdf\xb6\
\xad\xc5\xff\xd33\x87+\xf9\xbfL\xd9\x00\xfeo\xba\xf9\
fu>\xd8\xff\xc0\xffa\xff\xbf\xf6\xdak\xe9\xd1\x87\
\x0d\xfe\xcf\xfa\x7fX\xfc{\xd8\xd5\xb3\x22\xc0\xbf\x1f\xac\
\xc6\xa2\xf6\xa8\xdf9\x00\xb5O\x11c/}/\xa4\x7f\
\x9a\xe0\xbfU\xabV*\xfe\x07s\xb7`\x09\xe7\x87\xae\
\xecf\xcb\xf7\xea5\x19\xaa\x07\xa5W\xdfJ/\x99\xdf\
\xeb\x9an>\x05\xd1\x01\x80\xe9\xf9\xfc\xdb\x14\xfeO\x9d\
\xa4\xec}\x96\xfd\xdf\xc4?\xe4\x7f/\xfc\xe3\x0f\xb2?\
\xc6\x11\xf2\xc4\x91\xb7\xd0\xaci\x13*\x5c\xa2&\xeb\xff\
;m\xfc\xe7\x84\x95\xfd\x0b\x0a\xf7\xa23\xf8\xbf^\xb6\
M\xb6\xffQ\x1d\xcb\xcbX'\xfe\xc50\xf8\xff\xd7\x8b\
\x9fQ\xd9\xd2\xa5\xe8k\xd6\xad\x97-YL\xcb\x97f\
\xa9\xdce\xf0\xfe\x1f\xb6m\xa3\xddv,\x10\xf0\x08~\
.\xf9\xbe\xbej}\x85\xd9G\xf0\xdf\xa6M\x1b\xa5\xf3\
g\x8e\x18I\xbd\xfa\xf4\xa5\xb2\x9a\xfe\xdf\xf0\x96[\x1c\
\xff\xbf\xe0\x1f\xfc\xff\xdf\x8f<\xe2\xe0\xbff\xf5\xea\x96\
\xfd?\x8c\xfe\xef\x89\x7f\x0f\xfd \x5c<O\xb8\xbe\xf2\
\x05\xd5OTr\x1b`\x9f\x85O\x0ec_z_H\
\xef\x04\xe4I)\xfb?\xcb\xff\x15+Vt\xf0\x0fL\
\xc0\xe6\xa6\xcbm\xe1\xfc\xef\x91\xd4\x9b\x15\x92\xe3t\x1f\
~\xb4$\xf7r\x88\xef\xf5\x84\x9d\xffc\xc5\xff\x04\xf0\
/\xb1)\xe0\xff\x98\xdb\xdc\xf0\xaf\xe7\xf5\xcb\xdf\x98\xd1\
#\xe9\xc2\xa2\xd5\xa8u\xd2nj\x9az\x88\xe2Rr\
B\xea\xfc\x7f\x0c\xfeoa?>-\x98\x02sA\xb6\
\xf2\xfd'\x1a\xb1\x01\x01\x9f\x80\x8d\x7f\x96\xff\x1fx\xa5\
;\x95+[\x86\xe6\xcf\x9dK\xebV\xafR5\x0b\x90\
7\xb2\x83\xe5\xa3=\xbbw\xd3\xaf\xb6\xcc/\xfa\x7f\xa4\
2a\xe8\x1a`\xc1\xf8\xcf\x18>\xc2\xc1?\xfcU\xb0\
9\xde\xcc\xf8\x17\xff\x9f\xd2\xff?\xfeX\xf1\x7f7\xfc\
\xf7\x8f\x10\xff\xa2\xff\xbb\xc6\xfd\xfa\x88\x17\x0c\x87\xff\x02\
\xd3\xffU/\xaf\x8d4e\xf2T\x1a\xcc\xcf(\xd5\xee\
\x7f\x03\x9e\x09\x1b\xa9\xf4KA}\x9aV.\xf8?\xab\
\xf3\xff\x8f\x07\xfc\xff\x88\xff\x01\xfe\xc5\xfe/\xf8\x07o\
w\x8b\xff\x15;\x80\x8cK\x85\xff1\xa3,\xfb\xdf\xb0\
\xdd\x14\x97*\xf2\xff\xc1\xbc19\x8a\xce\x10\xfe=\xf9\
|\x80L\xec\x07\xe6\x80\x1c\x17?\xa0M\xf8m)b\
\xff\xdf\xa7\xec\xff\x0f\xbe\xd6\x93J\x97(i\xf1\xcf~\
}U--\xcc\xa7\xa8\xa9\x86q\x05\x99_\xe6V\xf0\
\x18=6\x5c\xe2\xb9\xf5\xfa\xaf\x90\xdd\xc6\xdb2\x1bd\
\xd2#<o\xe8\xf5S\xdd\xec\x7f\x82\x7f\xc8\xff\xc0\xbf\
\xf8\xff\x05\xff\x90\xe9\x05\xff\x1f}\xf4\x11]g\xe0\xbf\
\x06\xcb\xff\xdd\xc3\xe0\xbf z\x80\xfb\xf5\xc7E\xd3S\
(T_1\xf8c{\xf5\xedK\x1d\xde\xe9\xa8\xc6\xfe\
\x10\xbb\xfe\x05~;\xde\x07\xe2.\x05\xff\xf0\xff\x03\xff\
\xa2\xffc\xfcCg\x90\xf8M3f\xdf\xac\x09\xecF\
n\xb5~\xf5\x1c\x02\xf3\xbb\x8c\x17\xb7\xf3\xe81E^\
\xfbc=\xc6\x1ed\x1eeO\xb2\xf1_\xa3F\xf5 \
\xff\x9f\xc8\xff:\xfeM\xfb\x22\xd6\xe1Y \xa7\xe5\xd0\
\xa1\xc34p@\x7f\xe5\xffk3l\x97\xc2\xbf\x15+\
g\xfb\xca\x0b@\xfe\xf7o#\x8c\x1c\xff\x01\xde\xef\x81\
\xffT\x89\x01\xca\xa1f\x8c\xff\x0e6\xff\x07\xfe'3\
\xefX0\x7f\xae\xaa\xb1\x89\xfcc\xf00\xf1\xfdC\x8e\
Dm\x10\xf8\x04`;1k\x84\x9a\xf5Z\x7fF<\
\x80\x9d/|\xc2~\x07\xa1\xf0\x0f\x1b\x95\xe0\x1f\xfa\x7f\
y\x1e\xafJ\xfeg\xfc\xdfd\xd7\x05\x04\xfe1N\xc1\
\xff\xaf3\xf4\x7f\xc9\xff\x0b\xa7\xff\xc7\xba\x07P~\xf1\
\x1fn\x7f\xb7sB\xe6\x9f;w\x0e\x15.V\x94\xea\
\xdfx\x83\xfa\xcd\xf0\xcf\x8a\xbf\x158\x82=\x005\xd0\
\xa1\xc3\xb5HLT\xf5\x7f\xc5\xfe\x8f\xf7\x00Y\xce\x8f\
ln\xee\xe3\x15\x9b\x9bw{n\x1e\x8aT\xe67\xf5\
\x08\xa9=+\xf1\xbf\xfb\xf6\xffF\xd5\x19\xffO?\x15\
\x90\xff\xe1\xfb\xa9R\xc5\x1d\xff\xc2\xefq\x1e<#\xe8\
\x08\xd3\xa7\xcf\xa0\x84\xf88*\xcc\xf8o\x9d\xb4\xd3\xe6\
\xffV\xfcoH\x1b@\xbe\xf1\xefo\x0e\x10L\xbb\xe1\
?\x94\x0c\x90'\x0e0M\x8b\x0d2\xf0\x7f\xff\xcb\xdd\
\xa8t\xc9R4{\xe6LZ\xbbz\xa5\xaa\x13$\xf1\
>\xb0\xfbK\xee\x9f\xe4\xfe\xc3~\x22\xb5>\xbc|6\
\xa7\xc4\x86\x8bgn\xd4O\xf7\xe2\xff\xe5\x99\xe7C\xfe\
W\xfe\x7f^\x86\xce\x01\xfc\xc3\xfe/\xf8\x87\xfd\x1f\xf8\
\xbf\xde\xb0\xffG\x8a\xffh\xf2o\xa2\xd5\xd3c\x99\xd7\
\x07\xbb>r3\xdf\xebh\xd5>F\xcct'~\x1e\
}\xfa\xf4Q<\x106Z\xe8\x00\xb0kA\x07\x10\xfc\
\xc3\xfe\xa7\xe3\xff\xcfP\xff\x0b\xf8\xafY\xb3\x86\xea/\
\xa7\xeb\xff\xe0\xff\xa2\xff{\xc5\xff\xe9\x7fc\xc7\x8c\xa6\
\x0b\x8b\xd7\xa0\xd6\xcc\xff\xe3\xd34\xfcG\xc8\xff\x83\xfc\
\x81\x196y\xec\x93\x98\xe1_6\x08\xe8\xf5\x82\xf9\xfd\
\xc1z~>\xf0\xff\xf6\x84\x00\xff\xff\x8e\xc7\x0b\xfa+\
n\xdd\xbaE\xf1y\x89\xff\x85]G\xec~Q\xc5\x8d\
\xfa\xc8\xffS\xf8/\xef\x82\x7f\xdb\xff\x0fL#\xa6\x08\
\xfc\xbfS\xa73\x80\x7f\xcd\x06\xb0\xa4\x80\xf0\x1f\x11\xf6\
\x97\xd9\xe7Z\x92E\xabW\xad\xa1F\x8d\x1a\xa9\xfew\
\xa0f\xcd\x9a\xa9\xda\xa7\xd0\xdb\x10{\x85\xb1\x0f\x1b\x00\
r5P\xd3\x09\xf9\xffz\xfd\x7f\xe0\x00y\xde\x90\xa7\
\xc1\x07u\x19\xdb-\x0e\xc7\xb3'\x87\xcbv\xf7~!\
\x81\xfc\x81P}?\xbc\xfa\x8b\xc8\xf9\xa5\xae\xbb\xd8\x8c\
 \x1f\x8a\xfe?x\xc8 \x1a5b8\x8dc,W\
\xadV%$\xfeM\xfb\xd5\xc4\xf1cY\xff\xaf\xa9\xf0\
\x9f\xa8p\xef\x03\xffi\xa1\xb0\xcd\x18\xcb\xcc\x09P\x86\
\xc4\x00\xe5\xa5h\xf1/s\x80\xab\xec\xef\xa2\x13\x04\xc5\
\x03\xb1\xfe\x1f\xc7:\x8e\xc2\xffD\xa2\x87^\xedF%\
K\x14\xa3\xbe\xbdz\xd1\xb0\xc1C(i\xc8P5\x8e\
$\xdf\x0fx\x82<\x85w\x80q\x02\x1d\x1cq\xf8R\
\xf7\x09\x84\xef3\xec\x9c?\xf0h\xb1\x09`\x1d\xe4\x05\
/;\xa0c\xffk\xd5\x92\xf1o\xd9\xff{\xb2\xfe\x0f\
\xf9_\xf0\x7f#\xe3\x7f\xac\x8d\x7f\x9c\xfbS\xe4\xff0\
\xfe\xf5\xfc\x1f/\xfc\x87\xabC\x1bi<p$\xf9?\
1\xc5\xbf}\x1e\xd4h\x996m:U\xaaX\x89n\
\xbd\xf5V\xf5\xdb\xef\xbd\xf7^\xc5\xff\x11\xa7\x89g\x04\
Y\x09\xcf\x096\x00\xc8\x0a\xa8\xff\x0f\xfd_\x8f\xff\x85\
\x1c'5>\xcc\x9e\x1fz\x1f\x08\xd1\xf3\xbc\xfa~D\
\xda\xeb\xc6\xed\xbc^d\xc6\x92#\x16\x0d\xebe\xcc`\
| \xff\xd7\xc1\xff\xc8\xe1\x8a\x97\x03\xff\xa6\xfco\xfa\
\xffQ\xdfJ\xd5\x13d>\x07\xff\x7f\x91\xd2,\xff\x0f\
\xdbI\xcd\xf3\x81\x7f\x9d\xe22\xb2\x1d\xfc\xabe&\xc8\
\x03\xf2\x99\xe8)\x1b\xe4\x84\xc4\xbf`?j\xfc\xa7\x09\
\xfe\x0fP\xd3$\x0b\xff\x0f\xbe\xfc\x19\x95*Q\x82R\
\x92\x86\xd1\x18\xe5\xbb\x1f\xee\xc4\x86\xea9\x80\xc06\xb0\
.9\x80\xf0/\xe9y\x80n\xb5\x0aag:j\xe7\
\xff\x86\xc2\x7fk\x1b\xff\xc3\xf9\xfa=\x84\xffg\xbb\xe3\
\xbf\x8bK\xfe\x1f\xf0\x8fxe\xf0\xc0?\x02\xfec\xce\
\xff\xed\xdf\x82x>\xc4f\x97,YR\xf5K\xc1o\
\xafS\xa7\x8e\xfa\xed\xbdx\xfe\x86\x1d\x10~\x00\xc8I\
\xa8\x81&\xf87\xf5\xff\xb3_\xfe'%\x97\xba\xf1\xff\
j\xd5\xab\x86\xc4?|\x9f\xd0\x8d0\x9eQK\xaf}\
\xdb\xd6*\xfe\xafU\x92\x85\xff\xb8\xe4\x1ce\xff\xcf\x8f\
\xfd\x0f\x98\x0fE\x22\xbf\xfb\xb7\x01\x98|\xdf?\xfe\xd5\
\xb6<\xfc\xff\x005\x13\xfc\xbf\xf4\x19\x95.U\x92\x96\
/[\xaez\xaam\xdfa\xeb\xfc<\xefB\xe7\x87=\
Gt\xfe\xe8\xdb\xfe\x86\xf6\xff\xb5n\xd3\x9a*\xd8\xf5\
\xbfQ\xff\x13\xf8\xc7\xfbu\xf0?j\xb4c\xff\xfb\xac\
sg\xba>\x04\xfe\xc1\xff\xf2\x85\x7f\xcd/X\x90\xf8\
\x8f\xa8\xaeG\xd62U\xebq\x0b\xebf\x8f?\xf1_\
U\xef\xa8s\xa7N\xea\xb7\x97-S\x86\xde\xed\xd8Q\
\xe1_\xec\xe0\x98\xaf\x05\xff\xd0\x0ft\xfc\x03\x03\xb0\xef\
\xc0F\x88\xb9\x5c'\xaf\xde\x1fz\xaf\x0fs}\xa4\xdb\
\xdc\xce\x1d\xaa.\xa8\xbe/\xe4\x1f\x19\x87\xe0\xff\xf0\xfb\
<\xf5\xf4S<\xef\x0d\x0e\xc2?x\x97\x1b\xfe\xc5f\
\xa5\xffM\x9a8\x9e..QC\xf1\xff\xc4|\xe2_\
\x97\xffM\xcc\xeb:\x81e\x1b\xc8\xf6\xb6\x1f\xb8\xfa\xfa\
\xf7k\xba\x7f\x08\xdb\xbf+\xe5\xe6\xe1\xff\xcd\x86\xed\xa7\
w&Y\xfc\xbfd\xa9\xe2\xf4\x15\x8f\x19\xd44\x9d\x8b\
\xfc?\xe6\xdf\x18wz=0\xf0\x1e\xb1\x09J]P\
\xb3~\x1br\x03A\xd2s\x08\xebB\xe6\xff\x09\xfey\
\x0e\xaeP\xb1\x82\xe2]={\xf4r\xe4\x7f\xc8\xf3\x82\
\x7f\xf06\x8ck\xe0\xbf\xbeQ\xff#V\xf2\x7f\xb8\xfe\
\x9b\xb1\xc2\xff\xe2\x88\xf3\x8d\xac\xf3\xa0\x07\xc5\x95W]\
A\xb7\xdev;\xf5\xe8\xd1S\xfd\xf6B\xe7\x9fOo\
\xbd\xf1\x06\xf5e\xf9\x7f \xcf\x97\x19\x99\x994\x85e\
6<\x03\xe0\x1c\xf8\xd7\xed\x7fx\xee\x90\xa9!\x03\xa3\
\xbe\x9b\xd0\x0fZO+\x93\xbczQy\xed\xaf\x9fW\
j\xca\xcb5\xf4m\xe6~^\xf4\xfd\xf7\xfc\xf9\xfdV\
\xda\xf3\xd3\x8fA\xf9\x7f5j\xd6\x08\x8a\xff\x81\x9cX\
\xbd\x9a7\xfe\xb1\x8c\xf9\x03>\x05\xc9\x87N\x1e\x96D\
\x85K\xd7\xa4v)\xbb\x18\x1f\x87(!Y\xf3\xff\x85\
\xcb\x03\xf6\x8a\xe1spla5\xf4<`\xed\x17\xb0\
\x09d\xbb\xfa\xfeL\xd9?\xac\x0d0\x8f\x0c`\xdb\x01\
\xd3,\xdfF\x13\xc6?\xf8\xff\x03\x8c\xff\xd2\xc5\x8b\xd1\
\x00\xe6\x9d\x88\xf9\x1d\xca\xcfRj\xfeH\x9e\x9f\xc4\xff\
\xc2&\x00\xfe\x02\xc2\xf3\x96x_\xaf\x18\xe0I\x13&\
\xd0A~\xd6\x9e\xf6\x7f;\xff\xbfu\x9bV\x8c\xff\x8a\
\x96\xfc\x8f\xfc\x7f\xe0\x1f\xfe?\xc6\xf3M\x0d\x1b\xaa\xf7\
\x0a\xfcc\x8e\xfa\xac\xd3'T\x9f\xf9\xffC\xf9\xc0\xbf\
[\xdc\xcfb\xad\xd6_~z\xff\xf8\xc1\x7f4\xf9F\
\xe8;\xb1`\xe1wt\xe1E\x85\xe8\xc5\x17^\xa4N\
\x1f\x7f\xe2\xfc\xfe\x07\xee\xff\x17\xf5\xeb\xd3\x87\xfa\xa3W\
2\xbf#\xd8j\xc0\xdf\x81\xff8\xbb\xff\xc7\x9f\xa6\xfe\
\xd7\x89c\xaa\x17\xa7\xe4\xff\xc1\xfe\x8f\xb1\xa1\xec\xff<\
\x06\xabW\xcd\x8b\x7f=\x06\x00\xf2,b\x0b,=i\
\x1a5k\xda\x98\x8a\x95\xbb\x84\xda%\xef\xb2\xe2~\x92\
s\xf2\x89\x7f\x9d\x8f\xfb\xc7\x7f0\xe5\x84\xf4\xfb\xe5\x0b\
\xff\xa9\x16\xff\x07\xfe;0\xfe\xef\x7f\xa9\x0b\x95-Y\
B\xf5\x05@\xae\x0fb\xff\xa4\xee\xa7^\x03\x10>\x80\
h\xf2\xff\xc8O\xff\x0f\xc6?\xfc\x7f:\xfe\xf7\xd9\xf8\
oh\xe3\x1fs\xfc\x97\xfc\xde\xba|\xdcI\xd9\xff\x1f\
\xd2\xea\xff\xc5\x04\xff\xcb\x96*\x8aE\xff\x8f\x82\xc0?\
\xfa`|1y\x92\xfa\xbd\xef\xbd\xdd\x91\xfa\xf5\xeaC\
\xe5\xca\x94U\xbc\xfd\xceF\x8d\xa8O\xcf\x9e\xf4y\xbf\
~j\xae\x86\xdd\x06\xb9\x00\xc2\xffu\xfc\xe3\x0f\xf1\x1c\
\xd0\xa5t\x1b\xaei\xcf\x15\x92\xef^\xfb\x84\xfb.\xeb\
\xc2\xf5\x110\xfb\x0dH\xef\x00E\xdf`\xddL\xe5\x07\
\x01\xffw\xf0_\xabf0\xfe\xf9\xdd\xd7\xa8V\xcd\x13\
\xff:\x1f\x92y\x10\xf5?\x8a\x94\xa9E\xedSv\xdb\
\xfc?G\xc9\xc8\xf1R/G\xc5\x02\xe4\x86\xc1\x7f\xb6\
\x96\xeb\x9b\x97w{\xe1_\x9f'\xdc\xfd\x02\xd1\xe3\xdf\
\xdc\x16\xc0\xbf\xf5\xbb\x1c\xfe\xcf\xf8\x07\xff\xff\x961\xa3\
z\x07i\xb5\xc0!\xf3o\xb5\xf3\xff \xe3K\x0ff\
\xbd\xd6\x9bk}\x07\xf9D\xec_\x88\xbe\x00\x82\xffV\
\xad[:\xf8\xef\xcez\xac\x89\x7f\xcc\xeb\xc0\xffW\x8c\
\x7f\xf0\xff\x1b\xea\xd7\xa7\x87\x0d\xff\x1fj\x15\xf8\xc5\xff\
\x12;\xff?R\xfcGb\xcf\x0b'\xff\xbb\xd9\x17B\
\xf9\xfd\x81\xe5!C\x07\xab\xdf\x9b\x96\x9aF3f\xcc\
\xa4\xbe\x88\xfda\x99\xff\xc9\xc7\x1fW\xf6\x00\xe0\x1f\xf2\
\x1a|e\x0a\xff\xeb\xd6\xa9>If\xff\x1f\xbcK\xa9\
\xed\xe2\xd6\x87'O\xff\xb8\x08(T\x0f \xb3\xef\x8f\
\xf4\xf6\x09E\xaa\x07\xd0\xda\xd5\xaaO\xcd\xd6m[\xac\
z\xdd6\xfek\xd8\xf1?\x82\xff\xb1\x82\x7f\xdb\xfew\
\xc2\x88\xffs\xf3\xff\x8d\x1a9\xc2\xc1\xbf\xc5\xffs\xf3\
\xe0?!\xf5\x80\x0f\xfcgG\x8c\x7f]gp\x97\xff\
\xb3C\xc4\xfe\xec\xf7\xa1\xf7{\xc8\xff\x1a\xfe\x1f|\xa5\
+\x95,ZDa-e\xd80J\xe2g\x89\xe7\x09\
\x1d\x001eii\xa9J\xee\x87\xfc\xaf\x93^\xf7C\
\xaf\xfd\x01\xc2q\xc0k\x06\xaf?\xc0\xf3E\xb8\xfa\x1f\
-[\xb5P\xf1\x7f\x96\xfd\xbf7\x95\xafT\xc9\x91\xff\
\x15\xfem\xfe\xaf\xe4\xffO\x18\xff\xac\xff\x9b\xf1\x7f\xc0\
\xbf^\xff;b\xfc\x87\x91\xff\xc3\xcd\x01\x91\xc8\x0az\
l\x81\x1f\xfc\xc3\x9f\x02_\xfe\xa7\x9f~\xaa~/\xee\
\xbdK\xd7\xae\xce\xef\x07\xbe\x91\x17\x8d8\x00\x85\x7f\x9b\
\xff\xa3\x9eC3\x1b\xff\x7f\x96\xfe\x7f\xa7\xec\xf8\x9f\x03\
9\xd9\x8e\xffO\xc7\x7fu-\xfe\xd7\xecI#\xf2\xff\
\x0c\x969\xc6\xb2\x8c0\x93\x9fQb\xf3DK\xfeG\
\xfc\x0fp\xae\xe4\xff\x03\xc1\xf8\xf7\x90\xff\xe3`\xeb\xd7\
\x08\xbe\xfe<~?\x03\xb7\xc1sD\xae\x83\xff8\xfb\
\x18?\xb1\xbfa\xe3\xff\xc2\xea\xffV\xfc\xff;J\xff\
\xefJ\xa5\x8a\x97\xa0\xb9\xdf|K\x1bV\xf3|\xcc<\
a\xe3\x86\xf5J\x0f\xd8\xcez\xc0\xae\x9d;\x94\xdd\xe5\
\xd7\xdf~Q6\x17\xd4`\xb2x\xfdQ\xe5\xdbs#\
\x91\x05\x8e1)\xfe\xef\x91\x03\xe8\xe0\xbfeK\xc6?\
\xf8\xff(\x15\xff\xaf\xe2\x7fm\xfb\x1f\xe2\x7f\x81\x7f\xd8\
%\xa61\xfe\xe1\xff\x83\xfeo\xc6\xff\xa0n\xa8\x9f\xfa\
\xff\x9e|9\x9f}@#\x92\xff#\xb4\xffI-/\
\xe4I\xe3\xf7\xc2&\x86\xdc\x08,\x9f\x0b\x1f@\xd9\xb2\
\xf4\xe1\x87\x1f\xaa8`]\xfe\xdf\xc4\xfc\xb8i\xe3\xc6\
A\xfc\xdf\xab\x96\x87W\xcd\x8ep\xf5=B\x1d\x17\xb6\
\xef\x9e\xcf\xf3:\xe7\x87\xfd\xfe\xa4\x85\xffC\x07r\xe9\
\xd2K/u\xc5\xffx\x8f\xf8_\xfcn\x8c\xcb-,\
\xd3B\xb6@LA\xe7\xce\x9d\x98\xff\xd7t\xf0\x1f\xaf\
\xe4\x7f\x89\x93?\xe8\xc8\xff\xba\x0e \xcb&\xfe\xe34\
\xfc\x07\xdb\xf9\x83\xf1o\xea\xf9\x0e\xfe3s\xce\x1c\xfe\
\x93\x18\xff\x13l\xfc\x97,N\x8b\x17,\xa0\xed[7\
\xd3\xb6-\x9b\x02\xb9\x7f?\xffL\xfb\x95\x0f0\x97\x8e\
\x1e;\xa2\xe4\xae\x82\xd0\xff-\xfc\x07\xf2\x7f1\x17\xec\
E\xfd\x1f\xb1\xff\x8d\x19CI\x8c\xff\xe9\xac\xb3v\x81\
\xfd\x9f\xf1\xff\xb0f\xffC\xce\x97\xc9\xff\xcfT\xdf\xdd\
|\xeb\xff>\xae\x0b\xfe\x0f\xdf\x0bty\xfc^\xc8\xef\
x6\xf2\xfbK\x95*E\xef\xbf\xff~\x1e\xfc\x83\xff\
\x03\xffU\x8d\xfa\xdf\xc0E$=\x1b\xdd\xea\xf8\xf8\xc5\
u\xa8\xda?n\xeb\xdd\xce\xaf\xd6\xe1^\x91wn\xf3\
\xff\x83<&/\xb9\xe4\x12z\xd2\xee\xff7\xc2\xae]\
]\xc3\xc8\xff\x0b\x17\xff\x87\xfa?\x85K\xd7\xa0v\xc9\
\xbbU\x5c\x5c\x80\xff\xe7:\xb5@L\xec\xe7\x17\xff\xa6\
\x9c\xef\x8d\xff\xec\x02\xc5\xbf\xca\xff{\xb5\x1b\x95(V\
\x84:}\xf4!\xf5\xee\xde\x95z\xf7\xeaN\x9f\xb3\x1c\
9\x88\xb1\x04\x9e\x9b\x9c\x94D\xc9)\xac\x07\xa4\xa7R\
\xe6\xf0\x0c\x1a5z\xa4\x8a\x0f\xc23\x16\xb2j\xb4Y\
$\xeb\x80\xc3\xc9\x93&\xa9\xfc\xbfp\xf2?jT@\
\xff\x0f\xc2\xbf]\xff[\xf9\xff\x80\x7f\x9e\xe3gN\x9f\
\xae\xf0\xdf\x80\xe5\xffG4\xf9\x1f\xf8\xf7\xdb\xff\xab\xa0\
\xfbn\x87\x8a\xff\xcb\xe3_\xb4\xed\x00~\xf8?\xf0/\
1?\xb0\xcb\x22\xd6A\xf1\xffs\xcf\xa5\x12%J\xd0\
\xbb\xef\xbe\xab\xd6A7\x13\xfb\xffF\xf8\xffY\xfe\xc7\
\xf3\x11\xf9_\xe2\x7f%\xbe\xcb$\xafz\xddn\xf5\xff\
\xcc\xe3t\x92\xda\x82~\xc9\xad\x9e\xa0^\x03\x101\xbd\
\xb3Xn?\x8e\xfc\x7f\xe0?7G\xf5\xffy\xfc\xf1\
'\x1c\xff\xdf8\x1e'\xe1\xf0\xaf\xe6?\xd4?\xb5\xeb\
\xff%\x0d\x19LE\xe0\xff\x03\xfe\xa5V~Z\xaek\
\x0c}8\xf9\xdf\xc4\x7f(\xf9_\xb7\x13\xfc\x9e\xfc\xff\
\xc1W\xad\xf8\xff\x09c\xc7\xd1\xec\xe93h\xd6\xcc\x99\
4\xf7\xdboi\xe1w\xdf\xa9<s\xd8\x03U\x8f\xe0\
\xf5ki\xe3\xa6\x8d\xca\x06\x13\xce_,>]\xc8\x11\
'|\xd4\xff\xd5\xf1\xdf\xbbo?\xa7\xfe\x07\xf0\x8f\xf8\
\x7f\xc8\xff\xa8I4c\xda4e\xe7\x02\xff\xd7\xf3\x7f\
a\xdf\xd6\xf1\x1f\xaa\xffg,\xe3q\xa3\xc9\xffw\x8e\
\x0f3\x87\xe4\xe9\xe5\xc92\xab\xe0\x1fq\xb1:\xfe\x8b\
\x17/\xae\xf0\x8f\xe7\xa5\xe3\x7f\x03\xf8\x7f\xd3\xa6\x0a\xff\
:\xff\x97\x1e \xaa_\x1b\xbf\x1f\xd4\x03\x06\x89\xfef\
~7\xd7\xeb\xdb\xcd\xefn\xfb\xe5\x87t\x9dRzP\
)\xfd?7[\xd9\xff\xd1\xff\xcf\xac\xff\xe1\x86\x7f\x95\
\xbb\xc2\xac?;'\x9bR\x99\x97}>\xb0?e\x0c\
\xcf\xa4\x17_z\x9eJ\x96\xbf\x94\xda\x0c\xdb\xa1z~\
\xe8\xf5r\xf4\xba\x19\x11\xc7\x01*L\xe7\x8d\xfd\x8b\xf7\
\xc8\x0d2m\x82ns@s\x83<m\x7f\xb8\xe7\xb4\
\xd0\xf6\x7f\xc5\xffU\xfeO7*S\xb2\x14e-Z\
B?l\xd9\xcaz\xe6&\x85]\xc4\xee`\x9c\x01\x87\
\xd2\xff+\x1a\xdb\xd1i\x1f\xf9?\xad\xda\xb4R1\x7f\
\x19#GPO\x96=\x82\xea\x7f\xdex\xa3\xf2\xd5B\
\xdf\xb5\xf2\x7f:\xa9\xf8?\xdd\xfeg\xe2?\x9a\xfc\x9f\
X\xf1\xfe\xfc\xd4\xff\x89\x84\xff\xc3\xd6\xa7\xe3\xff\xbd\xf7\
\xdeS\xbf_\xf0/\xfe\xbf\xa6\xac3\xe8\xf5?\xff,\
\xf9\x7f\x96\xfd\xaff@\xfe\xb7sU\xaai\xfe?\xdd\
\xfe'\xe3\x10s\xc2\x11\xd6e\x0f\x1d\xb1\xf8\xff\xe0\xc1\
\xfd\xa9\xa8\x8a\xff\xd9m\xe3?P7'l=\xee\x10\
\xf9\xfa\xe0\xfd\xae\xf8\xcft\x8f\xf3\x89\x16\xff\xaes@\
\xaa\xdd/\xc8\x05\xffq\x1a\xfe;\xd8\xf2\x7f\xa9\x12\xc5\
h\x0e\xf3\x8bu\xcc\xe7W\xad^A\x1b6\x04\xe7\xff\
J\xddO\x89\x05\xd6uG\xf94Ix\x8b\x9f\xfe\xbf\
\xc0?x~\x06\xe2\x7fY\xfeW\xfd\xbf\xf6\xedU\xf8\
\xbf\xd1\xce\xff\xc3;F\xfc\x7fg;\xfe\xef\xd10\xf2\
\x7f\xb4\xbd\xb7\x22\xd1\xfb\xa3\xb5\x15Fz\x0f\xa2\xff7\
aY^\xf0\x8f|\x1f]\xfe\x87\xfe\xef\x8a\x7f\xe6\xff\
z\xfc\x1fp\x80\xf3!^\xcb\x94\xef\xf3\xe6\xee\x05\xe7\
\xea\xe9\xdf\xdd\xea~\x84\xab\x13\xe2V\xfb\xc3k\x7fY\
\xa7\xe7\x22B\xaeC?9\xd5\xff;{\x9f\x83\x7f\xc4\
=\xbb\xe1\xff\xb8\x8b\xffO\x09\x01\xda_zZ2\x15\
+[\x9b:\xa4\xed\xa1\xb8\xb4\xbc\xfc??\xf8\xf7\x8a\
\x03v\xcd\xf3\xc9\xd0\xf0\x9f\xa6\xc7\x0f\xed\x8f\x09\xfeU\
}@^o\xe2\x1f\xf9\x7f\xc5\x8b\x16\xa1\x0fX~\xfc\
\xb4\xd3\xc7\xd4\xe9\x93\x8f\xec\x1e\x00]\xf3\xd4\xff\x17\x9f\
 |L\xf0\x09\xba\x11\xc6\x9f\xf8\x02\xc1\xb7\xa5\xce\xba\
_\xfc\xf7d\xf9\x1f\xf8\xc7xU\xf5?\x1a6t\xf0\
\x8f\x9c\x0d\xf8\xc0\x1a\xd4\xaf\x1fR\xfe?S\xf8/\x88\
:\xa0\xae\xfc\xdf\xc0?\xe42\x1d\xff\xc8\x07\x12\xfcg\
\xd8\xf1\x7f\x82\x7f\x1cc\xe6\xff \xfe\xf5W\xbb>\x0b\
\xc8\xac\xe3\xe2'/\xcf/\xb9\xe5\x18\x86\xa2P\xd7\xc5\
=\x1e\xb3\xf5\xff\x5c\xf0\x7f\xad\xfe\xbf\xe0?\x5c\xfd\x1f\
\x1c\xff\xf3\xcf?)\xbf\xd6\xd1\xc3G\xa8w\xcfnT\
\xacLmj\x9f\xfac\x1e\xfe\x1f\xe8\xcf\x97\x1ba\xfc\
\x1f/\x1b9\xc0\xf1\x11\xe1\xff\x80\xed\x1bD\xbe`\xec\
\xf0\x1f\xef\x82\x7f\xc5\xffY~\x9c6\xf5KZ\x8e\xf1\
\xb7l\xa9k\x0d\x10\xbc\x03\xa9\x01*q?n\xba\xa2\
\xf8\xfed9d\xfdO\xc9\xffo\xd7\xc6\x92\xffm\xfe\
\x0f\xf9\x1f\xe3p\xa0V\xffC\xf0/\xfc?Z\xfcG\
\x9b\x93\x17-vc\xa1\x07d\x19\xf2?\xb0\x80\x9c_\
?\xfc\x1f\xf8\xd7\xf3\x7f\xff,\xfd\x7fsX\xff\x87\xfd\
O\xc7?\xc6\x09t\x1d\xaf\xf8?\xc9\x1b\x1c5v4\
%3\xdf\x9f8q<\xbd\xfc\xc2\xb3T\x02\xfe\xff\x94\
\x1fU\xfd\x1f\xd5\xff#\x9c\xed/\x04\xdfO4m\x80\
\x99\xfe\xf3\xff=\xf3\x09u\x1d c_`\x0eH\xcb\
\xb1\xee\xd7\x8c\x032\xeb~\xd9\xf2\xbf\x83\x7f\x9e\x1b\x9a\
\x0ee\xfc\x8f\xb5\xed\x7f%K\xb0l5\xc7\x89\xe1\x92\
\x98?\xc9\xb9\xd6k\xff\x16D\xff\xef6mZSY\
\xc6\x7f\xda\x88\xe1*\xfe\xa7l\x85\xf2\xaa\xef\x08\xe2\x7f\
nd\xfd\x1f\xefu\x88\xed\xff\xfb\xd4\xf6\xff\xeb\xf8\x87\
\xcc\xd7\xcdG\xfd\x7f/|-\xf6a\x87\xcfO\xbd\xde\
\xfc\xd6\x17[\x02\xfe\xbfy3\xbd\xf5\xd6[\x16\xfe\xf9\
\x9d\xe8\xfa?\xf0o\xea\xff\x12\xff\x8f9\x03\xfc_\x8f\
\xff\x83\xfd\x1f\xb9T\x88\xbdE\x8d\x06\xa9\xdd\x80O\x89\
\xd9\x95\xf5^\xebL\x0a\xb7=\xd4\xb9\xa4n\x84\x90\xbe\
^j\x13B'@\xbe\xb9\xaa\xe9K\xa7\x14\xfe\x11\xff\
c\xca\xffUC\xc4\xff\xeb}\xc0\xe4o\xe8\xe0\x81T\
\xa4d\x0dz;\xed\xe7<\xf8\x8fF\xee?\x93\xf8O\
L\xcd\xf6\x8d\x7f\x9d\xff\xa3\xc6q\x13\x1b\xff\x0f1\xfe\
K\x16/\xa6\x9e1\xec\xe5\xb05AnE\x0c0b\
6\x11w\x02\x9b\xfe.\xbb'(\xc6\x11l\x01R\xef\
\xd9\xadf\xdb~\xad\x0e\xf4I\x1f\xf6\x7f\xc4\xff\x97a\
\xf9\xdf\xc2\x7f\x1f\xb5\x8c\xba\xc3\x82\x7f\xbcW\xe0\x7f\x86\
\xe6\xffw\xc3\xbf\x99\xff\xef\x17\xab\xd1\xf6\xfd\x89\x86\xff\
G:/\x08\xfe7k\xf8\xc7\x9c\xac\xf3\x7f\xc8\xff\x82\
\x7f\xc8\xffR\x03P\xf0\x0f\xfe\xaf\xdb\xff![!O\
S\xf26\x1d\xda\xbd+\xf8\xbbK\x9e\xa7\x9e\xef\x19j\
\xbb\xb9_(\xd2\xf7\xc5'\xf8\x0eH?~\xa7]\x87\
^\xe5\x93\xda\xf1\xbf\xc8\xffw\xd3\xff\xe13\xf4\xd6\xff\
\x83\xffR\x92\x93X\xfe\xafEo\xa7\xffl\xc9\xff\x06\
\xff\x8f\x14\xff\x09F\x8c\xaf\x15\x07\x10\xda\xff\x17\x15\xfe\
\xd3,\xec7O\xcb\x09[\xff+\x08\xff*\xae\xc1\xe6\
\xff\xe3,\xf9\x1f\xf8\xef\xd2\xa5\x8b\xd2)ARO\x0a\
\xe3\x09\xb2\x15\xe2\xab\xa4\xef\x9f\xe4\x01\xa2.0H\xf2\
\x01%'p8S&/g\xda\xdf\xf7j}gB\
\xc5\xff\x97\xa9`\xe1\x1f\xf5\xbfJ\xb3\xfc\xff\x0b\xcb\xb8\
\x83 \xff\xdb\xfc\x7f\xa8\xed\xffW\xf5\x7f\x8c\xfa\xbf\x98\
\xf3\xbbv\xed\x1au\xfd\xafH\xfa\xeb\xfe\x9e\xf8\x17\xf9\
?\x14\xfe\xf1~t\xfc\x8b\xfc\xff\xa7\xc9\xff\xb3\xf1\x0f\
\xfe\x8f\xf8\x1fS\xff\x07\xfea+\xf4\x92\xffaW\x9e\
:\xe3+\x1a?y\x22\xcd\x9a3\x9b\xe7\xd4W\xa9T\
\x85\xcbX\xff\xdfC\xcd\x10\xef\x97\x12[\xfc\xc7e\x84\
\xf7\xffG\x83\xffD\x0d\xff\x09~\xf8\x7f\xaa\x86\xffT\
\x1d\xff\xdd\xa9l\xe9\x92\xca\xb6*9\x17\x9b\xed\x1c@\
\xa9\xfd\xa9\xfb\x00#\xa9\x01\xa8\xe6\x5c\x1f\xfa\xbf\xe2\xff\
\x15\xca;\xf2\xbf\xc2?\x8f\xf1\xc1<\xaf\xdfh\xfb\xff\
L\xfc\x9b\xfe\xbf\xdf\x1b\xff~\xe2\xff\x22\x9dKdy\
\x91\x8d\x7f\xb1\xffE\xc2\xffM\xfc\xab\xfa\x1f\xac\xe3M\
C\x1d7\xe4\xde\xa9\xbc;\xa6\xafA\xc8\xc7\x9b\x15\x94\
\xbf\x17J\x967u\x06/\xbd\xc1\xcc\x1b\xd4\xbf\xeb\xf9\
~f^\xa0\xd2Ox\xff\xe9 \xbe\x16\x9e\x89\xf4\xff\
\x82\xff\xef\xb2Kj\xd33\x86\xfe\x8f\xb1`\xf2\x7f\xbd\
\xfe\x0fd\xd2\x95+V\xd0\xb2\xa5Y\xb4u\xcb\x16j\
\xc7\xbc\xa7x\xd9K\xa9\x83\xc2?\xe2\xff\xb3\x03\xb1\xff\
\x9e\xbd\xb6s\x03\xfdv\xdcbu2\xb2\x83x~^\
\xfc\xe7\x86\xac\x03n\xc6\x15\x05\x9f{_\x9e\xf8aS\
\xfeof\x90\x8e\x7f\xfc\xae8\xd5\xff\xdb\xb2\xff=\xf2\
Zw\xab\xff\x0f\xbfw\xe9!\x89\xbc0\xd8\x01\x10g\
\x0e\xb9\xcb\x9c\x03t\xff\x9f\x19\x9f\xad|\x7f\xc6:\xaf\
\x1e\x92\x8e\xfe\xdf\xb65\x95\xafh\xdb\xffl\xf9\x1fc\
\x1cr\x07\xf0?\xc2\x05\xffn\xfc_\xe4\x7f\x89\xff)\
\xc8\xd8\x9fh\xea\x7fF+KD\x83\x7f\xa9\xffa\xe2\
\x1f\xcf\x1d\xb2\x15b\x03\xd1\x1f\x18v\x85\xcd\x1e\x04\x9b\
#lA \xbd\x1e\x87\xacs#\x1c\xe3E\xb2\xdd\xeb\
z\xc87\x05!\xd7I\xa7\xf5 \xbe\xdf\x9d;v8\
\xf8G\xfc\xdf_.\xbd\x84\x9e\xd5\xe2\xff\xbd\xe4\xffP\
\xf1\xbf\xc9IC\xa8H)\xcb\xff\xd7,\xd5\xaa\x8d\xab\
j\xe4$\xe7\x86\xc0\xff\x01\x0f\xfc\x87\x8f\xd9\x15\xfc\x87\
\xe3\xf7 \xc1o8\xfc\x9b~\x00\x7f\xf8\xdfK\xedm\
\xfc\xc3\xfe\xd7\x9bq\x87\xf1\x03\x82>%\xbe>\xd4\x01\
\xc1\xa7,\x9b\xf5@\xdc\xf2\x01S\x98\xb0/\xb6gk\
yg\xa1\xf8\x7f\xc5J\x95\x9c\xfa\xbf\x82\x7f`\xfe\x86\
\x1bnP\xef\x16\xfa\xbf\x17\xfea\xf3E]<]\xff\
\x8f\xc8\xce\x96\x8f\xd8\x7f?\xf1\x81\xd1\xe8\x07\xa1\xf0\xef\
f\xff\x07\xfe%\xfeO\xf8?\xec7\xe2\xff\xd3\xf5\xff\
\xb3\xf9O\xc5\xff\xdb\xf8\xbf\x8c\xe5\xffg\xb4\xfe\xdf\xe0\
\xff\xc8\x05\x0b\xa5\xff\x83o!\x7f\x1d6,\xfc\xf5\xea\
\xd9]\xe9\xff\x0a\xff)V\xfd\x0f\xe1\xff\xa1u\x80\xdc\
\x88\xb1\x1f\xc8\xff\xc9\x89\x08\xffA5@\xd3\xdd\xf9\xbf\
N!\xf1\xcfsW3\xe1\xff\xfc\x98\x1ea\xfd\xbf\x0c\
\xcb\xff\xc8'\x07\xefG\xcdN\x8c\x1b\xcc\xc3R\x07D\
\xf7\x03H\x1f\x06<C\x9d\xf4\x9e\xbf\xb9\xda\xf2)\xad\
\x07s(\xfb?\xf0\x8f\xfc_\xa5\xff\x97\xb7\xe4\xff$\
\x9e\x83\x1a4h\xa0\xde-t\x01/\xf9_\xf0\xaf\xcb\
\xff\x05\x15\xfb\x17.\xf67\x12\xfe\xef\x17\xff\x92\xff\x87\
X\x9eP\xf8\xd7\xf5\x7f\xbd\xfe\x97\x9e\xff\x8b\xbf\xef\x7f\
\xf8\x81\xe6\xcc\x9dK\xf3\xbf\xfb\x8e\xbe[\xb0@\xd5\x15\
\x02-\x5c\xb8\x80\xe7\x9a\x85\xca\xce\x0e\x92\x1a\xafz\x9d\
W\xdc\x0b\xec\xc4b+\x96e\x9d\x1c\xbd\xca^\xf6\xcc\
\x832\x8e\xc9s\x0e\x5c\x03\xbd\xcc\xed~\xc6\xebX7\
\xd5\xe5\xffK\xd0\xff\xcf\x8e\xff\xc3\x18\x09\x15\xff\xa3\xe7\
\xffN\x9e:\x95y\xcdp\xfab\xcaTz\xf5\xb5W\
X\xff\xbfT\xd5\xff\xb1\xf0\x9f\xeb\x0f\xffi\xb9Q\xf1\
\x7f?\xb5?C\xe1\xdfK\xfe\x0f\x87\xff\x84\xb4\xbc\xf2\
?\xf8\xff\xc3\x8c\x7f\xc8\xff\x16\x8f\xb1\xe44\xe9\xf3\x03\
\x9f\xb1\xf4\xfc\x88\xaa\xf6\xbf\xed\xff\x0b\x8b\xff\xb6\x16\xfe\
3!\xff\xf7\x0a\xe8\xff:\xfe\x87\xd8\xf9\xbf\x9d\xec\xfe\
?z\xfe/\xc67\xec\x97\x82\x7f\xf0\xbe\x82\x96\xffc\
\x19'\xe47\xff\xd7\x0d\xff =\xfe\xc7\x0b\xff\xba\xfc\
\x8fw\x0b\xff\x8e\xaa\xada\x93Y\x07\xc4\xad\x1e\x88\xfe\
]\xaf\xeb\xa1\x93Y\xfb\xc3\xac\x07\x12\xaeF\x88Y/\
D\xeeo\xd5\xca\x95\xb4m\xcbV\x03\xff\xb5\x5c\xf1\x1f\
\x8a\xff\x8b^j\xc5\x11\x11\xcb\xb9\x83\xa9(\xf3\xffw\
\x10\xff\x97r\x88\xe2\x93\x0f8\xf5\xbf\xf4y b;\
`\x0c\xf0/s\x80w\x1f\xa0\x9c\x88j\x80\x05\xf9\xff\
X\xfeo7\xee4=\xfcz\x0f*]\xa2\x98\xb2\xb5\
\xa3^G\xa6\xd6\xe7\xdb\xac\x03\x8e\xbai\xf0\xcf\x8a\xdd\
G\xff\x14\x1f.\xfc\xb5S\x990\x06\xb1\xeeX\xa8\xfa\
\xdfZ\xff\xaf\x0a\x95+S\xdap\x1b\xff\xcc\xff1\xc6\
\x05\xff\xb8\x1f\xf1\xff#\xff\x07\xf5\xbf\xf4\xfc_\xc4\xb7\
\x02\xff\x22\xffG\x82\xffh\xf0\x18\xc9\x1c\x11\xab\xbe?\
\xc0\xbf\xe4\xff\xe2\xd9\x88\xff_\xf0\xff\xc1\x07\x1f\xa8x\
)S\xff\xc7\x9c\xa1\xcb\xffg\xbb\xfd?\xd8\xfewI\
\x1e\xfc{\xf9\xff\xbd\xf4\xff\xcc\x8c4*R\xba\x06\xbd\
\x93\xbeG\xf5\xc6\x8c\xb3\xeb\x7f\x06Q\x14q\x00\xa1\xf5\
\xff?\x02\xfem\xfe\xcf\xf8/S\xa28\x0dg\x8cM\
E\xdc5\x8f\x1d\xc4\x02\xc0N\x0b;\x1a\xfa\xc8A\xf6\
\x82L\x06\xfd\x00\xb1#2'\xc3N\xa8\xf3\x10|\x07\
_Y\xc9\x9f\xd8\x0f\xf5\xa7N\xfa\xcd\xff\xe31*\xf8\
/U\xae\xac\xaa?\x9e<l\x18\xd5\xaf__\xe1\x1f\
\xb6\x80\x19v\xfc\x8f\xd9\xffG\xf8\xbf\xd4\xff>\x13\xf8\
\x0fu.<'?r\x80\xdf\xeb\x9b\xf8\xd7\xf3\x7f\xdc\
\xf0?\xd9\xae\xff\xbb\xce\xc5\xfe\x87?\xc4v\xa1\x87\x83\
.\xd3[r~@\xde\x17\xf9_H_\xef\xd6\xeb\x01\
\xe4\xf5]_\x1fn\x9d\x1c+z\x80\xac\xc3\xfdb<\
\xc1\x9e,\xf8\xbf\xb4v\xed\x90\xf8w\xab\xff\x838\x15\
<\x1f\xe9\x93\x82\xfa\x9f%*\xc2\xfe/\xfd\xbfr\x9d\
\x9a_\xe1\xea\xff\x84\x8c\xff\x8d\x81\xfe\xef\xd4\x15r\xe9\
\x03\x14i\xfd\xcf\x80_\xf0\x80\xf2\x016\xb1\xf5\xff\x87\
_\xefI\x15\xca\x94V\xba\xd6\x8e\x1f\xb6[5\x7f\xec\
\xdc?\xa9\xfb\x09Y)\xe2\xb8\xbf\x08\xe2\xffP\xff\xab\
|\xe5J\xca\xff\xd7\xbdgO*Y\xa6\x8c\x1a\xe3\xc0\
\xffu\xd7_\xafdZ\x9d\xff\x9b\xf5?\xdc\xf0_P\
\xb2\x7f4\xfdz\xf3{\x0fn\xfc_\xf2\x7fC\xe1\x7f\
\xbdm\xffs\xc3?p\x8c\x1a\x80\xb0\xf7\xe0S|?\
2w\x85\xd2\xd7\xbd\xf0-$s\x84>gx\xcd+\
&\x99v\x07Y\x06\x1f\xda`\xe2\xff\x92\xda\xf4\x94\x9d\
\xff+\xf6\xbfp\xfc\x1f\xfe+\xf8\xb5\xf1\x0cr\x0f\x1c\
P\xfd\x7f\x8a\x96\xadI\x1d\xd2v\xdb\xb5\xf1l\xfb_\
j\xde\xfa\xbfy\xf4\x80\x10\xfd\xfd\x12=j\xfbF\x83\
\xff\x04\x0f\xfcG\x84}'/\xd8\xae\xff\x99\xb4_\xe1\
\xff\xd17zS\xb9R%\xe9\x0b\x96\xf1\xe7\xa3\xb7\xcf\
\xbcy\xea\xdda\x0c\xacZe\xd5\xff\x87\x0fFb\x82\
17\xc0\x1e\x08\x1dRz3\xe9\x84m\xbb@\xfc\x8c\
\xf1\xfd\xa4\x0f\xfb\x9f\x85\xff\x8a\x0a\xff\xdd\x14\xfeK\xab\
c\xe1C\xa8\xc7X\x87O\x01\xb5\xed\xbf\x9c2\xc5\xc1\
\xbf^\xff\x17\xf8G^\xd0\x99\xe2\xff\xfe\xfc\xffV\xdf\
\x8e\xac%Kc\x86\x7f\xd4\xf2\x16\xfc#'\xcb\x1d\xff\
\xe9\xaaN\xf07\xdf\xccb\xbc\xacU\xf5?\xfeL\xf2\
\xff)\xfb\xfe\x0f\xa8\xf8\x9f\xda*\xfe\x0f\xfe\xbfP\xf2\
\x7f(\xff\x1f\xea\xff^\x5c\xaa\x9a\xaa\xff\x8f\xf8\xbf\x84\
a9F\xedO\xf7\xfa\xbf\xf1v\xfd\x8fx\x8f\xfa\x7f\
z.o \xf7?\xdb\xc9\x07\x8a\xf3\xf4\xf3\x9b5E\
\xf2_\xfb#X\xfe\xb7l\x9a\xc2\xff\x1f}\xb3\x97\xaa\
\xff\xdb\xa5\xf3\xa7\xaa\x86<j\xff\xf4\x1f\xf09\x0d\x1a\
<\x90\x92\x86\x0dU\xb5\x7fR\xd3RT\xed\x9f\x91\xa3\
\xd0cy\x94\xb2\x0b\xa0\x1e\x8bEc\x14\x8d\x19;\xda\
\xa21\xa3\xd5{\x00\x0e\xa1\x87\xc27\x10.\xff\xafy\
\x8bD\xaaP\xa9\xa2\xb2\xc9\xa2\xfeo\xc9\xb2\x16\xffO\
MIQ\xbd\xbe\x80\x7f\xd8'\xa0\x9fH\xfd\x9f\x07\xef\
\xbf?H\xff\x07\xfe\x81\x09\xd8-\xc2\xf1\xff\xc5.5\
x\x97\xe4s\x0ep\xd5\xff\x0b\x08\xff\xb0\x8dz\xe1_\
\xd9\xff4\xfc\xc75m\x92\xa7\xff\x8f\xd8\xfft\x1b\x9f\
^\x9fW\xb7\x09\x8a^'\xa4\xeb{n\xf5{\xddl\
\x81\xa1\xec{\xfa\xf5L]\xd2\xd1'\x99 \xa3lc\
\x1e\xa4\xf8\xbf]\xff\xa3\xb6\x81\x7f\xa9\xff\xe1\xc5\xff\xf5\
>\xd52\x0f\x22\xfe\xb7p\xe9\xea\xd4&y\xa7\x85\x7f\
\xcd\xfe\x1fJ\xff\x17\xfc\xab\x9a?\xcc\xf3-\xbcf\xe7\
\xe9\xfd\x19\xd4\x0f,Sr\x82}\xe2?\xa8_X>\
\xeb\xff\xa4\xe7h\xf8\xb7\xf5\xff\x09\x01\xfd\x1f\xf5\xbfQ\
/f=\xbf\x0f\xc9\xfb\xc38\xf9\xf5\xd7_h\xdf\xfe\
}V\x0d\xc0\xa3\xa8\x01\x18\x99\x1e\xe0'\xff?\xb1y\
B\x90\xfd\xbfT\xd9\xb2\x8a\xc7!\xd6\xa0\x1e\xeb\xfa\xe1\
\xf0\x8f\xf1-\xfc\xdf\x0f\xfe\x97\xb8\xf4\xf8Y\x12\x81m\
\xdf\x1f\xfe-\xfe\xaf\xe6\x80\x10\xf1\xbf\x91\xe8\xff~\xf0\
\xaf\xec\x7f6\xfe7\xae_\xc7\xfc\xbf1U\xacP\x81\
~\xb5\xf1\x8f?\xc8s\xa6-W\x8f\xe9\xd3{\xbc\xba\
\xc5\x00\xea\xf1~\xfa~f\x1c\xa0\x19\x13\xe8\xd6\x1b\xc0\
\x8d\xf4\xbc$\xb9'\xdc\xefr~\x16\xa7l\xff\xbf\xb2\
\xff_b\xe5\xff\xe9\xf1?\x90\x05\xc7y\xd4\xff\xc4\x1f\
\xfcY\xa8+\x00\x9b\xd2\xc4\x89\x93\xa8I\xe37\xa9D\
\xf9\xda\xd4f\xd8v\x95\xff\x13\xef\xb3\xffO\xbcV\xff\
K\xc7\x7fP\x8do\x97~\xa0\xd6\xbc\x90\xfb\xbb\xe2\x1f\
\xf6\xbf\xc6I{m\xfd\x9f\xf1\xcf\xf2?0#s\xaf\
\xc4\xffB\xd6\xdf\xf3\xe3\x1e'\xfe\x0f\xb6\x13\xa9\xc1\xa4\
\xcf\xa9z\xbc\xafI~\xf0\x0f\xfe_\x89y8\xea\xff\
\x22\xfe\x0f\xfc\x1fc<\xcd\xc0?l\x93\xb0\xff\xa1\xfe\
\x7f\x10\xff\xb7\xf1\xaf\xf3\xffP\x18=3\xf8\xcf\x0a\x89\
\xffh\xec\xff\xe8\xe5\xe9&\xff\xa3\xfe'\xf0\x8f\xb8\xad\
\x00\xfeg;\xf2?z+J\xff\xef?\x85\xfd\x1f\xf9\
\xff\xd9\xfb\xe9\xd2K/\x09\xaa\xff\x1b\x0e\xff \xd8\xb2\
 \x93b\x1e\xc0_Fz*\x15-\xc5\xfc?\x89\xf1\
\x9fvH\xd9\xff#\xe2\xffAd\xd4\xf97\xe5\xff\xcc\
\xec\xc8\xf0\x1fB\xfe\x8f\x06\xff\x09\x06\xffW\xf1?o\
\xf4T\xf1\x7f\x93yN\x5c\xb0\xc0\xb2\xb7`\xcc\xae^\
\xb5\x9ae7\xc4\x88nQ1\x9f\x92\x0f\x8cq\x04\xbb\
\xa0[\x0e`\x8e\x96\xf7't\xc2\x87\xfe\xdf\xa2es\
\x1b\xff\xe8\xff\xd1\xdb\xc1?\xf8\x7f\xdd\xbauU\xec!\
r\x01\xd1O\x0c\xfc\xff\xc6\x06\x0d\xe8\x81\xfb\xee\x0b\xe2\
\xff\xa8\x0b \xf8\xf7\x8a\xff\xf7\x8b\xffh\xfc\xfbA\xdb\
\x97I\x5c\xe1\xd2 \xfcG\xebk\x10\xfc'$$8\
\xfc\xdf\xcb\xfe\xe7\xf8\xff\xed\xfa\x7fqM\x9b\x06\xe1_\
\xfa\x7fK\xad\x0d\xb3\xe6\x86^\xb7CH\xb7\xed\xc8\xa7\
Nf\xfe\x9e\xe4\xf0\x99\xb6!\xb1\x19\xc99\xdd\xecG\
\xe6u\xf5\xf3\xa3\x1e\xb5\xe0?\x87\xf1o\xe5\xff?\x9d\
\xc7\xfe\xefU\xff\xc3-\x86\xe5\xab\xaf\xa6\xaa\xfe\x7f\xc0\
\x7fB\xdaA\xc5\x1b\xa5\xff\x87\x17\xfe\xe3\x84\xd2s\x22\
\xa3\x0c\xc9\x09\xcau\xc5\xbd\x97\xfd\xcfK\x0e\x88\x0c\xff\
\xb9\xca\xa7a\xe5\xff\xe7:\xfe\xbf\x87^\x0b\xe4\xff\xc1\
\xa7\x84\xb8\x12\xa9\xf7#}@\x90\xfb'\xb1\xbf\x12\xf7\
k\xd6\xfc\x09\xf4\x00IV\x94\x9c<\x8c22\xd3y\
\x8e\xd8\x1f6\xfe\xb7e\xf3D\xaa\xc2\xf8\x1f1j\x14\
u\xb3\xe3\x7f\x90\xff\x9b2,\x99\xae\xba\xea*\x15\x07\
\x80\xfe\x84\x13\xf8\xbdv\xe5\xfblx\xe3\x8dt\xbf\x86\
\x7f\xd8\xb7?a\xb9 \x1c\xfeM\x0cJ\x0dN}\x0e\
X\xac\xd5\xe7\x8f:\x0exYV\xb0\x1e\x90\xcfX\x82\
\xa8\xf0\xcf\xcf`\xa3\x0b\xfe\xf1\x07]\x1a\x18\x91\xbaZ\
f}/\xa9\xbf\x05?\xb0\xe4\xdf\xcb\xb2\x99\xa3\xaf\xe7\
\xef\xebq B\xe6\xf1~\xc8\x89#a\x99_\xea\x8d\
\xe1>\x17\xcc\x9f\xef\xe8\xff\xc0?\xf2\xff\x9f\xd2\xe2\x7f\
\xbd\xf0\xaf\xcb\xa3\x88e\x83\x8c\x0b?\x06\xe2\xdd\x10\xff\
[\xb4l-j3\xf4\x07\x85\x7f\xd8\xff\xc3\xc9\xffn\
\xf8\x07O\xd7)\x14\xfe\xe3\xd3\x83\xe9\xcc\xe1?7\x0f\
\xfe\x1f|\xb5+\xcb\xff%\x94\xcc\xbc\xda\xf6\xdbK\xde\
\xbf\xd8\xfb%\xef\x1f<\xde\xac\xffg\xe2Z=g:\
\xa5\xe8\xd4i\xde~*|\xff\xaf\xe6\xac\xffW\xa9R\
\x99F\xf2\xfb\x83\xfc_\x81\xf99\xf4\x0c\xd4\xfd\xbd\xe2\
\xf2\xcbU_\xd2\x81\xcc\xff\x81\xff\xde={\xd2-\x0d\
\x1b\x86\xc4\x7f\xa4\xf1\x7fy\xf0\x1fe=\x80`\xfc\xdb\
>\xfe%\xf9\x9f\x03\xfc\xe2\xdf\x91\xff\x19/\x88\xdd\x90\
\xfe?\xc0\xff\x9f\xa5\xfe\xa7\xf4\xff\xc9\xd9\xbf\x8fj\xdb\
\xfd\x7fB\xe1\xdf\xd4G\x11\xff\x8b\xe7\x89\xe7\xb3b\xc5\
Jz\xb7\xe3\xdbT\xb8T\x0dj\xcd\xf8W\xbe\xf1\xe4\
\xec\x88\xf1\xaf\xf0\x1e\x0a\xf7\x1a\x8e\x83\xfb~\xfa\xf3\xff\
y\xdb\x01r\x22\xc2\x7f|\x10\xfe\xf7+\xfc?\xa0\xf0\
_\x92\xe6\xcc\x99\xeb\xd8d\xa5\xe6\x07d/3\xf7/\
\xd28\x80\xd3\xa7}\xd8\xffX\xff\x07\xfeG\xf1\xfb\xeb\
\x89\xfe\x9f\x95+\xd1\xdcE\x0b\xa9\xfd\xbb\x1d\xe9J\xe6\
\xff\x82\x7f\xf4\x13@\x1f\x80[o\xbe\x99\x1e\xf8\xd7\xbf\
b\x86\xff\xc5\x1e6\xc1\xa8}\xff\xcbd\xfdR\xc7\xfe\
\x1fk\xfc\xeb\xfd?\x04\xff\xaa\xe7\x9a\x16\xff\xa7\xf0o\
\xc4\xff\xe1\xfd\xa1~\x9b\xe8n ,GJ\xa2\xff\x85\
#7\x9dP\xae\xe9\xf7\xda\xa2o\xe6\xf0\xb2\xe0\x1fy\
e\xe0\xff\xd2\xff\xd3\xaf\xfco\x8e\xdf\x89\x13\xc6\xd1E\
%\xaa\x05\xe1?\x9c\xfe\xaf\xe3?\xde\xb6\xff\xc7k2\
@\x9c\xb1l\xf6\x06\xf8]\xf0\xef\xf44\x08\x8e\xff\x03\
\xff\x87\xfe\x0f9\x1f\xb2#j|H~\x9f\xe4T\xeb\
\x04\x9f\x9fWo\x07\xbd_\x03\xde\x01\xe47\xcc\x1b\xe1\
\xe4\x7f\xe0\x1fct$\xfa\x7f\xf4\xecME\x8b\x14\xa1\
\x8b.\xbeX\x8d\xed\x06\xf5\xaeS\xb5\xff\xd1\x8f\xe4[\
\xc65\xe2\x93\xc1\xff\x1f4\xf0/\xfd\xefp\xcf:\xfe\
\xfd\xf0\xeb\x98\xe3\xdf%\xfe7\x16\xf8\x17\xfb\x9f\xaa\x8d\
\xca\xcf\xc3\x0d\xffR\xffK\x97\xffu\xff\x1f\xfe\x10\xe3\
\x83y\x12\xefR|\xb9z\x1f\x17\xb3\xaf\x8b\xfe]\xde\
\xaf\xd9\xf3E\xb6\x99\xbd@\xbc\xfa\x8a\xf8\xe9\x13\x22\xe7\
\x1ek\xf7\xff\xc0{=!\xfa\xff\xfe\xc8\xf0\xaf\xdb\xff\
0\x17\xc2\xb6p\x94\x97\x93\x86\x0ef\xfe_\x9dZ\x0e\
\xd9\xce\xd8\x80\xfd?\xdb\x8a\xfd\x0bU\xffK\xcb\xff\xd1\
\xf3\xf9\xe3]\xc8\xe1\xfb\x19n\xf5\x80|\xe2\xdf\xa8\x01\
\x92\xbf\xfe\xdf\x07\xa8\xa9]\xffK\xc5\xff\xbe\xd2M\xf5\
\xff\x9e\xca\xfa\xdeB\xc4`\xb1\x8e%5\xc0$\xd6\x17\
r\x01|F\xf0\x0b\xc2/\x00\xbd\x009B ,\xeb\
\xa4\xf7\x01A\xed\x00\x89\x1dt\xed\x13u\xc2\xea'\x9e\
\x98\x10GUa\xff\xe3w\x08\x0c\x97c\xfd\xbfl\xa9\
\xb2T\xe4\xa2\x22tC\x83\x06*\xf6\x0f}\x88V\xad\
X\xa1r\x14\xc0\xff\xf5\xf8\x1f\x1d\xff8G~\xe4\xff\
X\xe2_\xaf\xff\x1bK\xfe\x8f\xf1+\xfd\xff\x04\xff\xe8\
\xff\xe7\xca\xff\x0d\xfb\xff\x9f\x22\xffW\xe4\xff\xda\xb5\x15\
\xfe\xc1\xbb\xe0\xcf\x0b\x87\x7f\x89\xff\x85m\x03|b\xea\
\xd4/\xa9M\xeb\x96\xaa\xfe\xb7\xc2\xbf\xf4\xffV\xf6\xfd\
0\xf8w\xc9\xff5y\xbf3\x07\x18\xbd\x7fc\x85\xff\
\x88\xf5\xff \xfc\xef\x0d\xe0\x9f\xe5\xffE\x8c\xfd\xef\xb7\
nU$\xb5\xd60\xce$\xff/_:\x9bW\x9f\xb8\
\xe36\xff\x8f\x8f\xa3j,\xff\xe3\x9d|\xde\xefsz\
\xf6\xd9g\xe9\xf0\xc1\xc3\xaa\x1e\xcd\x1dw\xdc\xa1\xb0\x0f\
\xdb?\xe2?\xd3SS\xe9\xf6[o\x0d\x8a\xff\x15\xfc\
\xc3v\xa9\xe3\xdfo\xff\x9f\x82\xc2\x7fH\xdbc\x14\xf1\
?\x82\x7f\xf0r\xa7\xff\xa7\x9d\xff\xeb\x85\x7f\xf4\xff3\
\xed\xff\xe2\xff\x12\xd2\xfd7\xf8\x84\xcc\xe6Fz\xadG\
7\xf2:\xce\xeb\x1c~\xf6\xc1=\xedc\xb9_\xfc\xcf\
\x8e\xfe\x9f\xbd_\xf9\xff\xfd\xf0\x7f\xd3\x17-\xcf\x01\x7f\
\xe3\xc6\x8eV\xfc\xbf\xf5\xd0\x1d\x8c\x93\xc3V\xfd\x8f4\
\xff\xfc\xdf\x0d\xb7^\xf8\x0fU\xff;?\xfc?l\x1e\
Pz0\xfe%\xff\xb7\x9d]\xff\x1f\xf1?\xe8\x1d\x0f\
{{\xaaf\xe7\x97\x98j\xc8^\x90\xd9\xc4&,\xb6\
]3V\xc4\x8c\xed\x98;w\xae\x9a;<\xf9\xbf\x8d\
\xff\x16\xcd\x99\xffW\xa9\xc4\xd7\x84?a8=\xfc\xd8\
c4y\xfaW\xd4\xe1\xfdw\xe9\xf6\xbb\xeeT\xbd\x1d\
\xe7\xcd\x99\xa3b\x93\x86\xf3\xf8\xbe\xb3Q\xa3<\xfc\xff\
\xe3\x8f?\x8e\x1e\xffv\xff_\xa1H\xf1\xefV\xf7?\
\x1c\xce#\xed\xff\x83z\x0c:\xffG=\x04\x1d\xff\xa6\
\xfe\xaf\xdb\xff\xf0|t\xfc\xe3\x9cb\xff\x97\xbe\x1f\xfa\
\xb2\xde\xf3C\xc8\xec\xcd\xe7\xd5\x0bP\xce\xe3E\xe6y\
\xe5\xdc\xb2,}@\xf4m\xe8g\x0e]\x00\xcf\x88T\
\x1f\xafS\xca\xff\x0f\xfe/\xf6\xbfP\xfc?T\xfc\xef\
\xf8\xf1cY\xff\xafJm\x92vF\x86\xfft\xff\xf8\
\x0f\xea\x09\x1e\x0a\xff\x19\x05\x83\x7f\xa7\xd7\xb8\x1d\xfb\x0f\
\xfc7c\xf9\xbf\xed8\xf8\xff\xba\xab\xfe?\xa3\x117\
\x8fzl\x8c[\xf0\x0e`Wr\xc4\x80#\x8c\x19\xf8\
\x8d\xe0#\xd0\xe3=\xf5\xbc?\x15\xab\xc9:\x83\x10\xb6\
\xf9\xc1\x7f\xf3\xe6\xcd\xa8J\xe5\x0a\x94\x92\x9cJ\xe3\xc7\
M\xa4\xa7\x1e\x7f\xc2\xc1\xf6s<\xbf#\xeeo\xf1\xa2\
\x85\xb4\x8e\xcf7\x9a\xf5\xd6\xbf\xddu\x17\xfd\xeb\xde{\
\x9d\xf1\x0f\xfd\xf6\xa3\x8f>R\xf8\xc78@\xfd\xb8H\
\xfb\xff\xf9\xad\x07\x18I\xde\x8f_\xfc\xfb\xe5\xff\xcd\x9b\
7W\xbf9g\x7f\xb6\xb2\x83\x06\xfa\x7fY\xfc\x1f|\
P\xf2\x7f\x80\x7f\xf4\xff\x8ek\xd6L=\x9f\xb3A\xfe\
7\xe3\xc9\xdc\xfb\x7fY\xfa?\xea\xff\x0a\xfeu\xfe\x8f\
\xf8\x1f\xf0+\xb7\xfe\x7f\xf8\x84=\x11<\x0b\xf3\x09j\
\xde4o\x1eO\x85KVU\xfe\xbf8\xc6\x7f\xb3T\
-\xfe/\xe2\xbc\xdf\x9c`;\x80Y\x0783\xc7\xb5\
\xfeW\x9c\x9e\x17\x009\xc1#.\xc8\xb7\xfe\x1fT\xfb\
S\x9b\xc7\x14\xef\xd7\xea\x7f\x8f\xb7\xf0_\xbaT\x09\x95\
c\xb5\x8b\xf5\xf9\x9dZ\x9c\x0f\x9e\x95\xd4\xfd\x8fv\xdc\
\xf8\xe9\xff\xa7\xf8\x7fe\xe6\xff\xac\xdb\x8f\x19=\x96>\
x\xef=\xea\xde\xa3\x07\xbd\xf4\xd2K\xd4<.\x8e\x16\
\xd9y\xa9\xc0\xff\xf8\xb1\xe3\xe8\xce[o\xa7\xfa\xd7\xd6\
s\xe6\x88\xa2\x85\x0b\xd3\xc7<\xfe\x81\xff\x0c\xc6?\xea\
ZJ\x9eZ\xac\xf1\xeff\xd3\xf3\xc2w\xa4\xf5\xff\xc2\
\xe1\x1f}\xd2\xf1{s\xb3s\x94OD\xef\xff\x07\xfc\
C\x0f\xd6\xf9\xbf\x8e\x7f\xf8\x0c\x84\xff\xab\x1ex</\
\x9b}<\xc5\xaf\xeb\xd5\xd3\xcd\xad\x9f\xb7\xa9_\x87\xea\
\x05n\xf6\xfe\x0e\xd5?\x5c\xeeC\xefS*\xf7g\xe2\
_\xf7\xff\x01\xff\xb0iz\xd9\xff\xf0[\xa1\xdb\xc2v\
\x05}\xa2O\xef\x9eT\xa8X%\xc6\xffv\xc5\xff\x9b\
\xe9\xfe\xff(\xf0\x9f\xa0\xf3\xff\xcc\xbc\xfd\xc0\x03\xf8\xcf\
\xcd\xd3\xfb\xcf\xe9\x17\x96_\xfc\xa7Yv~\xb1\xf7\x07\
\xe3\xff\xa0m\xff\xdf\xaf\xf0\x8f\xf8\xdf\xb2,?N\xe6\
1\x03\x8c\xa1\x1e\x14\xb0#\xbc\x1e\xf5Z\xcc>@\x98\
\x1b\xa4g\x14H\xfaH\xe9\xfd\xa4\xb0\x0ft6?\xfd\
\x7f\x9a\xdb\xf8\xcfd\xf9?5%M\xc5\x01\xfc\xe3\xbe\
\x7f\xd2e\x97_\xael\x02s\xe7\xcdQu\xa9V\xb3\
L1k\xc6\xd7\xd4\xaeU[z\xb7\xc3\xbb\xf4\xccS\
\xcf\xd2\xb3O?G\xffa}\xe1\x83\xf7\xdfW\xf6?\
\x8c\x7f\xc4\x8e \x8e1\xda\xbe\x1b\x91\xe6\x03\xe5\x17\xff\
\xe1\xce\x8f\xf7\x01\xf9\x1fu\x12\x0a\x15*\xc4:\xf0I\
e\x07\x05\xfe\xcf?\xff\x02\x85\x7f\xc8\xff\x0e\xfe5\xfe\
\x1fo\xe0_\xec\xff\xf0\xf1\x00/\xc0\x8a|\xea$\xf9\
]\xbam_\xb7\xc9\xbb\x91\x97\x7f \x5c\xdfo7\x9b\
\xbf\x90\xdc\x1f\xe4:\xe4\x00\xaby\xc6\xae\xff_\xcb\xf6\
\xff\x9b\xfc\xdf\x0d\xff^\xf1\x7f\xd0\xff\x0b\x15\xafd\xc7\
\xff\x1dV\xd8\x88\xcf'\xfe\x1d\x1d $\xfeuy!\
 \x03\xe4\x07\xff\xce~z\x9db\xad\x86\x19j\x1b\x00\
\xffV\xfc\xef~\xbb\xff_w*S\xbc\x98\xdd?g\
\x00}\xde\xbf\xbf\xb2-aN\xc5xB\xdc\x9f\xd4\xfd\
\x97\xba@x\xceB\xfa\x98\x91\xbc?`\x16\xe3\x10\xef\
\x0f\xbef<\xfb\x90\xfe\xbf\x84\xa6T\xad\x8a\xc5\xff\x95\
\x0e\xc0\xe3\xaem\x8b\x96\xf4\xca\xf3/\xd0\xb73\xbfV\
\xb1\xec\x8a\x97\x83\x0fn\xdcD\xdd>\xfb\x94\xea][\
\x97not+\xddx\xd3\x0dt\xfd\xf5\xd7S\xfb\x0e\
\x1d\x94O<\x93\xaf\x0b_F\xb4\xbc?\xcbG>\xa0\
\xdf~a~\xeb\xff\x85:\x0f\xb0\xbadI\x96\xb2\xc9\
6\xb1\xeb\x7f\xa1N\xc3{\xefvt\xe4\x1f\x10\xfa\x7f\
\x0b\xfe'\x87\xc0\xbf\xf9\x1e\xcc~\xadz?p\xb7\xbe\
n^\x84\xf7,\x04\xfb\xa2\xfe]\xb6\x9b\xfb\xb9\x91\xbe\
\xaf\xde\xf7;\xd0\xff; \xff\xeb\xf8\xc7\xd8\x94\xfe_\
^\xf8\x07a\xddv\xe6\xfd\x98O\x7f\xfd\xf57\xea\xdd\
\xab\x07]T\xaa\x9a\x85\xffT\xc4\xff\xe7\x84\xad\xff\x1d\
5\xfe3\x83k\x7f;~\xc3 \xfe\x9f\x93o\xfc;\
x7\xf1\xafr\x7fl\xf9\x7f\x98\x95\xff\x8f\xfa\xffe\
J\x97b}\x7f\x1em\x5c\xbfA\xd9\x8c\x90\xebo\xd6\
\x00\x14= \xe2\xfa\xff\xa1\xf2\x7fD\xffOl\xa6\xf8\
?\xf2}\x80\xff\xf4\xb4t\x9a\xc0s\xc0\x97,\x93\xa0\
\xe6\xe7\x9c9\xdfZ\xba<\xd3\xb6\xcd[\xa9C\xbbv\
Ac\x1f\xd4\x81\xf1?\xd8\xaea\x16m\xffO\xa7\xdf\
F\x14\xf6\xffh\xec{~j\x01\xe1w\xaf]\xbb\x8e\
:\xbc\xdf\x91\xfe\xf1\xaf{\xe9\xbe\x7f\xfe\x93\x9e\x7f\xe1\
9z\xf4\xd1G\xe8ow\xdfM\xf7\xdd{\x9f\x8a\x91\
n\xc7\xcf\x04q\xdaA\xf6?\x1b\xff\xb0\xff\xeb\xf8w\
\x93\xddC\xad\x0f\xf5\x0e\xbdH\x7f\xf7\xba\xfe\xedF\xd1\
\xf8\xff\x94\xfd\xaffMe\x1f\xf2\xc3\xffe\xdc\x1e\xe0\
q\xfc\xd5\x8c\x194q\xd2$\x9a;g.\xb5Ld\
\xfd\xbft5%\xff\x03\xff\xcdRr|\xe5\xff\xe8\xf3\
@\xa0\xde\x87\xed\x97\xcb\xccq%\xaf\xf8\xbf\xf0\xf2\xbf\
w\x1d\xc1\xb0\xfa\xbf\xd1\xffO\xe9\x05\x0a\xff\xac\xffO\
\xb4\xe5\x7f\xc6\xff\x1c\xd8\xd7\x91\xff\xbbn\x9d\x92\xf7%\
\xfeO\xf2}$\xf67b;\x80\xcd\xfb\xdd\xc6\xd1\xb1\
\xe3G-\xfc'\xc43\xfe+2\xee\x19\xff<\x07d\
f\xc0\xef0\x9a\xbe\x984\x99\xa6O\x9f\xa1\xc6\xb2\xd4\
\x84B\x1c\xc2`\xdb\xf7u\xc1\x05\x17\xa8O\xc8\xbf\x1f\
\x7f\xf4\x11\x0d\x1e0\x88\xbe\x9a252\xecG\x98\xff\
\x1f\x0e\xff\xba\xed?\x12\xfd\xdf\xebZ+X\x0fC\xff\
\x9f\xb2\xe5\xcbQS\x1e\xab3g\xcdb\x19l\x04M\
b\x1e?\xfd\xeb\xafi\x1e\xeb9\xc8\x81o\xd1\xa2\x85\
\xca\x93\x92\xf8\x1f\xb1\xff\xc7\x19\xf8\xc7\x1fl\xb3\xc0\x8a\
\x1e\xe3\x13*\xae\xc7m\xbd\x9b\xec\xefv\x1e3\xee\xc7\
\xaf_\xc0\xf4/\xe0<x\x1e\x0a\xc7\xa7\xed\xf8\x9f\x1a\
5X\xff{&\x8f\xfe\x8fO/\xfd\xdf\xe4_\xc8\xff\
+T\xbc2\xb5\x15\xfe\x9f\xea/\xff7X\x0e\x08\xee\
\xebsf\xf0\x9f\xe3\x1b\xff\xd6~\x81\xfa\xdf\x09\xa8\xff\
e\xe3\xff\x11\xc6\x7f)\x96\xff;w\xfeT\xf5\xfe\x92\
\xfc\x1f\xc4\x97a^\xc5\x98\x92\x98@\xf0\x16\x91\xff\x03\
\xf5?\xc6\x06\xe9\x90\xf8D\x1e\x1f\xde\x07\xe4\xd0#,\
\x0b\x9e\xf6\xe0#\x8e\xfd/1\xc1\xb6\xff\xd9\xf8\xb7e\
9\x8c\x03\xf8\x19\xc1\xcf\xc5\x0f\x01\x9f\x02\xfc\x01\xb0\xf9\
\x9dw\xdeyN\xfeo\x9f^\xbdh\xf2\xc4/hy\
\xd6\xb2\xc8\xfbk\xc5\xb8\xffO\xa8\xfa\x7f~\xed\x06\x01\
\xde\xbf\x96F\xb1>\x05\xbd_d\x1d\xe4:\xbe\xf8\xf2\
\xcb\xce\xf7\x8b.\xbaH\xd5\xff\xc5\xfb\xd2\xf1\x8fx\x09\
%\xffW\xac\xe8\xe0_\xe4\xfcp\xf2|(Y\xdd\xac\
\xfd\x1e)\xe9\xb5\xe2\xddH\x8f\x01\xd0\xe3\x85\xb1\xfe\x84\
\x16\xff\x03\xfc\x83\xff\xeb\xf5\xbft\xfc\x9by\xeaA\xfe\
\x7f[\xee\xb0\xea\xffT\xa5v\xc3v:\xfc_\xaf\xff\
\xeb\x86\xffx!;\x7f\xc7\xec\xeb\xe9\x85\xff@?\xd0\
\x5c\xd7\xde\xdf\xce\x1c\x91'?(\x7f\xf8\xd7\xfb\xff\x09\
\xfe\x1b\xdb\xf8\x87\xfe\x8f\xf8\x9f)\xcc7\xe7\xcf\xff\xce\
\xca\xff\xe5\xb1\x07\x1e\x81\xb1'\xf6?\x89\xe7\x83N\x80\
\x9c\x00\xb1\x01\xe6\xb1\xfb1\xfdl\xf7\x91\xc7w?\xf5\
?\x83\xf0\xcfs\x8d\xe0\x1f\xe3X\xf0/\xfa\xbc\xe2\x87\
\xbc\x5c\xb1|yg\xfcc\x1c\xa06\xd8\xb2%\x8c\x9b\
%\x91\xf7\xeb\xfc=\xf0\xef\xd7\xee\x0fy\xe7\xd3\xcf>\
U\xbf\xf3\xdf\x8f<J\x17\x9c\x7f\x1e?\xe3\xbd\xca\xc6\
\xa2\xec\x7f<\x07B\xfe\x81\xffS\xf0\xaf\xfb\xff\x13\xe2\
\xe2\x82\xfc\xffg{\xfe\xbf\x1e\xff\x8b\xfa\xdf\xcf?\xfb\
l\x9e\xf8\x1f\x91\xff\xf5\xfa\x9f2\x07`\xfe\x81\xdc\x84\
\x98\x82of\x7fC\x09\xcd\x9aP\xd1\xb25\xa8\xed\xb0\
\x1d\xbe\xf1o\xe6\xffD\x8a\xff\xbc\xfe\x82\xd0\xdb\xfd\xc8\
\xffA\xe7\x0b\x83\xffxU\xff\xc3\xaa\xff\xa3\xe2\x7f\x18\
\xff\xc0\x98\xd4w\xc2\x98C\xce\xbf\xf4\xfe\x10\x1d\x00s\
3x\x87g\xde\x9fM'E\xdf\xb3)\xac\xff\x8f\xf1\
_\xa5REe\xffC\xec\x11j\x8d\x8d\x1a=\x92&\
}1\x91\xa6M\xff\xca\xe1\xff\x82\x975\xabV\xd1[\
o\xbcA\xb7\xder\x0b5\xa8_\x9f\x1a\xbf\xfe\xba\x8a\
\x0d\xcaZl\xe7\xdcDX\xf7\xaf \xf0\x1f\x0b\xff\xbf\
\xf8\xfd\xdel\xd2X\xf1\xff\xb6\xb0{0\xde1\x17\x83\
\xe7\xe9\xfe?\xc1?d4\x89\xffG\xfe\x7fb||\
\x10\xfe\xf1\x87y\x1d\xf2\xb4\x1e\xf7c\xca\xe7^q=\
zl\x8e\x9e/\xac\xe7\x0d\xcbr\xa8\xfdt\xd2\xf7\xc3\
\xf1&\xc9~N\xffo\x1e_\xfb\xec\xfc\x9f\xe7\x9e{\
N\xd9=\xa5\xfe\x17\xf0\xaf\xf3\x7f\xd3\xd6\x80\xf1\x8bg\
!\xf1\xff\x83\x07\x0d`\xfd\xbf\x06\xb5O\x81\xfd\xff\x10\
\xe3#\xdb\x89\x93\x09\xf2\x9d\x85\xaa\xff\xe1R\xdf\xc7\xcd\
\xfe\xe7\x97\xfc\xd7\x15\xcf\x8b\xff`9\xc0\xc2|\xa2F\
V]c[\xfe\x9f`\xf5\xffE\xfe\x0fz\xc1\xc0&\
*y\xbfz\xcf\x1f\xc8]Q\xe9\xfeZL\x87\x1f\xfe\
/5\x04\x84\xffc\xdc}5-\x18\xff\x82\x0d\xe0}\
\xf3\xba\xf5\xb4y\xed:Z\xbfr\x15\xad`\xdc/\xd3\
r\xfaC\xf5\xd3\x8cu\xddo\xbf\xf8\x8f\xf4^$\xee\
\xef\xfe\x07\x1fT5~ \xe3\x03\xf3\xf0\xc3\x0e\xd2\xe2\
\xff\xc4\xff\xaf\xe7\xff \x06\x12\xf2?\xf0\xaf\xe7\xff\xe0\
\xb9C\x96\xdem\xd7g\x95\x9a\x1bf\x1d\x10\xbd\x16\x88\
Y\x13D?\xce\xad\xc6\x87^/\xc4\xab\x0eH\xb8s\
\x98\xb5E {\xe2\x9eD~\x09\x85\x7f\x8c\x1d7\xfc\
{\xe5\xff!\xff\xb7C\xea\x0eJD\xfc\x9f\xe0\xdf\xae\
\x03\x14\x09\xfe\x03u>\xdd\xe3\xfe\xe22\xb2#\xc6\x7f\
|\x98\xfa\xff!\xf1\x9f\xe6\x8e\x7f\xd48\x0a\xe4\xff\xa1\
\xfeGQ\xea\xd3\xb7\xaf\xe2\x1fz\xef?\xdd\xef'\xf5\
\x95\x82\xfd\xb9y\xf3\xb9t{\x10dw_\xf5?\x13\
\xe2\xa9\x0a\xec\x7f\xe9i\xea\x9a\xe0a\x0e\xfe\xbf\x9a\x96\
\x87\xff+~m\xf7\x87Z\xce\x9f\x8a\x96\x86\xc7\x7f\xac\
\xfaz\xe4G\xfe\x8f\xe4\xde\xb0\x0d5\xfcQ\x03\xbdF\
\xf5\xea\xd4\xf9\x93O\x14\xe6\x81\x0b\xc9\xff\x03\xfe\x8b\x15\
+\x96'\xfeW\xc7\x7fU\xad\xff\xd7Y\x9f\xffc\xdf\
\xbf\x89\x7f=\xfe\x176*/\xfc\xc3\xa7\x09\xf9\x07\xe3\
i\xe3\xc6M\xf4i\xe7NT\xa4tMj\x97\xfc\x03\
%\xa6k\xf8\x0f\xd7\x038\x0f\xfe\x03\xd8\xd6\xfd\x7fz\
\xec\x7f \xce\xcf=>82\xfe\x9f\x131\xffo\x9e\
f\xd7\x00I\x11\xfc\x9fV\xf1\x7f\xa8\xff\x03{\xbb\xc4\
\xed\x03o\xf3\xe6\xcdS\xb6\x00=\x16h\x1d\xf3\xdbM\
\x9b7\xd1\x96\xad\xe8\xe5\xca\xb4m\xabE\x1e=`!\
\xa7\x86\xca\xff\x0b\x92\xffm\xfc\xeb\xfc_\xd7\xff\x83\xf0\
o\xdb\xed\x1d\xbc\x15P\x0f\x9fX\xf7\xff\x8et\x1e\x90\
z\xfc\x18\xd3u\xaf\xbe\x9azt\xeb\xe6\xf4\xff\x18`\
\xe7\xff\xbb\xe1_\xf8?\xf4\xff\xe6\x89\x89\xaa&\xae\xf4\
\xbb\x04~\xc2\xf9e\x7f/2\xe3\x03\xbd\x08\x7f\x90g\
j\xd6\xacI/\xbc\xf0\x82\x83\x7f\xe1\xff\xe0U&\xfe\
\x85\xf7\xc3\x87\x0d\xb9\x0a\xb9*x\xc6\x1f\xbc\xff\xae\xe2\
\xffm\x92\xb6\xd9\xf2\xff\xfe\xe8\xf0\xaf\xdb\xf0\x8c\xbc\xfd\
3\x85\xff\xbc\xb6\xc0\x10\xf2?\xf2\x7f\xc6Y\xf8\x87\xfc\
\x8fX\xffm\xdb\xbeWz\xbf\xf4\xff\x90\x9c\xab\xfc\xf6\
\xff\xf3\xa5\xff\xa3\xfe\x7fZ\xaa/\xfc\xa3_\xef2\xa3\
\x8e\xd7\xd2?\xd8\x1c\x10)\xfe\xdd\xae\x01\x1b,\xfc\xb2\
\x17\x17.L\xb7\xdc|3\xf5\xe9\xdd\xdb\xa9\xff\xd9_\
\xc3\xbf\xc4\xffAv\xd3\xe5\x7f\xe4m#g\xa8\x8a\xc1\
\xff\xddbuu\x9c\x84\x8a\xff\xcd\x0fy\xc5\x16\x1f\xb7\
\xb7\x89o/\xdc\x1c\x81\xbf_~\xfdY\xcdk:\xfe\
\xe1\x8b\xc2:7\xfc{\xc9\xff\x93'O\xa0\x8bKT\
\xa6\xd6I?\xa8\xfc\xdf\xb8\x94\xec\xb0\xf6?\xc7\x0e\xe8\
\x92\xf3\xe3Z\xdb\xdb\xc4\x7ffh\x1fa\xf8\xf8\x1fw\
\x1d\xc1$\xc1|\xb0=\xf0\x80\x92\x0b\x1aK\xff\xef\xd7\
{Q\xd9\xd2%-\xdd1-\xdd\xf1\xf1I\xef?\xf1\
\xcd\xa2\x96\x07\xf2&\x90[\x03<\xba\x11\xc6\x1c\xe6\xd5\
i3f(\xdc\xe2\xfb\x91\xc3\x87=\xdfi\xa0\xfew\
\x1cU\x16\xfd?-%H\xffw\xc3\x7f,d\xfa,\
\x9f\xf9\xbe\xbf'\xfe!s\xc1\xfe\x05\x9c\xdf\xf3\xf7\xbf\
S_\xbb\xe7'\xf8\x7f\x7f\x83\xff\xc36`\xe2\x1fr\
.\xf0o\xf2\x7f/\xbbm\xd4s|,s\x80<\xf2\
\x08\x84N\x9c<\xe1\xe0\x1f\xbc\x1e\xf8\x97\xf8?\xe8\x9d\
\xe1\xf0\x8f\xdf\x7f\xe4\xe8a\xca=`\xd5\xff\xcd\xccL\
\xa5\x8b\x18\xff\xad\x86~o\xf7\xff\x8a\x0e\xff\xe1\xea~\
\x15\x14\xfeC\xe5\xfc\xeb\xf8w\xeeY\xd5\x00\xb3\xeb\xff\
\x02\xffo\xf4\xa6\xf2\xa5J\xa9\xb8Y\xe4\xd8O\xb2\xed\
\xc2&\xde\x91\x0f(}\x00\xdd\xecW\xaa\x8e\x96\xdd\x13\
\xea;\xbbo\x13\xd6\x1d\x0d\x91\xff\xe7\x07\xff\x88\xe5\xf7\
\x83\x7f3\xee\xe6l\xc7?\x9e3b\xb1F\xf2s\x00\
\xce\x1f~\xe8!\x07\xff&\xff\x07\xfe\xd1\xff[\xea\x7f\
\x9a\xfc\x1fr2l~^u\x98t\xbe\x0a\x7f/\xe6\
\x9c\x19\xf6\x1cn\xf6\x07\x08\xd7\x07@\xcf\x03\x0fu\x8c\
\xbe\xcfW|\x0d\x8c\xb9\x95+V\x84\xbcG\xeb>-\
\xfc\xff\xfc\xcbO\x0a\xff/\xbe\xf8\xa2\xe3\xff\x03\xff\xd7\
\xe5\x7f\xb7\xfc?\xc8\xb3\xe3'\x8c\xa3\xb4\xf4T\x9a8\
i\x22?\x9f\xa6T\xb4L5j9d\x1b\xc5\xa7[\
\xf8\x8fO\xc9'\xfe3\xa4\x16\xb8\x87\xfe\x1fn\x0e\x88\
1\xff\x0f\xbag\xbb\xfe?\xec\xff\xaa\xfe\xc7k=\xa9\
B\xe92\xb4d\xd1b\xd5\xfb\x0f\x04{\xab^\xf7/\
Z\xdb\x7f\xb8\xfa\x1f\x82\xff\x84\xc4fT\x89\xe5\x7fU\
?85:\xfc\xff\x11\xf9\x7f~t\x7f\xe0\x1fX\x84\
\x1d\x168\x7f\xf2\x89'T\xedS\xb3\xfe\x9f_\xfcK\
\xbd{/l\x89]\x1d:\x07\xe4?=\xceOb\xbc\
\xf4\x1c\x0f\x9d\xb0?\xc8\x5c/d\xe6\x89H^\x91\xc4\
\x8f\x8df\xc2\xf1\xb8v$\xf8\x07\xafG\x8e\xa8)\xff\
c.\xf0\xca\xffW:\xc7\xa9\x13N\xec\xe9\xe8\xd1\xc3\
\xe9\xe2\x92U\x98\xff\xff\xa0\xe1\xdf_\xfco\x5c\x9aG\
\xce\x7ff^\x9f\xc0\x99\xc0\xbf9\x17\x98\xf8\x0f\xea\xff\
+\xf8\x7f\xbd\xa7\x92\xffa\xbb\xff\xe6\x9boi\xce\xb7\
s\xf2\xd8\xfd\x10\x17\x0c\xbf l\x03\xf0\xc3H}w\
\xdd?\xa3\xd3N\xdb_\x03;\xc2q\x1f\xf6\xbf\x84\xc4\
8\xaaT)\x80\xff\x8c\xcc\x8c\xb3\x0e\xff\xd1\xf4\xfd\x0c\
\x19\x93`\xe7\xfcI\x9f\x8f\xe7\x9e}\xd6\xb1\xff\xc1\x7f\
-\xf5\x7fE\xff\x07\xfe\xe1\x13\xd0\xf1\x0f\x1f)\xec\xff\
\xb0\x93\x83\xef\x85\xc2\xd6\x1fE\xfe\x0f\x97o \xf3\x94\
\x8e\x7f\x91\xff\xa5\xffW$\xfa?\xfc\x7f\xe8\xff\xd7\x0a\
\xf9\xbf\xa9\x87U\xff\xaf\x04\x87\xff\x1f\x8c\x8c\xffg\x84\
\x97\xe7\xf3\xc4\xfaed\xe7\x89\x1f2\xeb\x89\x84\xf3\xff\
\xe7\x91\x03\xf4\xd8_#\x17\xc8\xe9\xff\x01\xfc\x8f\xb3\xf8\
?\xfa\xffu\xfb\xec3eS\x1e0`\xa0\x13\xf7\x0b\
<J}\x7f\xa9\xf5\x8f\xe7,$\xdbd;\xe6]<\
\xfb\x11<\x97\xe3\x13<D\xc6]8\xff_\xe5\x8a\x15\
\x02\xf6?\x89\xff\x99T0\xf8_\x12\x86b\x81\xff\xfc\
\xca\x00V}\xfa\xcd\xf4\x19\xbf\x17\xe0\xfce\x1e\xe7\xdd\
5\xfc\xcb\xbc \xf8G\xfe\x9f\xe0\x1f\xf3\xe6l\xd6\xdb\
\x80\x7f\xc4\xff\x81\xff\x87\xaa\xc3\xaa\xcf\x01n\xb9\xf7\x05\
N\xc7\xad\x98\xe4\x93'\xc2\xe7\x1a\x09\xfe\x7f\xfay\x8f\
\x92\xf5M\xfe_\xbdzuO\xfc\x83\xb0\x0e\xf1\x05\xf0\
M\xed\xdf\x9f\xcdc\xbe\x9f\x8a\xffie\xe7\xff'\xa6\
\xe8\xf8?\x10s\xfc\x9b:A(\xfc\xc7\xbb\xf6\x07\x89\
<\xff\xc7\x13\xff\xaa\xfe\x87\xd5\xff\x0b\xfe\xbe-\xcco\
\xb6\xd8\xb1\x7fz\x0d@\xe9\xfb\x15\x0d\x7f8\xed\xd3\xfe\
\xef\x86\xff\x89\x05\x84\xff\xac0\xf4G\xf0\xff\xc1\x96\x02\
\x1f*\xe2z\x80\xf37^{\x8dzt\xef\xee\xe0\x1f\
\xb5\x0et\xf9_\xf0\x0f\x1b\x0a\xf0?\xcb\xc6\x7f<\xe3\
\x1f\xfc\xdf\x0f\xfe\xc3\xf9\xdd\xc2\xd5\x06\xc9\x97o\x80\xe5\
\xfa\x93\xa7N\x86\xac\x17o\xe2\x1f~\x8d\x97_~\xd9\
\x89\xffq\xc3\xbfi\xe3\xc4s@\x0d;\xec\x8b\xdc\xb2\
\xd6\xadZP\x9125\xa8\xa5m\xffK\xf0\x11\xff\x1b\
1\xfe3r\x8c^\x01\xc1\xba\x80\x89\xff8\x8f\xbe \
\xe1\xe2\x7f<\xe3\xff5r\xe4\x7f\xdb\xfe\x0f\xfe_\xb2\
Dq\xfaz\xe6LZ\xbff-\xad[\xbd\xc6\xe9\xf7\
\xad\xc7\xffB\x7fD\xee\x87W\xfc\xafW>\xb9\x9f\xfa\
\x1f:\xfe1~\x03\xfc\x7f\x92\xc2?dY\x13\xffK\
\xcf\xb0\xcf/\x92\xfc\xdfH\xe3\x7f\xbc\xf0\x8fw\xf0\xfe\
\x07\x1f(\x9c\xbf\xf9\xc6\x1b\x0e\xfe\xe1\xfb\xd6\xf9\xbf\x89\
\x7f\xe8r\xb0\xaf!\xfe\x07\xfc\x1fur\x10\xbb\xed\x07\
\xff\xbf{\x7f\x8f\xd3\xfe\xe4\xff=?\xfd\x98\x07\xff\xb0\
)\x84\xc2\xbf\x1e? \x7f\x13&\x8c\xa5\x0bKT\xa2\
V\xca\xff\xc7X\xcf\x8f\xfd?\x04\xff\x8f\x0f\xb2\x13\xe4\
\x84\xc4\xbf\xd4\x11\xf6\x13\x03\x10\x0b\xfc\x97\xe6\xf1\x03\xdf\
2\xfalA\xf6G\xcd\x0f\x8c#\x89\xf9\xd3\xed?f\
\x9d\x17\xb7Z\xf1\xb2?\xf6\x11\xbbS\xe8\xfa_\x89T\
\xa9ByJKOS\xd7\x1d>\x22S\xf5\x19\xf7\x83\
\xffX\xcf\x05Y\xbf#\xfe\x83z\x12\xd8\xf8\xff\xc0\xc6\
\xff\xeb\xcc\xff\xbbu\xed\x1a\xc0\xbf\xc1\xff;v\xec\xa8\
l\x82\x82\x7f\xf0\x7f\x1d\xff\x12\x87\x19\xce\xfe\x07?\x0f\
r\x09\xba\xf2\xb5\xa0{\xe8\x84\x1eqB\xe8\xb7\xeaF\
\xd8&\xfb\xe3\x1cr\x1e9\xce\xdc&\x84\xdf\x89\x18\x14\
3o\xc7\x13\xff,\xc3W\xaeR\xd9\x95\xff\x87\x8a\xff\
3\xe7\xb8q\xe3F\xd2E%+9\xfe\x7f\xbd\xfeg\
\xa8\xf8\x7f\xb7\xfa\xbf\x09N/\x00wy^j~\xe8\
\xcb\xe1\xf6\xf7\x13\x03\x14\xd0\xffs\x5c1\x1f\x14\x07\xc0\
\xbaM\xd3\xe4\x5cU\xffW\xf5\xffF\xfd\x0f\xf0\xff\x19\
3T}-\xf8`$\xef\xcf\xe9\x03\xbc{\xa7\xb2\xb7\
\xfc\xb6\xf7WUw\xc5\xad^\xb3\xb9Nr9\xfd\xf2\
\x7f\x85\x7f\x9b\xff\x0f\x1f\x1e\x88\xff1\xf1\xafc\x1e\xf6\
\xc9\x15|\xbf\xf8\x94e\xf5\x9d\x7f\x07h\x19/\xbb\x91\
l\x93\xfd\xe48\x9d\xbc\xfc\x89\x91\xd4\xff\xc8/\xfe\xb7\
\xf0\xf3G]c\xe0\xfc\x15\x1e\xe7\xba\xfco\xf2\x7f\xc1\
?\xf4']\xfe\x07\xfek\xb1\xfe\xef\x87\xffK\x5c-\
\xf4?\xbd\x8f\x83\x10\xc6B$\x84\xf3\x80dY\xdff\
\x9e\x1bcM\xcfQ\x08+\xff\xb3n*\xfc_\xf7\xff\
\xd5\xa8Q#\x08\xff\xa6}\x03\xf3\xe0\xb4i_\xb1|\
9J\xe5\x96\xb4h\x11\xa7\xfc\x7f\xe2\xffO4\xf4\xe5\
H\xea\xff\x060\x1d\x5c\x0f\xc4\x0b\xff\xe6\xfe\xe1\xf1\x9f\
\x1d\x13\xfc7K\xb1\xf1\x0f\xfd\xff\x95nT\x9a\xf1\xff\
\xdd\xfc\xf9\xf4\xfdV~_\xacs\xee\xd0\xf2\x7f\xd0\xbf\
\xf3\xd0\xe1\x836VO\xc7\xcc\xf7g\xf6\xff\xacT\xb1\
|\x9e\xf8?\xb1\xff\x03\xff\x88=\x10\x8cH\x5c,\xd6\
\xc1n\x81\x189\xe4\xbb\xe2S-\x87\xa1ox_\xa1\
\xd9Z\xfc\x12\xce\x01\xfe\x87\xb9F\xe7\xe3~\xf9y,\
m\x80*\xf7o\xd3&\xc5\x1b\xc5\xff'\xfc\xdf\x0d\xff\
\xef\xbc\xf3\x8e\xf2\x09\xe0\xf9\x89\xfc\x8fz\xa9\xc8\xff\xaf\
\xe9\x13\xff\x7f\x08\xf9\xdf\xa7\xfd\x0f\xfc\x1f\xf8\xd7\xed\xff\
\xa6\xfc\xef\xde\xff\xe7\xa8\xb2\x1d\x80\xa7\x1d:|\x88\xe7\
\xcc>\xca\xff\xd7:i\xbb\xf2\xff%\xa6\xe6\xe4\x13\xff\
9a\xf1\x9f\xb7\x06X~\xf9\x7fv\xc4\xfc\x1f\xfd?\
\xda)\xf9\xbf;\x95*V\x94\xdec\xfd\x11\xbdu\xe1\
\x07\xe8\xd1\xa3\x87\xaa\x05\x02~2d(\xeb\x03)\xc3\
T\xbc\x84\x92\xcby\xde4\xebCz\xc9\xff\x88\x1d9\
\xe2#\xfe\x07\xf8\xb7\xf4\xff\xbc\xf1\xff:\xff\x07&\x80\
\x0d\xd4\x81D\xbc\x08\xaea\xfa\x9fe\xd9\x8dL\x7f\xf5\
H\xf8*4\xc26\xdc?rM\x81\x1f\x5c\x13rE\
4\xf8\xcf7\xff\x87\xffo\xe3F\xc7\xcf\xff\xaf\x7f\xfe\
\xd3\xc9\xffQ\xfe\xbf\xb0\xf8\x9fIk\x19\xff\x09\xb6\xfd\
/\x9c\xfc\xef\xd7\x06X\xd0\xe4\xdb\xfeo\xf3\x7f7\xfc\
\x87\xf2\xff\x9b\xfe\xbf\x09\xa8\xff_\xbc\x0a\xb5A\xfe\xbf\
\xc2\x7fvp\xfd\x7f\xcf9 7D\x0d\xf0\xd0x\xd6\
\xf1\xafc:0gD\xca\xff\xede\x0d\xff\x81z_\
&\xfe\x0f8\xf2\xbf\xaa\xff\x85\xfc\x1f\xc6?\xea\xff\xcf\
A\x9c\x1f\xf3@\xe8a\xd2\x03l\xcd\x9a\xd5\xb4a\xe3\
z\xda\xbam\x0bm\xdf\xf1\x83\x9a7u\xff\xbfW\x0c\
\x80\xc4\x10y\xd5`\x0a%\xff\x9b\xf1\xff\xc0\xff\x02\xe6\
\xf5\x1b\x99\x1f\x02\x93\xc0\xaa\xf4(\xd4)\xd0\x83<\x85\
\x86%'S\xd2\xb0a\xca\x8f)5L\xb1\xcd\xed8\
\xf8.qN\xd9G\xae\x8d\xf84\x99\x03\x0a:\xfe/\
O=\x12\xc4\xff\xad_\xaf\xe22\x81\xf3\x9b\x1b6\xa4\
\xf7\xdf{\xd7\xd2\xff\x81\x7fM\xff\x87\xff\xcf\xc1?\xff\
\x86\x89\xe3\xc7\xd1\xac\x993\x98\xff\xafV\xfc?R\xfc\
\xff\x91\xc9\x0d\xff\xa6\xfdO\xf0o\xe6\xffH\xfd\xef\xcd\
\x9b7\xa9^\x15\xbbv\xed\xa6\xcf\xbatf\xfe_\x95\
\xda%\x03\xff\x07\x94\xfd/\x91\xf5\xfe\xe6i\x16Yy\
s\x07\x82\xc8\xad\x0eh0\xa6\xb3#\xe4\xe9~);\
\xcc\xfc`\xc9\x00y\xd6\xeb\xfe\xbf\x14+\xfe\xaf\xa9\x9d\
\xff\xff\xc0+\xdd\xa9\x04\xe3\x7f\xe6\xcc\xaf\x95\xdd\x1fz\
?\xecN\xdb\x83t\x80l5~\xa2\xa9\x1d\xe3K\xfe\
o\x01\xff\xbfU\xff\x03s\x80e\xff\x0f\xf0\x7f\xf4\xfd\
\x5c\xc5\xba\xec\xc7\x9fv\xa6\x867\xdfL7\xdex#\
\xddz\xeb\xadt\xfb\xed\xb7\xab\xfe`\x8d\x1a5R\xcb\
B\xb7\xde~\x1b\xddv\xdbmj\xdbm\xb7\xdc\xa2\xd6\
\xc9>X\x0f\xc2\xf1 ,7dl\xfd\xfd\xde{\xe9\
\x83\x8f?r\xec\x9fR\x7fLj\x89\xfa\x91\x01\xf2#\
\xff\x9b\xf1\x09\xaa\xce\x09\xf3\xef\xaf\xa6NU8\xafs\
\xd5U\xac\xe3\xbfm\xe1\x9f\xdfI?;\x16X\xf0\x0f\
\xfd\xbf\x1f\xe3\x1fs\x18\xfa\xa4\xcf\x9c>M\xd5I\x89\
k\xd6T\xc9\xff\x7f6\xfc\x83\xb7\x00\xff\x88\xffE\xdd\
S\x9d\xffc\xd9+\xff\x0f\xcf\x01:#\xe2\xdb\x17-\
Z\xac\xfc\x7f\x82\xff\xc4\xf4\x836\xfes\xf3\x89\xff`\
Y ?\x987k\xfb\x84\xc3\xbf+\x05\xf9\xff\x0f8\
\xfe\x7f\xc4\xff?\xc8\xf8/^\xb4\x08M\x9f1\x83\xf9\
\xcd\x06\x85\xff\xef\xed\x18``_\xea\xfe \x8f\xb7\xa0\
\xfa\x7fX\xf8\xb7\xe4\x7f\xe8\x19\xba\xff\x0f\xef\x09xx\
\xabI\x13\x85\xe1\xd16.\x11\xa3\x8em:\xc1\xaf+\
\xfd\xc9P\x03|\x14\xcb\xf8\xb3X\x8e\x9f\xc2\xf2<\xb6\
K=\x19\xd9\x17s\x8b\xec\xdf\xb9\xcb\xa7t\xc5\x95W\
*\xdb\xb7\xf8?,\x1f\xf1teg\xd0{y\x9e\x11\
\xfc\xa3\x06\xdb\x8a\x15\xb4\x90e1\xf4C-W\xbe\xbc\
\xea\x93\x5c\xa8\xd0\xf9\x0a\xff&\xff\x07\xfe\xc1\xffS\xf8\
\xdeQ?}\x1a\xff.U\xff\xcf\xb6\xff\xfd\xd9\xf1\x0f\
\x9e\x0f\xfd\xd3\x0b\xff^\xf2?\xea\x7f^X\xbc2\xb5\
K\xd9\xa9\xf1\xff\xbc\x98w\xa7\x1cE\xba\xed\xdfZ\xce\
\x8d\x09\xbf\xcf[\xdb\xdb\x0f\xff\xcf\x0e\xb2[\xc4{\xe4\
\xffI\xfd\x9f\x87^\xeb\xa9\xf4\xff\x14\x96\x93U\xee\xcf\
\xc4\x89\x0a\x1f\xc0\x84W-\x00\xb1\x91#^[\xfa~\
!NX\xea\x87IO0\xf8\x11\xa4w\xa8/\xfe\x0f\
\x19^\xc3\xbf\xd8\xb1S\x19\x8b7\xddt\x13\x1d\xb2c\
X\xfc\xfc5\x89\x8f\xa3K\xaf\xb8\x9cF\x8c\x19\xed\xfb\
\x18\xf4\xd4CM1\xe8\x00\x18S\xf0}J/\x11?\
\xf8\xcfO\x1c\xb0\x89\x7f\xbd\xce\xd1M7\xdc@\xe7\x9d\
\x7f>=\xfe\xe4\xe3T\xa4\xf0E\xb4\x97\xe5\xff\xfe\x86\
\xfe\xff\xf6\xdbo+\x9b \xe6\xaeqc\xc6\xd0\x0c~\
\x7f\x88\xe7B\xff\xef?#\xff\x17\xf9_\xe7\xff\x82\x7f\
\xe8s\xe1\xfc\x7f\xf2\x99\x9c\x9cD\x17\x16\xabD\xed\xf3\
\x89\xffDE\xb91\x92\xf3s<z\xf8\xe5\x1f\xffN\
\xfe_\x10\xfe\x8b)\xdf?z\xeb\x8d\xe4yT\xaf\xf1\
k\xf6\xfd\x94~\x9f:In\x17\xb6c?\xcc\x1f\x93\
m\x9e\x0b\xff\x7f\xb8\xfe\x1f\xadZ&\x04\xec\x7f\xc8\xff\
c\xfc\xc3\xce\x08;\x16l\x11\xed\xda\xb4\xa1\x04\xd6c\
\xf1w\xe8\xf0\xe1@O(\x9d\xec\x9a\xb6\xaa\xa7#\xdf\
\xb7\xd4\x06-R\xb4(\xed\xd8\xb9Sy. \xc3\xb8\
\xc5\x9f\xe2X\xec\x90\xbdo\x9f\xd2\x05\xd0\x0b\x05v\x03\
\xabG\xf4Tu\x0fg\x12\xffA1\xc0\x9b6\xd3K\
\xcf\xbf\xa0~K\xfd\x06\x0d\xe8b\xc6?\xf8\xff@-\
\xff\xa7(\xffF\xf4?\xf8\xdc\x96\xff\x81\x7f\xd8r\xb6\
n\xde\xac\xfa\x7f\xc2'\xf6g\xc4\x7fe[\xffG\x7f\
h\xf4\x85\x85\xdeS\x13\xf8g>\xa2\xec\x7fx\xbfF\
n\x03\xe4Y\xc4\x96\xc0\xa6=v\xdc\x18\x9e?\x9eQ\
\xf9\xff\xed\x92\xb63\x96\x0fQ\x22\xeb\xc6\xba\xfe\x1f\xc9\
<\xe0E\xb1\x91\xfb\x03\x84s\xc2N\x99\x88O\x9c\xdf\
%\xfe\xc7\x9d\xf7K\xfco65M\xdaKo\xdb\xf5\
\xff\x8a\xb1\xfc\x0f\xbf\xd9v\xf8bY\xef\x87o\x05q\
\xbf\x90\xfbcQ/\xd6k\xcc9\xf6?\xc6\x7fE\x07\
\xff\xb0\xff[\xf9?\x98\xcf\x81=\xf4\xbdl\xc9\x84?\
\xe4\x13\x1f?\x1e\xe8U\xa3\x93\xe0\x7f\xf6\xd7\xb3\x1d\xfc\
\xd7\xb9\xb2\x0e\xed\xfdm\xaf\xba\x87c\xc7\x8e\xabc\x83\
\xe6\x0f\xfb\xd8\x93'OQ.\xcb\x17\x8d\xee\xbcS\xe9\
\x00\xc0?x\x0a\xe6>\xf8\x1b\xfc\xe2?T\xfd\xffh\
\xf0\xbfi\xe3&\xea\xd1\xd5\x8a\xfb/Y\xb2$]x\
a!\xfa\xe5\xe7\x9f\x82\xf0_\xa4H\x11j\xdf\xbe\xbd\
\xc2\x7f2\xdf\xf7d\xd6\x9b\x16\xb3\xce\x02\xfc7\xf5\xc0\
\x7f\xa8\xba\x8cg\x13\xfe\xe1\xffG\xcf\xeaL\xc6<\xf0\
\x8fZ\xd0\xe8\x01#\xfc\xff\xa4\xf1[\xc1\x03\xf6\xee\xfd\
\x8d~\xe2gx\xfc\xc4q\xea\xd1\xe33*T\xb4\x02\
\xb5\x1f\xb6C\xc3\x7fn\x84\xf8\xcf5(6\xf8\xf7\xea\
\xe5\xeb\xe0\xdf&\xe5\xf7S\xb6\xff\x1c\xa7\xe6\x97g\xfc\
\x9fm\xffk\xc6\xfc\xffm;\xfe\xbfh\x91\xc24p\
\xc0\x00\x1a\x919\x9c\xd2m[\xb8\xe4l\xea5@L\
\xdd\x19$\xbd\xc0A\xb2N\xf4q\xc8\x0a\xa1\xf2\xce\x9d\
\xfc\x9f\x96\xf1T\xb1\x92%\xff\x03\xff\x92\xff7\x9e\xf9\
?\xb0\xd7\x221\x91Z\xb7n\x1d\xd1\x9c\x83> \xed\
Yn\xf8q\xc7\xce\x88jK\xdf}\xd7]*\x16M\
\xf0\x0f9&\x1a\xfc\xc7\xa2\xfe\x97\xaa\x01\xc2\xba\xd5\x8c\
/\xa7Q\xe9\xd2\xa5\xadz\xdf\x17\x9cG?\xef\xf9\x91\
\x06\xf4\xb7\xf2\xff\xce;\xff<*\x5c\xb8\xb0\xc2?|\
\x85\xc0?\xec\xa5\xe8\x95\x06\xfc7y\xeb-\xc6\x7fu\
\xe5\xebV\xef\xe1\xd4\xc9<91g\x13\xfe%~\x17\
\xfa\x7f\xe5\xca\x95\xe9\x95W^\xa14\xd4\x8cD\xde\x03\
\x8fU\xd4\x04\x87m4\x9c\xfe/\x9f))I\xca\xff\
\x0f\xf9?\xd1\x8e\xff\x8b\x1c\xff\xa1)\xc1\x07\xe9\x18\xd5\
m\x8f~H\xef\xef\xa9(-7h\xd9\x0d\xff\xf0\xff\
Y\xf8\xefI\xc5Y\xff\x87\xdfh\x12\xeaxj\xfa?\
|\xe0\x90\x0b$\x1e\x06\xba\xbf\xe8\xfb^$\xbd\xbf\xc5\
>\x80X\xc0p\xfe\xff\xe6-\xe24\xfc\x07\xf2\x7f'\
\xd8\xf8\x07\xef\xef\xf0v\x07\x9a<u\x0au\xe8\xf8\x0e\
}\xf4I'\x87>\xee\xfcI\x10a\xdd\x87\x9d>\xa6\
^}\xfb\xd0\xa0\xa1C\xa8[\xcf\x9e\xcao\xf0\xc9g\
]\xe8\x93.\x9f\xda\xd4EQg^\xd7\xe9\xd3O\xf9\
\xb8\xce\xeas\xed\xfa\xf5\xf4\x0f\xf8\x01\x18\xff\xa2S\x02\
\xff\xb0\x7fDZ\xcb3Z\xff\x7f\x9e\xf3\xa0\x0e\xc0\x9a\
u</\xdd\xed\xe0}\xf7\xce\x1d\xaa\xdf\x89\xc88\x17\
^x\xa1\x92\xff\x81\x7f\xd8\xc1\xb2\xec^\x89\x88\xe5\x82\
\xfe_\xbdF5:x\xe8\x80\x13_\xef\xd6\x83K\xbd\
\x13\xb7\xdc\x9b\xd3\xc1t\xda\xa9\xeb~\xda\xbb\xb6\xfb\xe9\
\x10\xebO\x07/\x9f\x0eZ\x87\xfb\x10\x9cz\xf7\x13\x16\
\xfe\x8f1\x03\xfe\x0f\xecC\x06\x80\xed\xea\x9a\xbf\xfe\x95\
Ffd:\xbd\xc2\x5c\xf3\xffQ\x03\xc8\x96\x15\x07\x0c\
\xe8\xa7\xea\xff(\xfd_\xd5\xff\x89\x10\xff\xa9\x07\xedO\
m\x19\xd8\xb5\xc9\x1d\xff\x07\x831\xaf\xf5\xe6\x02^\x83\
\xf1\x9d\xe3\x82\xf9\x03FM\xbf\x83\x81\xbe$\x0e\xees\
\xec\xf3\x1e\xcc\x8b\xffd\x0b\xff\x1d\xc6A\xfe\xefI%\
X\xff\x9f?\x0f\xf1\x7f[i3\x13r\xff0\xbfB\
w?~\x06\xe4\xffD\x03\xff\x99\x1a\xfe\x81=\xc4\x07\
|\xf8\xd1\x07t\xdf\xfd\xf7\xe5\xe9\xfb\x17K\x82\xfc\xf8\
\xc8C\x0f9\xbdt\x7fO\xfc;\xbd\xc9\x10\x07\xb8n\
=\xf5\xed\xde\x93\xceE\xafs\x9e\xab\x7f\xfaq\x0f\xf3\
\xb8\xbet\xc1y\xe7S\x85r\xe5\xa8l\xa92\xf4v\
\x87\xb7U\xfe\xcf\x17\x93\xbfP2\x08\xe6l\xf0\xff\x0e\
,\x17T\xacR\x99\xe5\xb0}6\xfeu\x9e(\xfe\x19\
\xe0\xe4\xa4\x8dG}^8\xa9\xb6\x9d<u\xdc\x9a7\
(\xd0\xdf\xe1\x84\xaa\xc5e\xd5\xeeC?^\x9d\xd41\
v>\x9f\xc2\xb4M\xa8\xbbq\x82\xcfu\x1a\xeb\xed\x7f\
\xc0\xf9Iu\x8d\x13\xce\xf5qcj\x1fu_'\xac\
\x9c\xa0\xd3\xd6uN\x9c<\xae~\xc7\x8e\x9d\xdb\xa9l\
\xb9\xb2\xf4\xe6\xeb\xaf+\xdd\x1f\xf2\x1azX\xb7\x88\x8b\
W9\xacn6g\x89\x1bL\x1a6\x94\xfa\xf6\xeb\xa3\
jM<\xf3\xcc\x13T\xb8D\x15\xa5\xff;\xfe\xbf\x94\
\x03\x0aw\xcd\x15\xe5Zzv\xaa-\xe7\xa7\x06|\x7f\
\x22\xef'\xaa\xf5\x07\x15Y\xfb\xe6\xaa\xfe \xf1\xb6n\
\x90(\xfbh\xf3\x04\xbe\xc7\xa7\xe5:5F\xe2\xa5o\
g\xaa\xad\xfb\x03\xe3)|N\xc6+r\x92\xady\xc0\
\x9e\x9b\x10\xa3\xe8\x90\xe0?\xd7\xaaG\x92b\xd5\xf8Q\
6\xc9Tk\x0e\x8a\xb3\xeb\xfe&\xf0\xb6f\xc8kJ\
\x86\xfdo\xaf\x85\xff\xd7zS\x89\xa2\xc5x\x0eMW\
\xf3'\xf8\xff\xe4\xc9S\x94\x1c?s\xc6\x0c5\xf6\xa1\
\x87bL\x81\x9f\xeb6~\x9d\xcc\xf5\x90\x05\xf0y\xc4\
W\xfd\xaf\x04U\xff'=\xc3\xf6\xff\xdb\xf1?\xc0?\
\xe2q\x13Y\xfe\xef\xd4\xa9\x13=\xf5\xd4S\x0e\xbf\xbb\
\xe0\xfc\xf3U\xff?\xf5\xa9\x13\xd6\xb9\xad\xf7\x22{\xff\
\xf3\xf8\xbc\xe8+\xf6\xe8#\x8f8\xbd4t\xfc\xe7G\
\x86\xcf\x8f\x0c \xcb\xebW\xaf\xa1\x9b\x1b\xdc@\xb7\xdd\
|\x8b\xaa}\xb7j\xd5J\x1a\x9a\x84:\x0dI\xf4\xe8\
\xbf\x1fU\xf2\xff\xb0\xa1\xc3h\xce\xeco\xd5q\xaa\xbe\
5\xcb3C\xf9w\x14\xe2\xe7\xb5r\xa5\xd4\xd6:n\
\xe1\x18h:\xed\x12\xef\xcb\xb8#\xcc\x11\xa7\xf2\xd6{\
\x02F\x81\xc1\x93y\xe2\x84O;\xf8\x04\x05mA\xbd\
\x1e>\x8e\x8ck\x9d\xb41M\xc6\xfet\xda\xca\x01v\
\xcb\x0b\xc4\xb9e\xcc\xacX\xb5\x82\x8a\x15/Fo\xb7\
m\xa7\xf0\x0f\xbd\x15\xfe\xde\x95YK\xed\x9fq\xd2\xb5\
\xb6\x01\xf4\xff\xc3G\x0e\xb3\x5cj\xd5\xa5\x18\xd0\xbf/\
]T\x8c\xe5\xff\xe4\x9d6\xfe\xed\xfe\x9f\xa99Z.\
\xdd~\xc6\xcf>5\x17\x00\xbf\xb0\xf5\x03O\xcdX\xf7\
n\x96\xb1\x8f\xb1\x9bk\xe5\xf7\xa5\xedW\xb25\xb6\xb5\
H\xdf\xafH\xd5\xdbN\xb5jq#fX\xf9\x08\x80\
o\xc8\x19)\xf6\xdc\xa0\xe6\x03\xd4\x1d\xfe\x95\xf7\xdfo\
\xf3o\x1c\xc3\xe7N\xd9OMSr\x1c\xbe\xdf\x94\xcf\
\xd34u/\x9fs\xbf5\x7f`\x1e\xe1\xeb\xc4\xcb\xbc\
e\xcf;\xea\x1c|l\xf3\xb4\xbdJ\x16H\xb4\xd7\xa1\
\xffw\x82]\xff\xdf\xc2\x7f_*Q\xbc\x04\xa5\x0cK\
\xa1\xb1\xa3\xad\xfaN\xb0\x9f\x83\x17\x22\xf6\x04\xfdw\xa7\
\xdbv\x7f\xa9\x05\xa7\xeb\xfa\xe2C\x17\xbb\xbf\x10p\x83\
\xfd\xfd\xc8\xff:\xfe\x95\xfco\xd7 \x15\xfc7o\xd1\
B\xf5\xbc{\xe2\x89'\xec\x9e\xf7\xe7\x17\x08\xff\x07\xfe\
\x1f{\xec\xb1?\x04\xfe\xf5s,\xb2u\xf9\xc4\xa6\xcd\
\xd4}\xa2\x1fz\x22\xcbDr\xdf\xc5J\x14W\xcf'\
#-\x83\x16/\xb0\xf2\xa40g\xaf\x80\xcd\x82\x8f\xad\
Z\xa9\x12\xbd\xf0\xd2K\x96M\xfc\xd8q\xc5C\x81'\
\xe09'7\x9b\x96\xf3\xdc\xbd\x88\xaf\xb3\x9d\xe5>\xd8\
\xc4\x8e\x9d8J\xbc\x95v\xec\xd9M_\xcf\xf9\x96\xbe\
\x99;\x87\xe7\x9c_,>\x8dw\xc6\xefn\xeb\xb6m\
4e\xc6t\x9a\xf2\xf5L\xfam\xdfoJF\xc0\xfb\
\x84\x9da\x11_w\xfa\xacY\xb4v\xc3\x06:v\x12\
\xd7;JG\x8e\x1d\xa1e<gM\xfar*m\xdc\
\xbcQ\xcd\x19\x98\x8b\x0e\x1f=Lk\xd6n\xa0\xc5Y\
\xcbh7\xcb\xf4GO\xa06\xd71\xd5\xa3{\xc3\x86\
\x8d\xb4i\xd3f\xbe\xc7\x1cG\x06@\xedN\xfc\xf5a\
\xf9\x07\xb2\xd0\x80~\xfd\x14\xfe3Y\xef\xf9\x92\xc7\xdd\
\xb1C\x87\x9d:\xa2n\xb5\x8d\xcd\xbf\xe4\xa4\xa1,\xff\
W\xa3\x0e\xa9?:\xf2\x7f|\xb2%?[\xb13\x87\
\xa8\xf5\xf0\xe3\xd4a\xec\x11j\x99y\x90\xf1n\xc5\xf6\
\xb5\x1d~\x98:\x8e>MmG\x9cP\xbe\x7f\xd4\xf1\
h=\xf20\xbd7\xe6\x04\xaf;l\xd7\xef9@-\
2\x8f\xd0\xbbc\x8eS\xfb\x11\xc7\xa8y\xc6A\x95\xef\
\xdb<\xf3\x18\xb5\x1fs\x92\xda\x8c:Dq\x99\xfb\xa8\
)S\xcb\xb4\x93\xf4\xf6\xe8S\xd4\x96\xcf\xa1j\x07B\
\xbe\xc88JmF\x12\xb5\x1a~\xc8\xb1\x07\xe0\x1e:\
\xf0\xf9Zg\x1e\xe5u\x07m\xbf\xe3\x11j?\xfa\x04\
_\xff\x90\xba\x8f\x16i\x98\x7f\x8eS\xab\xd1\xc7)1\
\xf3\xb8\x92\x17\x12\x1d}\xe0\x80\xc2?\xfa\x7fu\x18\xcb\
\xfa\xff\xeb\xfd\xa8d\xa9R4o\xee|\xda\x8c\xe7\xbd\
q\x03\xed\xf8\xe1\x07:`\xe7\xed\xe6\xbb\x9e\xab\x87\xef\
O\xef\xff\xeb\x85\x7f\xd8\x1ea\x7fh\xd9\xb2\xa5\x1a\xdf\
\xe8s[\xd0\xf8\xff\xef\x7f\xff\xab\xf0\x8fz\xc8b\xff\
\xf7\x8b\xffp\xfd\x7f\xf3S\x0b`\x13cIl\xfe\x0b\
\xbf[@\x8b\x17.\xa2wX\xe6o\xfc\xc6[t\xef\
\xdf\xfeA\xbdz\xf4R\xcf+k\xa9\x85}5\x07\xa0\
\x7f\xe0\xbau\xd4\xbd\xb3\xd5?\xf0\xe3.]\x82x\xb6\
\xaa\x7f5q\x02\x9ds\xbe\xf5\xfb\x1b7n\x1c\xf4\xee\
\xda\xb6\x0f\xf4Y\xef\xfciga\xdc\xea\xe3\x9e\x7f\xde\
cm;\xf7\x1c\x9a7\x7f\x9e\xd6[x\x05]T\xb4\
\xb0\xda\xf6\xe0\x83\x0f8\xebQW\xa2h\xb1\x22j\xfd\
\xfd\x0f\xfc\xcbY?\x9b\xe7\xb2\x22E.R\xeb\x9b7\
OT\xebrr\x0fP\xddk\xaf\xa1\xf3\xce?\x97\xae\
\xae[\x87v\xee\xdai\xcb.\x96.\xba{\xf7\x8fT\
\xb3V-\xaa_\xbf>\x8d\x1e1\x82\x86\xb3\xde\x08[\
\xf5\xcf<\x7fX\x22\xc4I5G\xb9\xd58>\xcc\xf3\
\xd3\x8f\xbbw+_\xd7\x81\x9c\x5c\xea\xdc\xe9#*\x5c\
\xa6&uH\xdb\xc3\xd88\xa4zc&$\x1fP\x98\
i\xc1\xbc\xba%\xe3\xe6\xf5\xcf\x16\xd13\xefM\xa5\x96\
I?\xa9\x1c\xc1\xe6\x19\x8c\xd1\x81\x1b\xe8\xe9\xf7\xbe\xa0\
\xf8~\xab\xa8\xf5\x88\x03\xd4\x8aq\xd9\xb8\xcfjz\xaa\
\xc3\x18j>`5\xb5\x18\xce8\xe3u\x89C\xb6\xd0\
\xf3\xefM\xe1\xfd\xd62fY\x9e\xcfd\x8c\x0e\xdcB\
\xcf|0\x9d\x9a\xf5_\xcfX=\xca|\xf9\x085\xe9\
\xbb\x91\x9ey\x7f<%\xf4]\xc9x\xcf\xa1V,\x8b\
4\xe9\xbb\x99\x1e\xef\xf8%%|\xbe\x891\x9e\xcd\xc7\
\x1e\xa0\x96\x83\xb7\xd1K\x9dfP\xc2\xc0\x8d<\xcf\xf0\
\xfd\x0d\xcf\xa5VCw\xd2\xf3\x1f}M\xf1\x03\xd6\xf3\
q\x87y\xdfC\xf4\xd6\xe7\xdb\xe8\xc9\xf7'Sb\xdf\
\xb5\xd4>\xe3\x80\xf2\xf9A\x06\x89S\xbfO\xe4\xff\xd3\
\xf4\xe0\xeb}\x14\xfe\xe7|3\x876\xaf\xdf\xa0bF\
\xdc\xe2\xf6C\xd9\x8c\xddj\xc4\x88_\xddO\xfc/\xf0\
_\xb1R\x05\x15\xfb\xe3\x85\xffO>\xf9\x84\x1e\x7f\xfc\
\xf1\x02\xc1\xff\xb9\xf6\xe7\x14\xd6\x1f\x81\x7f\xe9\xa5\xa5\xe3\
?\x9a\xdc?\xaf>_Q\xfb\x01X\xee\x82\xce2,\
%\x85&3\xafk\xd9\xaa\x15=\xc1s\x22z\xe0\x0e\
\xe5\xfb\x95\x9e\x16\x82\x7f\x99\x036\xafYG\xed\x9a\xb7\
\xb0\xea\x08?\xf1\x18\xcd[\xb8\x90~\xfa\xe9\x17%\x92\
g\xa4\xa6S\xe1\x8b/\xa2\xa2E\x8a\xd0\x0b\xcf=O\
\xbbw\xed\xa1Q\xe3\xc7\xd1\xce\xdd{\xa8\xe3\xdb\x1dU\
o\x88\x0b\x0a]\xc8\xf8\x1a\xc7:\xc7\x1aZ\xbel\x05\
\xed\xda\xbe\x8bnb]\xa4\x0c\x8f\x9b\x9a\xd5\xab\xf1|\
\xb4\x88\xd6\xac^G\xdfo\xdbN_\xcf\x9cM\xa5\xcb\
\x94\xa62e\xca\xd0\x7f\xfe\xf38\xed\xfdm?\xed\xdf\
\x97K\xcb\xb2\x96\xd3-77T\xf7\xf0\xe2\xf3\xcf\xab\
\xf7\x9e\xbdw?\xeb(\x1b\xa9T\xe9\x92\xaa\xfe\xe3\x07\
\x1f|H\xc7\x8e\x9e\xa0\xef\xe6/\xa0*\x95+\xd1\xf9\
\xbco\xeb\xe6-\x03\xfe\x19\x1e_K\x97/\xa7\xfa\x0d\
\xeb[\xf3\xc8\xbd\xf7\xd1\xb8\xd1\xe3\x95\xbdo\xfb\x96\xad\
\xbe\xea\x1bo\xfb~+\x0d\x184\x88\xfa\xb0\xdc0h\
\xd0`z\xe0\xfe\x7fR\xa9\x8a\x97R\xdb\xd4=\xca.\
\x07\xff\x9f\x9a\x03\x98Z\x8f8Nou\xcf\xa2\x8bK\
UR\xd7\xbb\xf5\xbf\x1d(a\xf8\x11\xde\x87\xe7\x9fk\
\xeeU\xebj\x5c\xfb7j?\x96\xf7O\xdaF\xa5k\
\x5c\xad\xd6\xd5\xbc\xe6o\xd4\x22\xe5\x17j\xc9\x98\xbd\xea\
\xb6\xa7\xd5\xba\xf2\x97\xdeHM\x19\xa7-x\x0e\xb8\xac\
\xc1\x03j]\xf5:wP\xe3A\xbb\xe9\xcd\x81?Q\
\x8d\xba\x7f\xb7\xceW\xa7\x11\xcf\x09?\xf1\x9c\xf0+\xd5\
\xba\xde\xda\xaff\xdd\xbb\xf9\x9a?\xf1\xf9\x0e\xd0\x15\x0d\
\x1fS\xeb\xaa^}\x175\x1b\xf6\x13\xb5\x18q\x84\xea\
\xde\xf5\xacZW\xe9\xb2\x86\x147d'5\xe7uW\
\xda\xd7\xadxi}j\x95\xb4K\xf1\xfd\xb8d+\xf7\
\x07\xfa\x7f3\xc6\x7f\xbb\xb1\xc7\xe9\xfe\x17\xba\xb0\x1eU\
\x9c\xbau\xf9\x8c\x86\x0e\x1cD\x83\xec\x1erf\xee\x9c\
\x9e'\x07\x1b\xb3\x17\xe9u\x011'\xfb\x91\xff\x13\x12\
\xe3\x15\xfeS\xed\xfc_\x1d\xff\xc8\xc9\x05\xfe\xa1\xff\xff\
\xe7?\xff)\x18\xfc\x9f{\xae\xfa\x84\x8f\x13s\xcc\x1f\
\x0d\xffN, \xf3\xf2\xda5k\xd2[o\xbeI/\
\xbe\xf0\x82s\xff\xa8\x0d\x82\xd8-\xd5#}\xf1\x12\x07\
\xffN=\x13\xd6\x89aC\xec\xdd\xad\x1b\xd5\xacY\x9d\
.\xb8\xf0|*Q\xba\x04U\xadYMQ\xa1\xc2\x85\
\x98g\xf3\x1cP\xb2\x18\x95,[J\x9d\xb3\x5c\xc5\x8a\
T\xbdv-\xc5\xcb/\xb8\xb8\x10/\xf3q\xbc_\xa1\
\xc2\x17RE\x96\xd5J\xf2\xf1%\xcb\x94\xa0b%\x8b\
R\xd9\x0a\xe5\xa8\x10\xe6\x10\xd6C\xca\x94/K\x17\x17\
+\xac\xceU\xb4dq\xaaX\xb52]U\xef\xaft\
Y\x9d\xcb\xa9R\xb5\xca\xd6\xb8\xafU\x83n\xbc\xe5&\
\xaa\x5c\xbd\xb2\xc2r\xa1\x22\x17R\xb9\xca\xe5y\xdfJ\
T\xb1J%*\xcd\xf7P\xb4D\x11\xb5\xbeZ\xed\x1a\
\xf4\xc0\xa3\x0f\xd2\xbf\x1e\xfe\x17\xfd\xf5\xba\xbat!\xcb\
\x0a\xf7\xfc\xfdot\xcf]w\xd3m\x0do\xa6\x89\xe3\
'\xd0f\xdb\xdew:lm\xb3\x13\xb6\xcd!\xf0\xd7\
\xb3\xdbgta\x89\xaa\xb6\xfd\x1f\xf8\xcf\xb6lp\xfc\
\xd9f\xd4Iz\xe5\xa3yT\xbcxe\xaaT\xae*\
]s\xe7[,\x83\x1fc\xbe\xbc\x95\xaa\xd6\xbe\x95\xaa\
T\xa8N\xd5/\xbf\x9d:\x8c\xdaKM\xfam\xa0b\
\xa5/\xa3\xcbj\x5c\xc6\xbf\xab>\xf3\xe2\x1d\xcc\xe7\xf7\
P\xf5\xcb\xee\xa6\xcb\xaa\xd7\xe2\xdfu\x1d5\xe9\xb3\x85\
Z\xb3\x0c^\xed\xb2;\xa9V\x95\xeaT\xad\xe6M|\
\xae]\xd4\xb4\xdf\x1e\xaa\x5c\xe3F\xaa]\xb5:\xd5\xbe\
\xf4fj\xc9\xf3D\xf3\xa4\x9f\xa9*\x1f[\xa9\x5c%\
>\xdfu,?\xfc@-\x06\xfd\xca\xc76\xa2j\x95\
\xab\xd0\xff\xb5w\x1d\xe0QT][\xe9-\xf4.H\
\xef\x90\x84\xde\xbb =\xf4\x8e\x80\x80\xf4\xde{\x15\x11\
\x01A\x9a\xa2\xd2CU@\xb1\x7f*\x8a\xf4\x84\x84\x00\
\x01BGl\xa8\xf4\x16Rx\xffs\xee\xcc\x9d\xdc\x0c\
\xb3\xbb\xb3!\x09\xc1\x7f\xe7\xc9yv3\xe5N\xd9y\
O\xbb\xa7\xe4\xa6\xfd\x07\xaf\xbcLv\x08a\xbdb\x1b\
d\xcf\x98\x119r\xfbb\xd0\xf2+\x18\xef\xff\x10\x85\
\xcb4G\xde\xdcy\xe0\x95\xb5 \x06.9M6\xcb\
\x03\xd1\xf7o\xe8\xda;\xe2\x1e\x07\xac\xbdN6\x08P\
\xa3\xe50d\xa7\xdf\xecLh(n\xfe{\x1d\xff^\
\xbf.j@0q\xac\x14\xcf\xdf\xab$\xfb\xb1\xcb\xfe\
\xec\xe6z\x1f\x92d\x9fwg\xb5\x5cb\xe6\xffF\xc6\
\xe0\x7f]\x0c\xfe9\x9fC\xe2\x9f\xeb`\xb0m\x9e\xd0\
\xf8g\x1f\x83\x8a\x7f\xbb\xfe\xff\xb8\xd4\x0brg<\xb6\
\x01.\x93\xcd\xdd\xadK\x17\xb4j\xd1B\xc4D\xf05\
\xb3\x0c\x9e=s&~\xfc\xfe\xfb'd\xbf\x9cC\x08\
<\x1aD\xf27P\xf0\x80\x13G\x83\xb1u\xbd?\x16\
\xcc}\x1b\x0d\xeb6@\xb6\xcc\xd9P0_\x01z\x97\
\xf3\xa0Q\x83W\xe0]\xa6\x1c\xd9\x13MP\xbfV}\
\x94,V\x0a\x85\x0b\x16E\xb1BEQ\xa7fm\xc2\
[Mt\xee\xd0\x09\xb5j\xd5F\x81\x97\x0b\xa2P\xa1\
\x22\xc8O\xc7V\xf0.\x8ff\x8d\x9b\xa2^\xedz\xa8\
\xe8S\x01E^.,\xc8\xb7\x8c\x0f*\xf9VD\xa9\
\x92%Q\xadj5\xbc\x94+\x1fJ\x17-\x8d|\xf4\
\xee\x97,^\x0a\x15\xcbWB\xce\xec9\xc5\xb9_\xa6\
u\xd92eA\xc7\xb6\xed\xd1\xbayK\xa4O\x9d\x0e\
\xc5\x8a\x14G\x9e\xdcyQ\xa5b%\xd4\xaa^\x1d\xed\
\xfcZc\xe1\xdb\xf3q\xf5\xc2E\xf4\xef\xdbW\xe4D\
]\xfd\xf5\x8a\xad\xba\x01\x02\xff\xd1O\xceem\xdd\xec\
\x8f\xe4\xe9\xb2`\xe2\xfb\xc71\x8a\xf4\xe6\xa1koj\
>\xc0\xb5\xb7H\x0f\x8f \xfc\x1f$\xbeT\x1a\xbe\xe5\
k\xc2\xbb\xd1H\x0cZ\x1b\x81\xbe\xef\x86\xe1\xe5\x12\x0d\
P\xc6\x97\xb0X\xaa\x01&o\xb9\x8e\xa1\xcb\xcf\x22k\
n\x1fT\xabT\x0b/\x17\xabM\xf8%[a\xd5\xdf\
$\xcf\x9b\xa2r\xe5\x1a\xc4/\xaa\x91}\x10F6\xc5\
]\xe4+\xdb\x14\x95*UG\xa1\xd2\x0d1\xe8\xfdk\
\x84\xd9\xdf\x91\xbbp5T\xab\xd9\x00\x85\x88\x9f\x8c^\
}\x15#\xd7\xd0\xb1eZ\xa0L\xd9\xaa\xc8[\xb8&\
\x1d{\x99\xec\x85k\xc8_\xaa\x11||\xab\x10o\xa8\
\x8dA+.\x91\xcd\xff\x08\xde\xb5\xba\x8b8\xb7\xfc\xb4\
\xae\xff\xf2\xabB\xbf\xcfW\xf2U\x94\xafZ\x1bY\xf3\
\x96$\xbes\x86\xf0\xcf\xf7vK\xf3O\xae\xbb\x81\xc1\
\xc4\xe3f\x91\xed\x90\xb3p\x05\xd4\xad[\xfb\x99\xd4s\
\x88\x89\xff\x1be\xe0_\xf6\x1c\x95\xf5\x83\x19\xff\x1c\xfb\
\x93X\xf2\x9f\xe7\x18\x92\x02\xfe-\xeb\x01\x93\x9c\xe3\x1a\
\xe0\xf5\xeb\xd7\x17\xfe~\xa1\x07\xbe\xf4\x92\xc8\x11\x0e!\
\xbd\xf8\x09\xec\x1b\xfd\xd2x\x8c \x04p\x8fd\xd2\xdf\
C\xc9\x16\xbf\xfe\xcfuL\x187\x1e\xb5j\xd4B\xc7\
\x0e]\xd0\xe4\xd5f\x98?\x7f\x01\x1a5z\x15#F\
\x8cF\xff\xfe\x03H\xcf\x18\x88n\x9d\xbb\xd3\xf6\x8e\x18\
O\xfb\xf6}\xbd/\xd6\xad]G\xd8{\x03\x0d\xea\xd4\
G\xbf\xde\xfd\xd0\xbf\xcf\x00\xda\xde\x99~\xa3\xf1\x18=\
z\x0czt\x7f\x0d\xaf\xf7\xec\x83&\x8d\x9ab\xf0\xc0\
!\x982i\x0a\xda\x13\xa6\x97\xbc\xfb\x1e\x9a7i\x8e\
\xd7_\xeb\x8d\xd7{\xf7\x11\xb6\xc5\xdc9\xf3P\xb7v\
}\xe2i=\x88\xba\x8bk\xf9\xf8\xc3\x8f\xb0b\xf9\x0a\
\x14\xc8W\x08\xd3'\xcf@\xfb6mqp\xbfV\x9b\
6\xec\xf4)\x9c:q\x02\x17\xcf\x9fCg\xfa\x9d8\
_+:R\xb3\xf5yN\x22\xd2F\xdc\x10\xe7\xb1o\
\xe1\x1a\x10\x5c_\xe6\xf3\xcf\xb1p\xc1|$O\x99\x1c\
\xcdz/\xc2T\x92\x87\xfd?\xbaNz\xba\x16\x1f;\
fs8\xfa\xce=@\xf2\xb7\x0c|+\xd4\x80w\x93\
Q\x18\xb4>\x0ao,>O\xf2\xb51\xbc+\xbf\x8a\
\x02e^\xc1\xa4\xcd\x7fc\xe0\xb2S\xc8\x9a\x8f\xf8\x1d\
a=_\xc9:\x18\xf71\xe9\xe6\x1f\xb2\x0e\xef\x87\xca\
\xd5j O\x81\xf2\x18\xb0\xe48\xe9\xe1\xd7\x91\xaf\x1c\
\xe3\xbf\x0a\x8az7\xc2\xe0\x0f\xfe&l_E\x9e\x22\
UQ\xb5V#\x14,Z\x9dx\xc7E\xc2?\xd9\x18\
\xe5Z\xa0\x5c\xf9\xda\xc8O\xbcf\xf0\xca\xab\x18\xb2\xf2\
/\x14,K\xb8\xaeP\x8d\xf4\x80Zd\xe3\x9f\xc5\xa8\
M\xb7Q\xb6V\x17\x94.]\x0a\x85J\xd6\xc5@\xc2\
\xff\xf0\x8fo\x12\xdfi\x8c\xd2\xe5\xab!K\xae\xa2\x18\
\xb2\xf4\x94\x98\x03\x1cB:\xff\x10\xc2\xfe\xa0570\
\xf3S\xa0\xed@\xad\x87\xec\x8c\xa9\xd3\xc4|\x9b\xa8\xbd\
\xa1\xd7\xf8vV\xf7[%G6\x00\x7f\xb2\xee\xccz\
\x80\xcb\xfe\x9f\x02\xff9\x0c\xfc\xfb\xfbk\xf8\x97\xf2\x9f\
\xf1\xcf\xf6\x7fB\xe3\x9f\xe3\x1c\xcd\xf8\x97\xf1\xbf\xcf\x02\
\xff\xe68 \x9e\xcf\xdbH\xbf\x11\xe7@\xf7!\xf9\xc7\
\xd7\x5c\xb9jU\x04\xb2\xcf\x91\xf0ok>\x91\xe8\xd0\
\xe1C\xa2\xb6\x08\xc7\x06q_\xc1\x1e=z\xa2%\xc9\
\x5c\xee!P\xb3V-\xf4 \xfb\x9c\xed \xce\x1d\xec\
\xd2\xb93\x9a\xb6h\x8eA\xb4o\x07z\xfe\xe3H\x17\
k\xe3\xd7\x06-\x9a\xb6\xc0\xd4\x89S0}\xda\x0ct\
\xea\xdc\x09o\x90M\xc2\xfb\xb4m\xdbF\xc4\x224z\
\xb5\x09a\xb4+&O\x9c\x84W^yE\xd4\x06\xac\
W\xaf\x1e\xbaw\xef\x8e\xfe\x03\x07\x88\xbe$\xe3\xc6\x8e\
A\x85\x0a\x15\xd0\xef\x8d7D\x1f\xdf\xda\xb5ka\xe5\
\x8a\x15\x987\x7f>\x8a\x14-\x8aE\x8b\x16\xa1I\xb3\
f\xe27`\xbf&\xe7a\xf1o\xc1\xbc\xa0\x0b]_\
\xc9\xe2\xc5\xf1(\x22\x22F\xce\xd8\x88ed\xdd\xf5\xf2\
\xa5\x8b\xb8z\xe52\xe9S\x17p\x97t\xda!\xc4\xeb\
^x!\x19zL\xfa\x1cS\xb6\x92>\xba\x11\x18\xb9\
\xe1\x11\xc6\x11?\x18\xba \x88t\xf2J\xa8Q\xb31\
\xaa\xb7\x9a\x80\x19\x9f\x01cV\xfd\x8b\x92\xe5\xdb\xa0z\
\x9d\xd6(V\xa95\xe6\xec\x88$\xac\xff\x86\x5c\xa4\xcf\
\xd7\xa8^\x17%|[`\xce\xa6G\x98\xb6\x9el\xf3\
\x1a\xdd\xd1\xa8qs\x14 \x5c\x0f{/\x0c\x93\xd6?\
@!\xefV\xa8V\xa56\xcaT\xf2\xc3$\xd2'\xc6\
\x7fp\x1d\x05J\xd4E\xe3\xc6\xedP\xb8d\x03L\xf3\
\xbf\x81\xa9\x9b\xef\xa1\x98OkT\xacT\x17E\xca5\
$~r\x1b\x13\xd7<@\xc9\x0a-Q\xbbV=\xda\
\xaf!F\xad\xfa\x0b\xd3\xb6\x01\x15\xea\xf6\x82o\xb9\x8a\
(\xe1\xdd\x18c?\xbc\x85\xe9t\xee\xc2>-\xe8\xdd\
\xa8\x81\xacy\xcab\xfc\xaaK\x98\xb0\x05\x18\xbf%\x1c\
\x937Ga6a\xbf\xc7\xa4-t\xcf\xc9\xf1F\xaf\
>\x88 =\xfd\xf2\x85\xf3\xb8r\xf9\xa2\xa8\xf1\xc1u\
\x7fe\xff\x0e\xb5\x9e\x07\xff\xcf\xc4\xdb$\xf1\xbeL\x5c\
/\x80I\xad\x13\xc7\xdb\xd9\x07\xa8\xc5xE9\xc5\x7f\
\xce\x5c\x12\xff\xb1\xf5\x7f\xce?L,\xf9/\xf1o\xf6\
\xff\xdb\xc1\x7fB\xcc\xff\xc7\xaa\x09\xc2\xb9\x00g\xce`\
\x95\xde\xf7[R\xe1\xc2\x85\xb1\xff\xc0\x01\x1cu#?\
)\xf0\x08\xe9\x124\xd6\xb2\xf7\xde\x13y\x95=z\xbc\
\x866\xad\xfc\xf0\xee\x82\x05h\xd8\xa0\x01\xbau\xeb\x86\
n]\xbbb\xca\xc4\x89\x18\xd8\xef\x0dT\xa7}&M\
\x98\x80.\x1d:`\xde\xac\xd9\x02{=\x89G\xcc\x98\
>\x0d\x13\xe9\xb7i\xdf\xb6\xad\xe0G\x03\x07\x0d\x12}\
\xca\x96,Z\x8c\x16\xc4O\x9a5m\x8e\xa9\x93\xa7\x8a\
\xbcm\xf6OV\xabR\x05\x1d\xc9\xbe\x1aA\xb6\xcb\x80\
~\xfd\xb0h\xfe;(F8\xe7\xdf\x97\xfb\xf81/\
Z\xbff-F\x12o(Q\xa2\x04\x96,Y\x82\xfa\
\xc43x\x1eY\xc640\x0f\x90\xf8/N\xc7J\xfc\
\xdb\xcdk\xb2\x8cO{\xf8\x00\xcd\x1bk\xb1e\xbeM\
F\xa2\xfd\xd8]\xe8>\xe3g\xf4\x9aw\x0c\x1dFo\
D\x8e\xfc%Q\xbcly\x14\xaf\xdc\x12\xad\x87o\xc0\
\xab\xbd\x96\x90N\xee\x8b2\x15\xaa#o\xc9j\xe8<\
~\x0bZ\x0d\xfe\x00\xd9\xf2\x14G)\xb2I\xf2\x17\xaf\
\x8e\x8ec\xfc\xd1n\x94?\xc9\xe1\xfa(S\xbe<r\
\xbcT\x1c\xad\x06,G\xc7\x11\xfe\xc8]\xb4<\xf2\x17\
.\x86|\xc5\xaa\xc3\xaf\xef\xc7h\xd6s1r\xe6+\
\x81\xb2>\x95\x91\xb3\xa0/\x9ds\x13\xda\x8c\xdaD6\
\x01\xe9\x08%\xca\x22\xc7\xcb\xde\xf0\xeb\xf7>\xda\x0d\x5c\
Mz\x7f5\x14/\xe7\x8d\x1c\x05\xca\xa1\xd5\xa0\x8f\xd0\
q\xf4V\xe2'\xf5P\xa0@Q\xe4+\xe2\x836C\
W\xa2\xcb\xd8\xb5\xa4OT\xa6\xf1* c\xaeBt\
-\xeb\xd1u\xc6\xff\xd0i\xf2N\xb4\x1f\xb9\x11>\xf5\
4\xdfQ\xf7\x8e\xed\xc4\xbd\x8b\x98\x8f8\xd4\xf6\xb3W\
\xcf9\xda\x98\xbbu\x89\xff\xf5\xebt\xf9\xefo\xc8\x7f\
\x89\xff\xc4\x90\xff\x9c\xeb(\xe5\xbf\x9c\xff\x8f\x0b\xfe\xd5\
\x1c\x80\xf8 \x89\x7f\x96\xff\x9c\xebV\x92\xf4\xde2e\
\xca\x08\xec\xf3\xfb\xc6\xf3\x96\x5c+\xc06?\xa1\xcfc\
\xa4/\x1c\xa4\xfb\xf2.WN\xd4\x16(AX\xda\xb4\
v=\x86\x0e\x1c\x8c\x22E\x8a\xa2P\xc1\x82XL\xf8\
\xfc\xfc\x93O\xf1R\x9e<(\xe7\xeb\x83\xd2e\xcbb\
\xc7\xf6\xedX\xb2\xe0\x1d\xe4\xa2\xdf+O\x9e\x5c\x989\
u\x0a\xe6L\x9f\x81\xe2\xc5\x8a\xa18\xc9c___\
\xec\xfb\xe9g\x0c\x1b4\x18\xd9\xb3f\x85\xb7\x8f\x0f^\
i\xd8\x10\xa7\x8e\x9f@\xfb\xd6\xad\x91=[6\x14\xa3\
}'\x91\xbdp\x86\xec\x90\xca$\xff\xd9\x8e\xcf\x9b;\
7|\xca\x96C\xe0\xa1Cx\x8bx\x0c\xcf\xc9\xe4\xa4\
\xeb\xaaU\xad\x9ax\x9e\xec\xff\xe0gpH\xcfk\xea\
\xd6\xa9\xb3\x86\x7f\xbd.\x85]\xfc\x9b\xf7\x93\xfdD\x1f\
\x87Gb\xca\xd8\x09\xc8\x93;\xbb\x98\xd3|\xe1\x05\x9e\
\xc3\xf4B\xb2\xd4^H\x936\x0dR$\x7f\x11i\xd3\
\xd2\xff)\xb3 e\xea,\xf0\xca\x90N\xacOM\xc4\
\xf1U\xc9\xd2\xa4C\xba\xf4i\xe9\xffTH\x9b*5\
^H\x91\x0e)RgD:Z\x9f6u\x0a\xa4O\
\x9b\x1a)\xd2y!e\xda\x0cH\x9f>#\x1d\x9b\x0e\
\xa9\xd3\xa5\xc3\x8b\xa9\xd2\xd1\xf1\x99\x901=\x1d\x9f!\
\xad\xc8WM\x912=\x1d\x9f\x01\xe9\xbc2\x11eD\
j\xda\xf6B\xb24HF\xeb\xd2ze@*\xf6\xb5\
\xd2y\x93\xa7\xce\x80\x17\xd3\xa4E\x1a\xaf\xf4\xe2\xfft\
D/\xa4H\x85\x17\x92\xa7A\x9at\xe9\x911cF\
\xa4\xf7J\x87d\xa9\xe8X:o\xda\xf4^H\x971\
\x03\x8a\x95*\x8e5\x1f}\x908\xfd\x9c\xa2\xa3\xf4\xd8\
N\xc7\xf8\x1f3v4r\xe6\xd6\xf1\xbf6\x06\xff\x9c\
\x7f\xac\xe2\x9f\xe7\xe6\x12\x1a\xff]I\xee\xc5U\xfe\xc7\
G\xfdogc\x07\x13\xc9\x1a\xcdA\xbaM\xc0~\xbd\
`}\x9b\xad\xf3)\xf5\xc5\xd8\x96^E\xb6v\xa3F\
\x8d0r\xe80\x84\x06\x87\xe0\xdb/\xbeB\xd3\xa6M\
\xd1\x89\xe4\xeb\xde\x1f~\xc4\xe9\xe0c\x985e*Z\
\xb6h!b\x89C\x02\x02q<\xf0(\xc6\x8c\x1e\x8d\
\xb6m\xda\xe0\x87\xaf\xbf\xc1\xa9c!\x22G\x83\xf93\
\xc7i\x9c\xa6q\xf7|\xfb\x1d\xc6\x90\x1co\xdc\xb8\xb1\
\x90\xfd\xa7C\x8e\xe3\xfb\xaf\xbeF\xdf>}\x84\x1d\xc1\
\xdb\xcf\x9f:\x8dO6oA\x93F\x8d\xd1\x84\xf6[\
\xb9t\x19\xce\x85\x9eB\x08\xe9'\xa3HGh\xe3\xe7\
\x87m\x1b\xfdq\x92\xc6\x93}gE\x5c\xf3\xf9\xf3\xe8\
\xda\xb1\x13\x8a\x15)b\x1b\xff\xd2\xfe\xe7\x9e\x88Z\x8d\
i\xadW\x95\xc8u\xdf\xb6\x1d\xbb\xbf\xfc\x0c\x07\x0e\x1e\
\xc6wt?\x1f\xad\xfa\x00\x0b\x16.\xc0\x86uk0\
i\xfcD\xe2Y\xd9\x89\xdf2\x1fkB\xcf\xe7\x1b\xac\
~\xffC\x14z\xb90Z\xfbu@\x05\x1f_|\xb3\
s'>#>Y\xb6D)\xb4o\xd3\x1e\x85\x0a\x15\
\xc5\xf6M[\xf0\xc5\x8e]\xf0\xf1.\x8fV-\xfdP\
(\x7fA\xec\xd8\xbc\x1d\x87\x7f\xde\x87re\xbc\xd1\xe4\
\xd5\xa6\xc2g\xb7}\xdbV|\xbd\xfbK\x14+T\x9c\
\xec\xae^\xa8Z\xa9\x22\xbe\xdc\xb5\x1b\xdb\xb6lC\x99\
\xd2e\xe9\x1cm\x89_\x96\xc0W\xbb\xbe\xc0\xd7\x9f}\
)\xf8}\xfb\x0e\x1dQ\xbaDI|\xb1\xf33\xec\xff\
\xf9\x17\xd4\xac^\x8b\xec6\xb2;\x8a\x97\xc2\x0e:n\
\xcf\xb7\xffCQ\xe2\xc5\x1d\xbbtC\xb9\xb2\xdeX\xf8\
\xceB\xba\x9f\x85x{\xee\xdbXL:\xd5\x8eOw\
\xe0\xbb\xff\xfd\x80\x0d\x9b6c\x83\xac\x9d\xa7\xd7\xcf3\
\xd7\xd3sTgO\xae7\xfb\x07\xd4\xef<\xff\xa7\xe5\
\xffi\xb1\xdfN\xf1o!\xff%\xfe\xc7\x8f\x1f\x9f(\
\xf8g\xfd\x9f\xf1\x1f\x17\xfb\xdfQ\x0cP|\xe2\xdfL\
\xa2\x0er\x1c\xec\x0d\xf5\x1a\xcf\x90Nq!\xec\xac\x88\
\xfd\xe0xA\x8e3`\xfd\x9am\x8d\xe3\x84\xfd`\xda\
\xff,\xe1\xf4\x22\xaf\xa3}\x8f\xf1\xb1D\xbc\x9d\x89\xf5\
\x08\xf6/r\xed8\xeeW\xc8\xf8\x12\xf1\x0a\xc4\x13.\
\x9c\x09\x13s\x0e\xccg\x82\x08\xbf'h\xbc\x0b\xb4\xcf\
\x85\xb3\xe7p\x92s\xc4\xe88\x8ek\x16\xeb\xe8\x1a\xc2\
\x08\xfb|\xbe\xe34&\x1f{\x91\xd6\x85\xd2\xb1\xea\xfd\
3\xfe\xb9Vx\xe7\x0e\xedQ\x8c\xf4\x9f\x087\xf4\x7f\
\xf6Cq\xfd?9w%\xe6\xaf\x88\xee\xdd\xbd#\xfc\
\x027n\xde\xc4\x83\x07\x0fc\xc9\xaf\x1f~\xdcCz\
V\x11\xf4\xee\xf5:\xbat\xea\x82{\xb7n\xe3\xe8\xe1\
\x00\x94!\xbd\xe9\xedw\xdeA\xed\x1a\xd5\xe9\xdaO\x93\
\xfd|\x0eU\xc9\xbe\x99<y\x0a\xca\xd2\xb6?\xaf\xfe\
\x86\x1b\xd7\xfeF\x03\xd2}\x86\x8f\x1cAX.%\xee\
\x07\x8f\x22Q\xa3f\x0d\xbc1p\x00*U\xad\x22\xde\
\xad\xd3\xa7O\xa1\x1c\xe9I\x13\xa7L&[\xa96\xae\
\xfdN6\xf6\xa5\x8b\x84\xebj\x184x\x10|\xc8~\
\xb8u\xfd_\xfc\xf3\xd7\x9f\xa8T\xa5*f\x92|\xaa\
X\xb92~\xbf\xaa\xc5E\xb5\xf4k\x85\xeed\x8fU\
!]\xe9\xdc\xf9s\xb8E\xf7Q\xae\x82/\x86\x8e\x1a\
\x81\xca\xb4\xdf\xb5\xbf\xae\x89\xbc\xaa{\xf7\xee\xe3\xee\xdd\
{\x22\xb7\xff\xaf?\xaf\xe1\xdf\x7f\xae\x8b\x5ch\xae\xbb\
\xce\xc4\xeb\xe5\xa7\x99\xe4>L\x5c\x7f\xd6L\x5c+L\
\x12\xc7\x0fq~\x16\x7f2\x7f\xd6\x9e\xbfs\xfd?G\
\xce\xecO\xf8\xff\x19\xff\x5c\xfb3\xb1\xe4\xbf\xc4?\xe7\
\xffX\xe1\xdf\xae\x0e\x10\x9f\xf8\xb7\xeaq\x12\x18\xc7\xb8\
\x82X\xd7h:&\x80\xd7\xd3u\x8b\xdaC&\xbd\x82\
e\xef\x11\x9d\x8c>i\xfc]\x893\xe0}\x0c\x12\xfb\
\x04\x0a?\x03\x8f\x15 \xf5\x0e\xee\x11\x1fp\xc4\x18'\
\x88\xe7,\xf4\xf5r\x9f\xa3\xd2v\xd2\xc7\x97\xd7e\x85\
\xff\x12E\x8b\xb8\x85\xff\xb8\xf4\xb0\xde\x7f`\xbf\xb0k\
8\xf6\xb4}\xbbvx@\xf89\xb8o\xbf\xb0\xbd\xb8\
\xf6P\x83\xbau\xf07\xe1\xf0\xf4\xf1\x10\xb2\x81\x8a\xa2\
\xff\xc0\x81\xa2\xde\x12\xf3\xb5?\x7f\xfb]\xf87\xdb\x91\
.U\x84\xf6g\x9e\xf6\xe8\xce]\xa13\xb0\xaf\xc4\x97\
p}\xe8\xe0A\x11\xd7Q\x98t\x99\x0e\xb4\x1f\xfbZ\
\xae]\xfd\x95\xec\xa5\x10\xe1\x03\xe9\xde\xb3'\xd9cE\
\x04\x0f\xfe\xf5\xc2Ea_\xb1\x7f\x96y\xcc\xef4~\
\x14\xe7\xac7h \xa8<\x8d\xc75\xb7\xfe\xf8\xed7\
\x14!\x1b\xabb\xe5J\xa8R\xa9\xd23\xad\xebn\xab\
\xff\x9f\xc4\xbf.\xff\xcd\xf8\x1f;vl\xc2\xc6\xffY\
\xf8\xff\x1d\xd9\xffv\xe6\x01\x12B\xfe;\xe2\x05\xf1Q\
k\x5c\xed}\x1ah\xa3_b\x80\x83Ze\xe6\xfd\x1d\
\xf5Y\xb6\xd3\x7f\xd5Q/V\xb6\xffY\xcf\xe8\xda\xa9\
#J\x12\xded=\x10\xbb\xfa?\xe7\xa9\xf1\xfb\xe5\xa8\
?\xb9\xac]\xcf\xeb\xf8}\xe0>\x8b\xb9r\xe6D\xda\
4i0\x9e\xde\xc3\xfb\xa4'\x9c\x22[\xe6\x95\xfa\xf5\
\x91:e\x0a\x0c\x19\xd0\x1f\xd1\x0f\xee\xe3\xf7\xcb\x17Q\
\xbfvmd\xcb\x92\x15\xf5\xeb\xd6\xc5\xd5\x8b\x97\x84\xfc\
\xe7\xfc\xc4\x8c^^\xa8Q\xad*\xfebyM\xd7\xd1\
\xab{w\xe1Sy\xb5q#\xfcv\xf92\xe9\x14\xb7\
\xd0\x91l\xa2tt\x8e^\xdd\xba#\xf2\x1e\xc9h\x92\
\xf5\x1c\xe7\x91'wnt ;\xeb\x9f?\xfe\xc0\xc3\
\xbbw\xd1\xb3{7\xa4L\x9e\x0c]:v\xc0}\xce\
\x8b\x88xD\xeb\xba#U\x8a\x14\x22w\xf5\x1e\xadc\
\x1d\xa5u+?\xadod\xdf\xbe\xf8\x99th\x9e\xdb\
\xde\xfd\xf9n\xed\xd3\xa0/\xe8\xfd\xfeB\xccq3Y\
\xd5\xd44\xd7\xd64\xd7\xfc\x909AL\xfc]\xae\xe7\
c\xb8v\x1f\xf7\x0ct9\xff\xa7\xe8\xff\x5c\xbf\xce\x91\
\xfcO,\xfc\xb3\xfcO\xca\xf8wTk<\xaes\x0f\
*\xee\x83\xac\xec\x0c\x13\xb9\xc2\x7f\x90\x83q\xecR\xb0\
\xc2C\x82\xad\xf0\x7f.\x06\xff\x11n\xfa\xffY\xcf\xe7\
\xb9,\xce\x03\x96\xf5\xeb\xf9\xbb$\xfe\xff7\xa5\xae=\
\xd7Z\xbbt\xe1\xbc\xa8\xa5~\xef\xf6-D\x91\xfd\x80\
\xc8(\xd2\x03\xee\x889\xb3\xf0\x07w\x05\x06\x11\x15)\
p\x1cv2\x94x\xc4\x1d<\xa6}\x1eGD\x8a\xd8\
\x84\xdf._\xc2m\xd2\xb3y\x1f\xa6\x87t\xeci\x1a\
\xef>\xe7 \x8a\xfc\xc8\xc7\x88x\x18.j=\xde'\
\xecFGF\x88|\xc9{7o!\x94xM\x04\xd7\
n\xa1u\x8f\xa3\x22\xc4wq\xde{w\x8d\xf1x\x9c\
\x8b\xf4L\xf8\xfa\xc4\xb1\x8c-\xb2c\x8e\x07\x05\xe3\xf6\
\x8d\x9bb\xce\xce\xd1\x1c\x1d\xf7e\xe2z\xdfL\xdco\
\x96u+&\xe6\xb1l\xd3\xc9\x9a\xe0L\x5c\x8f^%\
\xb6\xf5$\xb1\xde\xc1\xa4\xe6\xff\xf2z\xd97\xd8\x8e\xfc\
_\xa7\xe0_\xf6sb\xfcK\xfb?1\xf0\xcfz\x9e\
#\xfc?\x0b\xfd\xdf\xddx\x83\xa7\x99\x7f4\x1f\xf3\xac\
z\xac:#)\xffY\xfe\x95*^\xccm\xfc{\x96\
D7\x00\x5c\xe3\x7f\xd4H\xe4\xca\x11\x1b\xffR\xfe\xb3\
\x0e\x91X\xf2\x9f\xfd\xff\x8c\xff\x993g>\x81\x7fw\
\xea\x7f>O\xf8\x7f\x96=\x94\xe3\x8a\xff\xb0\xb3a\x02\
\xff\xa5K\x14\xb7\xad\xffK\xff\x1f\xfb\xfc\xd87\xa5\xfa\
\xab\x98\x9c\xf9\xb3\xa4OK\xddO\xae\x93\xeb\xcd~/\
\xf3\xf1\xf2X\xe9?\xd3\xfe\xff7\xd6\xb9\xcc\xc7^\xfb\
;f\xbck\xd7b\xaeA\xbd\x16G\xd7'\xb7\xa9\xbe\
=3\xc98\x7fWd\xde\x97\xf3\x02\x5c\x11\xefw\x87\
\xf4!\xce\xc9pY\xffk\xc4p\xd1\xffg\xbd\x85\xfc\
g\xfc'\x96\xfcw\x86\xffg\xed\xff\x8f+v\x93\xaa\
\xbc\x8f\xeb9\xd9\xff\xc7\xf2\x9f\xfd\x7f,\xff\xdd\xb5\xff\
\xf9\xb7\xe18\xd7-\xa6\xdeo2\xc7\xcd\x1c\xc7j5\
\xaf%\xffW\xd7\xa9\xc7\x99\xc7\x96\xe3\x9b\xf3\xe3\xe4\x18\
\x1b-\xe6\xde\xe46W\xe7utmj?,\xb5/\
\x96$\xfe_\x92\x9c\xcf\x93\xfbIR\xf77\x93z\xac\
\xf9z\xf9\x7f\xde\x87\xeb\x09=\xb2\xa1\xff\x8f\xe2\xfe_\
\x8a\xfd/\xe7g\xcd\xf8O\xa8\xfa\x1f*\xfe\xf9\x1cO\
\x8b\xff\xc4\xc0\xbe\xbb\xd8IJ:\xc0\xd3\x9cS\xc8\x7f\
\xb2I;\xb7w\x0f\xffq\xf5\xff{\x96\xb8\xfb\xfdE\
\x0d\x16\x1b\xfd\xbfG\x8e\x18\x16\x0b\xfff\xfd\x7f\xc2\x84\
\x09\x89\x82\x7f\xae7\xc4s\x8cf\xfc\xc7\xa5\xfe_R\
\xd1\xff\xed\xe2?\xb1\xf8\xc1\xd3\xde\x87\xc4\x7f\xa7\xf6\xed\
b\xe9\xff\xee\xd4\x0e\xf6,\x89\xdc\xcfY\xaf\xe9\xe6\x08\
\xffC\x87\x0d1\xf2\xff\x1c\xe1\x9f\xf3\x7f\x13C\xff\xe7\
\x18\xb6\xa7\xc5\x7fR\xb2\xff\x9d\xc9^G\xfa\xca\xf3\x84\
\x7f\x89i\xbb\xd8g\xff7\xcfM\xa9u\xeb\xd4z\xf6\
\x8eH\xadogu\x9cy~L]\xefhLs\xdd\
|\xabs\x9a\xcfm>\xbf\xd5:39:\xd6\xce6\
\xbb\xfb[]'\xfb\xee\xb9\x06\x80\x16\xfb\xeb8\xfeg\
\xd8\xf0\xa1Z\xfd\x1f\x81\xffu\x86\xfd\xcf\xf3\xb0\x8c\xff\
\x89\x13'>S\xfc?S\xfb_\xce\xa1\xeb12\x01\
I\xd87\x9fX\xfe\x7f+\xfc\xdb\xf5\xff\xb1/\x8b\x8f\
\xe79.\x9e\xef\xe2y/\x9e\x03\x93\xf3av\x88\xe7\
\xcf$\xa9\xf3h\xea\x5c\x9a\x1c\xd7\xd1\xd8\xea\x18\x97/\
_\xd2\x88s\x12\xaf\x5c6m\xbbly>\xc7c\xc5\
\x90\x9c\xef\x93s~\xae\xc6rv\xbd\xe6}\xac\xeeW\
\xce\x1f\xb2\x7f\x86\x89\xb7\x8b\xf9?\x17\xf9?\xc3\x87\x0f\
3\xf0/\xe3\x7f$\xfe\xb9\xa6\x15\xd7\xb6\xe7\x98\xfc\xc4\
\xc0\x7f\xdb\xb6mE\x1elR\xc9\xff9\xea >\xc6\
\x83\x7f\xf7\xf1\xef\xd1\xff\x9fQ\xfc\x9f+\xfc\x8f\xd0\xf1\
\xbfq\x83\x11\xff/\xf1\xcf\xfd\x05\xb9\xb7eb\xe0\x9f\
\xed\xff6m\xda\x08\xfc\xcb\xfa\xffO\x95\xff\x13\x18$\
\xc8V\x0c\x8e\x1e\x87\x13\x1f>\xb2\xff:\xfe\xcf\x91l\
\xe9\xc4\xfe\xff\x92%l\xe3_\xee\xc75\xec\xf9w\xe6\
\xf87\xe6\xf7L\x1c\xf7\xe1\x8c\xe4>2n\xce\xbc\x9d\
\xd7\xc9\x18\xba\xd8\xf1u\xbb\x8d\xe3\xcd\xe7\xb1\xfe\xff\xb3\
X\xff\xcb}\xe4w\x95\xe4y\x1d]\xb3\xb3m\xe6s\
\x98\xc7\x95\xdf\xf99\x99\xc9\xd1u\xa8$\x9f\x05\xeb\xff\
,\xff]\xcd\xffI\xfcot\x80\xff\xa9S\xa7\x8a\x98\
\xdc\xc4\xc8\xff3\xe3\xdf\x9d\xfe_V\xf8\x0f\x0c8j\
;\x06/\xc0\x83o[\xf8\xe7\xfc\xa4\x8e$\xff\x05\xfe\
\xa3\xdd\xd3\xff9\xc6\x8f\xe3\xd2\x1c\xc5\xaf\xb9\x22\xab\xde\
\x17V\xfb\xa9c'eR\xaf\xd7\x1c\xdfg\x15\xe7'\
I\xaeW\xf7\x931\x822^\x90m\x02g5\x80c\
\xe1?\x8f&\xff\xd9\xff\xe7\x08\xff\x89\x91\xff\xdf\xbau\
kK\xf9\xef\x0a\xff\xe6\xbc<\xad\xee\x96\x1b\xf2\xdf\x83\
\x7f\xdb\xf3\xff\x8c\xff\x0e\xed\xda\xa2T\xa9\x12FL\x9f\
'\xfe/\x09\xfb\xff\xed\xe0\xdf\xf0\xff\xc5\xc6?\xe7\x15\
\xcc\x99;\x17\xb3I\xffoG\xb6yb\xe0\x7f\xfa\xf4\
\xe9n\xeb\xff\x1e\xfc?\x0b\xfc\x97t\x0b\xff\xb2\x17\x85\
\xb9F\xbd$\xabu\x1e\x8a;9\xab\xfdk\xae\xff\x9d\
\xdbB\xfe\xf3\xfc\x1f\xe3\xafF\xed\xda\x98B:\x00\xd7\
\x9bHh\xfb\x9f\xf1?m\xda4\xd1\xffS\xd60\x8c\
k\xfd?W~\xc0#:y\xfc{\xee\xe1\x9f}\xcc\
\xed\xda\xb7E\xc9R\xee\xe9\xff\x1e\xf9\x9f4\xe4\xbf\xac\
\xd3\x1a!\xfb\xff\x8c\x18\x8a\xbcl\xff\xfb3\xfe\xd7h\
q\x84,\xff\x19\xff\xbbw#K\xe6l\x18?n\x22\
\xd9\xe6\x09+\xff\xb9\xde0\xfb\xff\xd9\xd6`\xfcs\x0c\
\x02\xcfc\x1e\xe0\xfazn\xca\x7f\xbb\xf8\x0f\xf0\xf8\xf7\
\xe3\x14\xffk\xe0\xdfM\xff\x1f\xd7\x0f\x14unMq\
\xb3\xce\xea\xdc\xaa\xb1\xad\xe68Ws\xec\xae\x1aKk\
\x8e\xf1\xb5\x8a\x93\xb5Zo\x97\xac\xae\xcfQ\x8d^s\
<\xb2U\xbc\xb2\xab\xbe\x1eV\xcf\xc2*VY\x1e\xc3\
\xbe3\xab\xfe\x9fO\xe2\x7fH\x0c\xfe\xd7\xc5\xc6\xff\xd7\
4F\xbe\x97\xf2\x89\x18\x00\xae-\x9b\xd0\xf8\xe7\xdaW\
\x5c\xaf\x96\xf5\x7f~&\x1c\xd3\x90P\xf5\x7f\x03\xfe\xa3\
\xf87\xf7@KH\xfcK\x99nG\xf6\xcb\xfc_\x99\
\xb7\x13\x17R\xf3m$q\x8e\x8e$5\x97\x98\xc9j\
\x9d\xba^=V\x92\xab\xf3\x9b\xaf\xc5*O\xc9|\x8d\
f\xb2:\xaf\xd5u\xda%\xab{\xe0\xbc#+\x1b \
\xf2\x89\xf8\x7f\x92\xff\xa4\xff\xfbo\xdaH\xf8_k\xe0\
\x7f;\xd9\xff\xdf\x92\xfc\xcd\x953W\xa2\xe0\x9f\xeb\x8d\
r-\xbc\x5c\xb9r\x89\xf9\x7f)\xff\x13\x0c\xffN\xea\
_<k\x92=D\xe5\xa7+J\xac\xf8a\x81\xffs\
q\xc3\xbfg\xfe?\x89\xe9\xff\x0a\xfe\xf3\x90\xfc\xf77\
\xe9\xff\xdb\xb6o\xc7\x0f\xdf}\x87zu\xebc\xe2\x84\
\xc9\x09\xae\xffs\xcd\x17\x96\xfd\xf9\xf3\xe77\xe4\xbfm\
\xfd?\xd0\xc2\xff\xe7\xe0\x98\xa4.\xe7%\xe6\xb9\xe6.\
\xe3\x8d?\xe5w\x95\xe4z3\xa9<!\xbeu\x01)\
\xff;\xb4k\x8d2\xa5\x8a\xdb\xc6\xbf\xc4>\xcfO}\
\xf7\xbf\xff\xe1\x87={\xf0\xc3\x8f?\xe2{\x22\xfe\xfc\
Q'\x9e\xb36\x93\xa3\xf5\xe6}\x1c\x11\xc7\xb0\xc9O\
I\xe6\xed\xea:u?\x9e\xffbR\xbf;\x22\xf6\x95\
\xab\xff;:\x9f+R\x8fstm\x8e\xf6\x93\xd7\xc1\
z3\xc7\xcd;\xf3\x01r\x9fg\xa1\xff3\xfes\xe5\
\xc0&\x9e\xff_\xb3F\xb3)\xd8.\xd9\xb6M\x8c\xd5\
\xbam;L\x984Y\xd8\xe6\x09\x89\x7f\xce\xd1\xe4:\
j\xf9\xf2\xe6\xc5jE\xfe\xdb\xc6\xbf\xee\xefw*\xff\
\x93\xb0\x9e/q\xafb\x9c\xe7\xdb\x9d\x91\x99'\x98y\
C|\xeb\x05*\xfe\xcb\x96.!\xeaZ\xba\x83\x7f\x9e\
\x93\xe6\xeb\x96\xfc\xed\x88I\x7fq\x96+ag\xbb\xdd\
\xdcj\x95/\x8a:\xae\x16\xff;[\xa7\xfeoE\xc1\
\xc1\xc1\xb6\xc8j<u\x9b\x1d\xfem\xc85E\x1f\xe4\
g\xcbq\x05\xce\xf1\xaf\xd9\xffcF\x0f\xd7\xf0\xbf\xe1\
I\xfcs^A\xf1\x92\xa50i\xca\x94\x04\xef\xff\xc7\
\xf8o\xd8\xb0!\xf2\xbf\xf4\x92\xa8Y\xed\x8e\xfe\x1f\xa8\
\xe0\xdfU\xfc\x7fR\xd3\xf3\xe5'\xe3\x82\xfdcv\x88\
y\xa2y\x9d#\xfe u\x82\xf8\xe0\x01\x12\xff\x1d\xdb\
\xb5A\xb9\xd2%\x85o\xc9\x1d\xfb\xdf\xb3$\xbd\xf9\x7f\
\x89\x7f\x7f\x8e\xffW\xf0\xbf\x99\xf0\xc8\xfaD\xb5\x1a5\
1q\xf2\x14\xf8\xb5n\x9d\xe0\xfa\x7f\xdd\xbau\x91+\
G\x0e|D\xf8g~\x10\x17\xfc\xbb\xb2\xff\x93\x1a\xfe\
\x19S|\x8f\xae\x88\xf59I\xe6m\xcc\x0f\x98\xd4\xef\
\x92G\xc4'\x1f\xd0\xe2\xff5\xf9\xef.\xfey_\xf6\
Gk5\xbf\xef\x0a\xba\xab\xd7\x01\x97}m\xcd\xfdn\
\x9d\x91\xacu\xe3\xce\xbe\x8ej\xe5\xa8\xb5v\x5c\xd5\xe6\
q4\x8e;\xd7m\xf7\xda\x9c\x8d\xab>/\xf5\xbb\xbc\
'\xfe\x8c\xb2\x91\xff?\x9a\xf0\x9f+g6l\x14\xfd\
?b\xcb\x7f\xc6\x7f\x8f\x9e\xbd0\x89\xf0\xdf:\x81\xf0\
\x9f,Y2\xf1\xc9\xfe\x06\xee\xadY\xaeL\x19\xac\xd1\
\xed\xff/\xe3\x80\x7f\xa3\x96n\x12\x8d\xf5Qe>c\
\xf4\x97_~\xc1\xde\xbd{\x9d\x12\xf7ad\xb2\xda\xc6\
\xc73Y\xf1\x07G| \xae\xf3\x04\xb2\xfe\x9f\xc0\x7f\
\x19\xfb\xf8\x97\xfa?_\xe7G\xabWc\xed\xbauX\
M\xb2\xe6c\x22\x9e\xebe\x7f\x0f\x13\x7fw\x87\xd6\xd0\
\xf1fr\xb4\xaf<\x87\xa3\xf3\xa8cp\x1c\x0c\x93\xd5\
\xf8\xeazG\xfb8\xbb\x0ey.w\xef[\xdd\xd7\xea\
Z\xd5\xda@\xbc\x0f\xc7\xef\xd8\xaa\xff9r\x84\x90\xff\
\x1b\xe8\xb85\xba\xfc\xe7yD\x96\xc7\xbb\xbf\xd8\x8d\xe2\
\xc4\xe79\x07\xa8}\x02\xdb\xff\x8cw\xe61\xdc\x7fj\
\x1d]\xff&\xe2A\xbb\x9f\x02\xffIY\xfe3\x06\x19\
\x0b\x8ci\xee\xb1\x22\x89}Y\xe6\xeff_\x97y?\
\xc9\x1bT\xfe \xf9\x81YG\x90|@\xf6\xf3q\x97\
\x0fH\xfcw$\xfc{\x97-\xe5\xb6\xfe\x1fK\x1e\x89\
\xdc\xb4\xc7Z\xad\x1a\x9d\xe2T\xe7\xc6\xe2\xd8\xa7\x19\xf3\
\x99\xd6\xec\xb1\xb8\x0f\xab{\xb2C\xfc\xacm\xc9\x7f\x81\
\xff\x9c\xd8H\xfa?\xf3d\x8e\x9d\x90\xfd\x838&/\
K\xb6\xac\xa2\xf7TB\xc7\xffq\xccB\xcb\x96-1\
{\xd6,\xac\xe1\xf8?\xba\x86\xafl\xe7\xff=?\xf8\
g\x19\xccX\xb5\xf2\xe1:\xf2+K\xb2\xf2/[\xf9\
\xceU~\xa0\xea\x06\xfc,\xa5\xbf\x80\xaf\x83\xf9\x80\x95\
\xbf\xcb%\xfe\xdb\xb7\x81\x8f\xc0?\x8cw\xcdc\xff'\
\xd1\xfc_;\xf5\xffr\xc6\xc8\x7f\x89\xff\xed\x9fl\x17\
\xf3\x08\xa5J\x94\xc4\xb4\xe9\xd3\xd1.\x81\xf2\x7f\xa4\xfe\
\xcf\xf8oA\xf8\xe7s\x89\xf8?\xfa\xff\x9b\xff\x90\xfc\
g|\xb1\x0cf\xcc\xaa=\x1b\xd4\xbe\x0df\xb2\xaaY\
#\xf7\x97\xc7\xaa|A\xe5\x05R70\xdb\x08f{\
\xc0\x91\xcf\xdb\x15\xfe\xa5\xfc\xb7\x83\x7f\xa9\xffs]\xfa\
]\x9c\xb3J|\xfds\xce\xd7u\xd2\xf7B\xae\xe7O\
\x95d~\xab\xa3\x9c_\xf3v\xf3\xbeVy\xc0\xe6|\
[s.\xaf32_\x87\x9d\x5c_G9\xc3\xce\xc6\
wvO\x92xl\x8e\xa3\xe3X\x1a\xfe\xff\xce\xed\xdb\
\x0e\xf53U\xfe\xe7\xce\x99\xfd\x09\xfd\x9f{\xb3\xf0\xbb\
:x\xc0@\xbc9w.\xda\xba\x81\x7f\x96\xe9v\xc9\
\xb0\xff\xe9|\xad\x08\xff3\xa6M\xc3:\xb2gd\xfc\
\x9f\xbb\xf3\x7f\x8c\xed#N\xe6\x86\x12\x03\xff\xe6\xb9\xa2\
c\xc7\x8e\x09\xecIL\xab\xf5\x9d\xac\xdeq\xf3\xbb.\
\xbf\xabXQk[I~\xa1\xea\x09R7P\xed\x04\
\xe6\x05\xaa\x1e y\x80\x8c\x15p\x0b\xffe\xec\xe3_\
\x12\xfb\xa5\xd4\xfe\x1f\x8eb\xf0\xd4x8G\xff\xbb\x1b\
3\xe7*\xce\xcf\xd1u\xd8\xa5\xb8\xc4\xed\x99\xfb\x9f\xa8\
}Q\xe46\xf5\x7fu\x7f\xf3v~\xaeL\xdco\x84\
\xe9\x0f\xfa\x1ea#\xff\x7f\xd4\xe8\x91F\xfe\xdf\x9a\xb5\
\xab\x0d\xfc\xb3\xff\x9d\xdf\x9f!C\x86\x88\x98|??\
\xbf\x84\x8d\xff\xfd\xf4S\xb4i\xd5\x8a\xf0?\x15\x1b\xd6\
\xad\x13\xe7\xff\xdfw\xdf\xe3\xc8\xe1#n\xc5\xff\xa9\xf8\
\x7f\xd6\xf2_b\x9fq\xa7\xf2s+\xd9\xe0\xa8\xc6\x83\
\xa3\xba\x13r,\xe6\x09\xb2\x0e\x9c+> u\x01\xfe\
\x94~\x01\xe6\x03v}\x82\xd2\xff\x1f\x17\xfc{\xe2\xff\
\x9e\xc9\x04\xa0k\xfd\x9f\xf0/\xfa\x7fm`\x9f\xec\xc7\
\x86\xfe/\xf1\xcf\xbd\xe4\xe7\xcc\x9c\x89\xd6$\x9bU\xbc\
\xc6\x05\xe7V\xc7&\xd7\xe5\xff\xe7;w\xa1-\xe7\xff\
\x13\xfe\xfd\xe9\x1aX\x87\xd9\xbf\xef\x80\x8e\xef@\xb7\xf1\
/\xb6\x99bc\x13\x1a\xfff\x19\xcaq\x1c\x8c?\xbe\
\x17\xc66\x7f\xb2_\xd6\xa0O>\x8d\xd5\xf7N\xa5X\
\xfb\x11\xf1\xb1r\x1c\x95W\xa8|@\xd6\xd6T\xfb\xc3\
I\xbb@\xf5\x0d\xa8z\x00\xebW\x8ck\x95\x078\xe2\
\x03R\xfew\xea\xd0V\xb7\xff\xdd\xd3\xff9w\x90y\
\x97#}\xc7U\xff;\xbb\xe4\xaa\x96\xa8\xa3z\xa1V\
\xf5?\x1d\x1do5\x9e\xa3Z\x9d\xee\xdc\x83\xab}\xad\
\xce\x19\xcbf$\x12\xf1\x7f\xf4\x1bs\x7fR\xbb\xf2\x9f\
\xf1\xcf\xf2\xdf\x8c\xff\x91\xc3\x86a\xf6\xf4\x19\xf8\xe7\xaf\
k\xd8\xbf\xf7\x97'\xe6\x90%\xae\xf8\x9d\xe1\xfaN,\
\xefd\x0c\x13\x7f\xe7ur\xbd\x99x\x9f\x10\x8eu\xa2\
\xe3o\x5c\xff\x97\xf4\xff\x16\x989}\x1a\xb6\xd0\xf9\xf9\
\xbd\x0d\x08p\xbf\x1eo\xa03\xfb?\x11\xe2\xff\xd48\
.\xfe=\xd8\xae\x91=-\xf9\xbb\xe8u\xa1\xf7\xbb\x10\
\xbd)\x94\xfe\x17j\xbf\x0a+\x92\xfd2\x99$O`\
{O\xe5\x05*\x8e\xe4\xfb-u\x01\xc9\x07\x98\x07H\
\x9f\x80#\x1e\xe0\x0c\xff\x9d;\xb4s\x0b\xffr\xfe\x9f\
\xf3b\xb8n\x8d\xda\xd7\xce\x8ad\xef;\xd9\xd7\x5c%\
u\x9b\x15\x99\xf7W{\xea9;\xde\xd5u8\xbb^\
G\xb5{\xd4\xfa=\xce\xf61\x93\x9dsY\xd5\x03\x92\
\xc4u\x91\xce\xd25G9\x89\xffs\x84\x7f\xae\x03\xce\
9\x00\xfc\xbe\xf1\xbb2r\xe4H\xcc\x981\xdd\x96\xba\
\xc1\xf1\x86\xea\xbb\xe0\xee\x1cL\xeb\xb6$\xff\x09\xff\xff\
\xa3w\xf6\xf0!\xb2K\x03\xe2P\x93[\xb1\xbb\x13\xbb\
\xd7\x86Z\x83\xf4k\xc2\xe1&\xbd\x96B\xac^3\x1b\
7`\xbdN\xfc\x9d\xf7\xf1\x17\xeb7\xd2:=\x1f\xd5\
A^\xa7\xca\x1f\xd4\xde\xb9\xcc\x0b\x98\x0fH\x1bA\xfa\
\x0d$\x0f\x90\xbeB\x95\x07H{\xc0\xac\x078{N\
F\xff\x9f\x8e\xed\xdc\xf2\xffI\x19\xe4Y\x92^\xfc\x1f\
\xf7\xff\xe3\xf9?\xee\xff!\xfc\xff\x1b\xd7\x8b\x5c@)\
\xff\xb9\xff\xcf\xa4\xf1\x13\xc4\xbe\xe1\x0f\x1f\x222*B\
#\xbd^K\xb8\x9eG\xf0\xd3\xde\x9f\xe0S\xde\x075\
k\xd7$\xaa\x85\x9auj\xa1N\xbd\xba\xa8P\xb1\x22\
\xc6\x8c\x1d+\xf6y\xa4\xd4y\x89!Z\xf7\xe8\x11\x1e\
=\x0a\xc7+\xaf4\xc4G\xabV\x09}\xc0\x1c\xbf\xee\
n\xef\x1f+\xff_Bc\x9fe>\xebG,\x8f7\
\xac[/\xec\x18\x8e\xc9X\xa3\xc7\x89\x88\xd8\x8d\x8f5\
Z\xfd\x91\xf6\xb9V\xc6r\xac^#\xe6_\xd5\xf8\x0e\
\x19\xdba\xd5\xef\x89y\x82\xca\x0b\x98\x0fH}@\xe5\
\x03\xd2?`e\x0fH=@\xce\x0b\xb8\xd2\x01T\xfd\
\xdf\x1d\xfb\xffy\x9b\x8b\xff\xff4\xff7F\xc7\xff\xba\
ukc\xe1\x9f\xdf\xa9oIv\xacZ\xb1\x02\xad\xc8\
.\x17\xe3\x89\xfaM\x11\x1aED\xd2\x18Z\xad!\xfe\
\xfd9\xf6\x90\xf5\x13U\xe7b\x0a\xa3u\xbf\xff\xf6\x1b\
\xed\x1f\xbb6QD\x84V\xeb\xe9\xe1C-\x0f\xe1\xc7\
\x1f\xf7\xa0f\xb5\xea\x02\xfb\x81J\xacj\x5c\xfb\xfe\xc4\
W\xcf+\xdb}\xb3\x8f\x05\x0b\xecl\xdb\xba\x1d\x1f\x13\
\xb6\xd7\xad^+\x88\xe7U\xfcu\xf9-\xb0\xbae\x9b\
N[\xb1y\xd3f\xc2\xf4F\xc2\xfeZ|\xb8\xea#\
\xac\xfa`\x15>\xf8\xe0\x03\xac\x22\x1e\xf8\xe1\x87\x1f\x8a\
<hs\xdc\x97\x8c\xf3\x92\xbc@\xf2\x01\xa9\x0fH\xbb\
\xc0l\x13\x98y\x80\xd5\x1c\xa1\xe4\x012>\xc8\xcc\x03\
\x0e\x1d\xd6\xf1\xdf\x9e\xf1_\xd2m\xfb\xff\xc4\x89\x13\x86\
\xfd\xaf\xce_Y\xcdk9\x9a\xefS\xe7C\xac\xf67\
\xfb\x13\xd4q\x1c\xcd#\xba\xf2?\x98\xb7[\xd9\xf7v\
\x8e3\xcf\xf5X\xad\xb3\x9a\xfb\xb1\xba6G\xbe\x0e^\
\xc7\xfb\xb3\xcd\xf7\xe0\xc1\x03\x97\xf3\x7fcG\x8f\xb2\xc4\
?\xcb\x93\xcf\xe8\x1d\xfa\x85\xde\x91\xa6\xcd\x9ba\xe6\x9c\
9\x09\xc6\xa7N\x87\x9dE\xdd\xba\xf5\xb0\x860p\x86\
\xec\x97\xa3n`\xdf\x11\xfe\xd5\xfa?\x09\x8e}\x92\xfb\
\xecG\x17x^\xbf\x11\xdb\xb7\x91N\xbe\xfdSl\x5c\
\xbf\x01\xcb\x96-\xc3\xdc\xb9sE\x1f%\x9eKy\xbd\
o\x1f\xf4z\xbd7\xfa\xf5\x7f\x03\xc3F\x0c\xc7\xd4\xe9\
\xd3\xf1\xee\xbb\x8b\x85\xfc\xdf\xec\xaf\xd5za\x9d`\x15\
\xf1\x81\xf7W\xae\xc4\x07\xef\xc7\xf0\x03\xc9\x13$/\xe0\
~-\xac\x178\xe2\x03R\x170\xeb\x01\xfcn\x98\xe7\
\x05\xd4yAG:\x80\x91\xff#\xfc\xff%\xdd\xf6\xff\
_\xbdzU\xc4\x00\xa8\xf5{\x99'HR\xd7\xf1~\
\x8eH\xfa\x94\xac|K\xe6m*Y\x1d\xeb\x88\x5c\x8d\
e\xe5\xcfR}_\xae\xc8\xbc\xaf9\xff\xcf|O\xea\
\xfeV9\x86\xea\xfb.ug\xab\xfa?V\xf8\xe7\xf8\
\x9f\xb5\x16\xf8g^\xfd-\xcb\x8bo\xbeE\xebV~\
h\xd2\xb2\x05\x06\x0d\x1e\x8cQ#Gb\xec\xb81\xa4\
\xd7\x8f\xc1\xa8\xb1\xa3\x05\x8d\x18=R\xbc\xcf\x82F\x0e\
\xc7\xf0\x91#\x04\x8d\xa0}G\x8d\x1e\x8dqdG\x8c\
'\x0cL\x988^\xd0\xb8\xf1c\xe9\xffq\x184p\
\x00j\x93\x9d\xb0|\xf9r\x5c<\x13\x86 \x8eI\x8b\
\xa7\x9e\x5c\x09\xa1\xf7\xb3\x0f1\xf8(\xe9\xfa\xecG\x0c\
\x08DHp\x08\xc9\xfe\x10|\xb2c'\xd6\xadY\x87\
yo\xcf\xc7k\xbdz\xa1z\xcd\x1a(\x5c\xac\x88\xa8\
gP\xa8P!\x94,Y\x12\x15\xc9\x16\xaa^\xbd\xba\
 \xfe^\xbati\x14(T\x10y\xf2\xe5\xc5K/\
\xe7\x83w\x85\xf2\xe8\xd4\xb9\x0bf\xcf\x9cM\xb6\xc1\x1a\
\xf8\x13/a\xec\xaf\x5c\xb6\x1c\xef/_\x81\x95+\xdf\
7\xf4\x03\xa1\x1b\xac\xfe\xd8\xd0\x09\xa4\xdfV\xea\x19f\
]\xc0\xac\x07\xc8\xb9A\xa9\x03H\x7f\xa0\xea\x070\xc7\
\x05I\xfc\x0b\xf9_\xd63\xff\xf7\x1cX\x006\xf2\x7f\
F\x09\xff\x9f\xc4\xbf\xf0\xff\xe9\xf8\xe7w\xe6\xdb\xaf\xbf\
\xc5\xfe\xbd\xfbp\xea\xf8Il\xdf\xbc\x15\x0b\x16,\xc0\
\xa2E\x8bHf-\x12\x9f\x82\xde\xe5\xff\xdf\xd5i1\
\x16/^\xa2\xd1\xbbK\x8c\xf5\x8b\x17/\xc6\x92%K\
\xc4\xe7\xe2\xc51\xff\xafz\xff}\x1c\xa6w\xee\xec\xe9\
\xd3\x08\xd6\xdf\xb9\xc4\xec\xc9\xe76\x051_\x09\x10\xbe\
\xc9S\xa7\xc3p\x8a\xec\x9bEt/\x8d\x9b4A\xe1\
\xc2\x85Q\x98\xf0\xfc\xea\xab\x8d1m\xeaT\xec$\x9e\
\xc0\xbc\x9b\xe34\xa4.f\xf6\x97rL\x0c\xfblY\
\xd7\x9a2q\x12\xea\xd4\xa9\x8dl\xd9\xb3!w\xde<\
h\xde\xaa%\xe6\xce\x9b'\xec\x83\x8f?\xf8\x18\xcb\x16\
/'}b9V\xae\x90z\x81\xa6\x13\xb0> \xfd\
\x04f]\x80\x7fG\xd6\x03d\xcc\x80\xea\x13d=\xc0\
\xec\x0bp\xa6\x03\x18\xf6\x7f\x1c\xe4?\xefw\xf7\xee]\
#\x16\xc7Y\x1d-\x95\xfe\xf9\xe7\x1fA\x5c\xcf\xeaY\
\x92\xcc\x0d4\xffo\x97\xcc9\x86\xce\xf2\x0c\xd5\xdcD\
u\x7fG\xd7\x14k\xbc\x9b\xd7\x05\xdd\xbcuC\xf8\xe9\
\x5c\xda\xff$\xbb\x19\xff\xebt\xff\x1f\xcf\x03\xf8o\xf2\
7\xe4\xff7\xdf~\x87\x9f~\xdeK\xbf\xfd\x11\x9c\x0a\
=\xf5\xc4\xfc\xca\x13\xf33g\xe83\x8c\xe9\x9cF\x0e\
\xf6\x93s2\xa7\x09?A\xa4\xbfp-\x88\xc0\xa7\xe8\
\xdb\x95h\xf8\xa7\xebdy\x1fv\xfe\x026\x90\xbe_\
\xa9ZUxe\xcc\x88W\x1b7\x16y\x0b\xbf]\xfd\
\xd5\xa1/V\xado-\xe7J\xac\x96\x8bg\xc3\xb0d\
\xe1\x02T\xafZ\x05^\x99\xbcP\xb1reL\x9f1\
\x8bt\x82uX\xbet\x05\xde[\xfc\x1e\x96/[\x81\
\x15+\xde\xc7\xfb\xc4?Y\x1f\xf8\xf8\xe3\x8fb\xe9\x02\
\xb2\x8e3\xf3\x00\xb3-\xa0\xfa\x02\xac\xec\x00\xd6\x01\xac\
\xe2\x025\xf9\x7fN\xe8\xff\xe5\xe2`\xff\xf382\xc6\
T^\xa3\xa3\x9a\x9a\xe6\xfa\x9c\xe6Z\x9dj\xadO\xe9\
\x1f\x8d/Rs\xe9\xcc\xa4\x9eO\xbd\x06\xb5\xee\xa8U\
\xedQ\xf3:\xabc\xcd\xe7\xb1\x1a\xdbY=S\x7f\xff\
\x8dZ\x1f\x9f\xf5k\x85\x0c\xbfu\xfb\xa6\xc3\xfa\xac\x86\
\xfc\x1f3\xea\x09\xfco\x12\xf8\xdf\xae\xe3\xff[\xc2\xff\
\xcf8\xc8\xb9\xa36\xeb\xd1\xb9C\x87\xf9S\x99\x97O\
\xca\xf8\xe7\xeb=\x7f\xf6\x02\xf6\xfc\xb4\x1fM[\xfa\xc1\
+KF\xf4\xec\xf5\x9a\xd0[\xd4\x85\xf3.y>\x83\
\xf5/w\x96\xf0\x88pD<z\x14k\xdd\xde=?\
\xa2E\xcb\xe6H\x95.\x0dj\xd4\xaaI\xba\xd4\x12!\
\xf7Y\xb7Z\xfa\xde2a7\xadd?\x01\xd9\x05l\
\x13\xc8y\x03\x95\x07\xa8\xfe\x009/\xc0z\x80j\x07\
0\x0fP\xe7\x03\xa4\x1fP\xe2_\xabUp\xc8\xa8\xff\
Q\xb6tI\x8f\xfe\x9ft\xb5~\xd1\xf37*\xda\xf5\
\xfc?\xe3?g\xee\x1c\x02\xffB\x87\xd4\xf1\xcf\xef\xcc\
\xe7$/\xbe\xa3wd/\xe3\x9f\xe7\x86l\xce\xb9\xc5\
W\x7f\xea\xa4\x80\x7f\xb6\xf5\x8f\x92\xbe\x7f,(\x18\x17\
/\x5c\xc4|\xd2\xf5\xb3\xe5\xca\x85\xe6\xcd\x9b\xe1\xd4\x89\
\x90\x18]\x9ep\x1b\x1e\x1e[\xc7\xff\x8b\xf4W\xe6\x9d\
\x8cK\x8e\xa1\x1e5j\x14\x06\x0d\x1a\x84\xc1\x83\x07\x93\
\xdd5Z\xac[\xf9\xc1\xfb\xf8\x8a\xf4\xf1+W\xaf\xc6\
:\xf6Axl^p\xf0\x97}\xa8W\xbb\x0e2\x90\
>\xd0\x7f\xc8`\xb2\xfd\xd7b\xd9\xbb\xcb\xc8&x\x0f\
K\xc9&X\xc66\xc1\x07\xab\x0c\xff\xa0\xca\x03T\x7f\
\x80\xd9\x17\xa0\xda\x01f\x1d@\xda\x00\xaa\xff\x8fca\
\xda\x12\xfeK{\xe2\x7f\xff\x1b\xf3\xff\x0e\xe4\xbf\xc0?\
\xfb\xff\x08\xff,\x17\xa4O(^\xb1\x18\x0f=z\x13\
\x12\xffB\xef%\x19\x18\xc2~\xe3\xd0\x93\xe8\xd0\xa5\x0b\
r\xe4\xc8!\xf2\x93\xe4\xf20\xfc!\xc9\xed\x08\xe3\xff\
\x90\x93'\xf0\xce\xa2E\xe8\xd2\xad\x1b\xda\xb6o\x87~\
\xfd\xfa\x89\x1ejK\x97.\x15:\x9a\x8c\xd7a\xfb\x9c\
\xe7\xf5\xe6\xcd\x9f\x8f!\xc3\x86\x89\xfc\xaa\x0e\x9d;c\
\xe6\x9bsp\x80pf\xfc\x86d'<z\xf8\xd0\xf8\
\x7f\xe5\x8a\xe5H\xef\x95\x01u\xea\xd5#\xbc\x7fH\xf6\
\xc0r\xe1kYJ\x9f+\x96\xc7\xe8\x01\xcc\x03T\xbf\
\xa0\xe4\x01\xec\x0fT\xe7\x04\xa4/@\xc6\x05\xa8<@\
\xfd\xcdc\xec\x7f\x0d\xffe\xcb\x95\x89\x93\xfe\xcf\xd7!\
\xe3\x9de,#\xdb(*9\x8a}Tc\x9e\xe4\xb1\
\xea\x18\xe6\xb1\x1c\xc5Q\x9a\xeb\xf1\x9b\xc9|Nu<\
5\x06\xd3\xd9y\x1c\xc5s::\xa7U\x9f\x005\xbe\
\xc3\x1c\x03j~\x1e\xf2\x99l\xdd\xbaM\xab\x9dC\xbf\
\xedC\xfd\xbdy\x96\xf87\xaf\x0fT( )\xe3?\
H\xd3\xf7O\x87\x9e\xc2!\xfa,_\xb9\x12|}}\
q\xf9\xc2yM\xde\x13\xe6\x1f\x85\x87\x1b\xb8\xdc\xf5\xd5\
\x97\xe8\xd2\xa3\x07\xda\xb7k/|\xa4\xbf\x10\x86BO\
\x9e\x14r\x94\x7f\x1b\xd6\xd3g\xcd\x9a%\xe6\x019\xa6\
\x8a\xfb\x1c.\x5c\xb8\x10\xeb\x08\x9f{\xe8\xf9\x9e\xbbp\
\x01\xc7\x88\xcf|@r\xbc]\x9b\xb6h\xda\xbc9>\
\xa2\xdf$R\xef\xb1\xc3\xe7\x8a\xd4\xf5\x81\x13!!(\
^\xbc8\x8a\x95(A\xb2\x7f\x05V,\x8b\xf1\x09\x08\
\xdf\xa0\x89\x07\xc8\x9e\xee\xfc\xfeH\x7f\xa0\x8c\x0d\x90\xfe\
@9'(}\x81\x8c\x7f\xf6\x03\xaa\xcfX\xad\xff_\
\xce\xbb\xac\x11cb7\xffO\xad\xff\xef(o\xce\x9c\
\xef\xa6\xe6\xb6\xd9%\x99\x03gE<\x07i&W\xdb\
\x1d\xedk\xf7\x9c\xbc\xdd\xd9\xbd\xd8\xbdV\xab\xf3:\x1a\
\x8b\xcf\xc5>&\xbb\xf1\xff\xeb\x0c\xff\xff:\xe1;\xe0\
\xfc\x7f~G\xe2\x0b\xffG\xf5\xf5\xaa\xad\xef,O\xef\
i0\x1f\x1f\xfc\x80u\xdf\xd3\xa7N\xe3\xa7=?#\
\x7f\xc1\x82\xa26\xd1c]\xce?T|\xf9_\xff\xef\
{4l\xf2*\xba\xbf\xd6\x13\xdf}\xf3\x1d\x0e\x10f\
\xde\x9a\xff6j\xd6\xad\x8b\xf4\x992:\xcc\x87J\x9f\
>=\x0a\x14(\x80Re\xca\xc0\xb7|\x05!\xcf\xfb\
\x90\xae\xb0\x95x\xfa\xdf\x84\x8f\x90c\xc7\xf0\x06\xfd_\
\x9b\xd6o\xda\xb6\xd58\xdf\xfd\xfb\xf75_\xc1\xfd{\
hF6H\x8e\x5c\xb9\xb1\xe0\x9d\x85x\x9fd\xff\x12\
\xe2\x01\x1co\xb0b\xc5\x8aX<\x80\xfdIf\x7f\xa0\
\xccsW\xed\x00U\x07\x90s\x81j\x1c\xa6\xaa\xff3\
\xfe\xdd\xcd\xff\xf5,I\xb0\xfe\x07\xe1?w\x9e\x5c\x0e\
\xf1\xcf\xb2!^\xf0\xaf\xe4\xe7\x99\xfbm\xd8\x8d\xe9\xb1\
\x83\xff\x00]\xaf\x88\xb3\x0f\x82tT\x96\xfb<\xd7\xf1\
\xd3\xbe_\x90#On\xf4y\xbdO\x8c]\xae\xe3\xef\
\xee\x83\x87\xe8\xd5\xaf7\xea5\xa8\x87\x1f\x7f\xd8+\xa8\
Y\x8bf\xc8\x98%#J\x95.\x8dA\x03\x07\xc3\x7f\
\xc3f\x1c<p\x18'O\x9c\xa21\x8fb\xd7\xce\xcf\
\x09\x9b+1k\xe6,\xda>\x08\x1d;vB\x0b?\
?\x92\xf5-\xe8\xd8\x96h\xda\xa2\x05\xaa\xd5\xacN\x98\
\xaf\x8d\xf1\x13\xc7\xe3\xf2\xa5_\x11v\xfa\x0c\xfcZ\xfb\
\xa1S\xb7\xae\xf8\xf7\xa6\xe6\xcf\x15s\x89\xbak\xb1g\
\xcf\x9e\xf0\xca\x94Y\xc4\x1d\xb0\xec\x7fo\x89\xc6\x03\xa4\
O\x90\xe7\x07\xc5\xef\xba>&\xafC\xd5\x01\xccy\x02\
R\x07\x909\xc2\xb2N\x10\x93\xc8\xff={F\xc3\x7f\
\xb9\xb2\xc2\xcf\xe4\xce\xfc\xdf\xaf\xbf\xfe*bp\xd4^\
\xde\xae\xfav\xbb\xca\x87\x9191V\xfd\xb0\xcd9<\
\xee\x90;9>Vy;r\x8c\xf8\x18_\xbdG\xab\
\xe7c\xde\xc6\xf1S|\x8c\x9d\xfe\xdf#G\x8d\xd0\xe6\
\xff\xd7\xae\x89%+\xa4\xfe\xcf\xef\x05\xbf\x0br>\xe8\
i\xe5\xb4\x19\xff\xaa~\x10\xe8\xa2\x1f\xa7\x1d\xd9o\xae\
\xff\xe1\xb6\xbdO\xc7\x9e\xa0w\xf4hp0\x0a\x14)\
L\xd8\x7f]\x8f}\x8e\x16\xf9\x0f\xbc\x1c\x09\x09\x86w\
\xe5\x8ax\xe7\xad\xf9\xf8\xf5\xd2o\xe8\xd2\xbb'\xf2\x14\
\xcc\x87\x89\xe3\xc7\xe2R\xd8y\x83W\x9c?w\x01[\
Hv\xcf\x985\x13=z\xf5Dc\xd2\x13\xea\xd6\xab\
\x8b\xfa\xf5\xeb\xa1q\xe3Fh\xd3\xb65^\xef\xd3\x07\
C\x86\x0eE_\x92\xf5\x1d;u\x125P\xbb\xf7|\
\x0d\xbd\xfb\xbc\x8eJ\x95+c\xf8\xe8\xd1\x08\xbfw\x0f\
\x1b\x09\xc3\x95\xaaU\xc3\xbe\x83\x87\x0c\x1e\x10\x1d\x15)\
\xbe\xf7\xee\xdd\x1b\x192f\xc2\x82E\xef\x0a\xecs\x5c\
\xc52\xb27xn\x90\xf1\xcf~\x06\xe9\x0b\x90v\x80\
:\x1f`\x8e\x0bR\xe7\x02\xd4z\xfd\x12\xff\xed:h\
\xfa\xbf\xc0?\xec\xfb\xff8\x16\x82\xfd\x0f|N\x99\x0f\
-\xc9l\xd3\xab\xf6\xad\x9a;\xa9\xaes\xe4?\xb0\x22\
i{;\xb3\xcf\xcd\xb6\xba#\xfb_%\xf3\xf5\xb9\xb2\
\xff\xed\x90\xd9\xaeW\xf3\xc3eL\x97\xcc\x0b\x97\xf9\x9f\
\xfc)\x89\xd7\xb3=\xf7\x88\xecEW\xfa?\xf7\xff\x95\
\xf1?V\xf8\xe7w\x82\xf1\xef\x8e\xfcw\xc6\x03\x5c\xf5\
\xdb\x0a4Qb\xe3\x9fc\x0fY\x16U\xadZU\xe8\
\xfc\x02\xfb\x11\x91\x08\xd7u\xfe-;>E\x05\x1fo\
\x1c\xa7}\xf7\xec;\x80\x22%\x8b\xe3\xcdY1\xf9\x91\
\xa1\xa7\xcfb\xd6\x9c\xb9\xa8\x5c\xbd:R\xa6Mm\xbb\
>B\x9e<y\xd0\xa4I\x13\xe1/l\xd5\xb2\x15\x9a\
\xbc\xda\x84x\xf3H\xbc\xd6\xa3;Jy{\xe3\xf3\xaf\
\xbe\xc4\xaf\xe7/\xa0A\xbd\x06X\xb7i\x93f\x87<\
|@|I\xe3\x01~\xad\xfc\x90\xef\xe5\x97\x85\xee\xcf\
\xf8g\x7f#\x7f\x8f\x89\x0f\xd0x\x80#;@\x8d\x0b\
\x90\xf9\x01\xfc\xbbK\x1b@\xf6#a\xfc\xb7\xef\xd0N\
\xf3\xff\xb9!\xff=\xfe\xff\xa4\xa9\xff\xb3\xfc\xcf\x9d7\
\x97\xe1\xff3\xea\xffm\x8f\xb1\xff\xe3\x03\xffj\xdf\xcd\
#v\xeap8\xf1#\xba\xc2\x7f\x5c\xf5\x7f\x96s\x17\
/]B\xe7.]\xe0K\x98\x13\xf6\xbe^\xb7\x9e\x17\
\xce\xcb\xadT\xb1\x22n\xde\xbc\x83\xb5\x1b6\x0a\xdcv\
\xeb\xf1\x1a\xe9\xe5\xf7\xb1\xf9\x93O\xd1\xd4\xaf\x99\x98\xa7\
7j\x9e\xe8\xf5\x92$q\xad\xb3d\xc9\x92\x1b$\xd7\
\xbf\x98L\xa9\x8b\x92\xec\x05T\xf2\xad\x80~\xbd\xfb\xa1\
E\xab\xd6h\xdc\xac)&O\x9f\x8e:u\xeba\xf0\
\xf0\xa1\xb8{\xfb\x0eZ\x91\xcd\xf0\xf6\xa2\x85\x06\x0f\xc0\
c\xc2Wx8|\xe8\x9ak\xd6\xac)d>\xc7W\
\x0a\x1e\xa0\xeb\x01\xec\x0b\x90s\x82\xe6\xf9\x00uNP\
\xe6\x07H?\x00\xdb\x00\xb2N\x18\xfb\x03\x9f\xc0?\xec\
\xdb\xffQ\x22\x7f,\xd2\xa8M\x9b\x98$\xf3M]\xed\
\x93\x10\xe3:;\xce\xd5\xf1\xe6\xed\x8e\xf6\x97\xeb\xd5\xf8\
2;\xf3\x7f\x8c\xff<:\xfe\xa5\xfc\x97\xf8\x8f/\xf9\
\xaf\xe2\xd7\xdcw\xdbU,@\x5c|z\xee\xfa\xff\x02\
H\x96\x1f\x11\xb1=g\xf1\xc1\x87\xab\x90=KV\x5c\
:{N\xd7\xb35{\x7f\xeb\xa7\x9f\xa0j\xc5\xaa\x88\
|\x10\x81\x05\xef-\x16XM\x91<\x19\xd2\xa6M\x83\
\x94ib\xcb\xf9\x14\x8ck\xc2\xba;\xb5\x92x\xdf\x14\
)R\x18\xf5\x10\x99\xb8\x1f\xd2\xeb}\xfa\xc2\xbb\xb47\
\xa6N\x9b\x8e~\x03\x06\xa0~\xc3\x06\xf8\xf7\xef\xbf\xd1\
\xa1c'\xa1\xef\xf3r\xef\xfe\x1d\xcd\xde8}\x06\x99\
2z\xe1\xb5\xde\xbd\xb0\x92l\x7f\x8e\x11\x92\xbe\x00\x19\
',c\x84\xcd\xf3\x01\xaa\x0e \xfd\x00\xd2\x0f(\xeb\
\x05\x0b\xfc\x93\xed\xda\xbe}{\x94)S\xc6\xc8\xe9\xb5\
k\xff\xdb\xc1\xcb\x93\xf9\xe1\xf1C\x095~\x5c\xc7\xb5\
{\xdfv\xf9\x8c\xd5\xb1v\xf0?\x82\xfb\xffI\xfcs\
\xfd\xaf\x8d\x84\xff\xcd1\xf1\xbf\xaa\xff?.\xbe\xfa\xb8\
\xe2\xf2i\xe6\xf6\xdc=&P\xcf\xe1c\x9f\xfb\xcb\xa4\
C\xaf%]Y\xf3\xb5\xdf\x15\x9f\xbf\x1c\xd8\x0f\xef\xf2\
\xe5q\xef\xee},\xfd`\xa5\xc0f\xca\x14\x9a\x0c7\
\xea\x98\x11/HN\xeb\xe2Z\x1fM\xad\xad&\xf5\x02\
\xfe\x9e;w.\x0c\x1c8\x10>\xbe\x151\xa0\xff`\
\x8c\x1c=\x1a5\xea\xd5\xc5\x8dk\x7f\xa3Y\xf3\xe6\xa2\
n\x88\xf0G\xde\xd5x\x00\xf7NL\x99*\x15f\xcd\
\x9e\x8d\xe5K5_\x00\xcf=\xaa\xf1\x81\xd2\xc6c\xdb\
\xd4*.H\xce\x07\xb2\x0e m\x00\xfe\xfd\xf9\x93\xfd\
J*\xfe=\xf9\xff\xcf\xb7\xfe/\xf1\xaf\xd5\xff[\x9d\
\xa0\xf8\x7f\xda\xba:vy\x84\xdb\xf2\x9f\xec\xdb+\x97\
/\x0b_\x5c\xe3W\x1ai\xf3\xed\x8f4\x9d\xff\xdf\x9b\
7P\xa5r\x15\x11\xfb\xc76\xb8\xc4~\xca\x17\x93=\
\x81\xdb\xf8&\xa3\xd6\xea\x8b/\xa0K\xd7n\xa8Y\xa7\
\x1e\xd9\x04~x\x8ft\xfb\xe6mZ\x93\x1ep\x0d\xf5\
\xea\xd4\xc6\xb1\x10-\x0e\xf1\xa1>7\xd1\xb4iS\x91\
o\xf8\x11a\x9e\xf3\xb3\xa4/\x80\xeb\x0b\xb0\x1f\xc0*\
6P\xc6\x05I_\xa0\x8a\x7f\x99\x13$\xf1\xdf\xa1C\
\x07\x94-[6N\xf5\xbf\x99\xd7\x98\xebm\xcb\x9a\xd5\
\xd2\x7f\xa5~7\xd7;T\xffW\x8f7\xef\xebh\x1f\
9\xbe$u\xbdy\x1c\xf3\x98\xae\xcea\xbeF\xf9\xdd\
\xd59\x1d\x8d\xef\xac\x0e\xacZ\x03\xd6\xaa&8\xf3p\
\x9e+v\xe5\xff\x1b9j\x98.\xff\xd7:\xc4\xbf\xd4\
\xff\xdd\x8d\xd3M\xc8Z;\xee\xd4\xffp5\xd6\xa9\x93\
'E\x9cs\x9e\x97^B\xe8\xf1\x13\xb1\xf0\xdf\xa9k\
W\xac_\xbd\x0e\xd7\xfe\xf8\x13\xc9S\xa7\xd0\xf4\xfb\x14\
)\x13\x04\xef\x96<\x80}\x06:\xafi\xda\xac)\xaa\
W\xa9\x86n=z`\xce\xdc\xb9\x18<d0\x8e\x1d\
\x0bB\xad\xdau\xb4xa\xfd7=s\xfa4\xbc2\
\xa4\xc7\x90\x81\x03\x84\xfd\xcf\xbe\x80\xe5\x8a\x1f\xc0l\x07\
\xa89B\xaa\x1f\x80\xfd\x80\xd2\x06\x90\xf5\x82\xe3\x8a\x7f\
\xd6G9\x8f\x8f\xf3\xbe\xce\x9f?\xffDM>u\x1e\
\xccjN\xcc\xd1<\x9f\xa3y1\xab\xbax*\xb9\x9a\
wt\xb4\xbfZ\xbb\xc0\x15\xd99\x87\xba\x8f\x15\x99\xc7\
\xb1\x22\xabq\xf8\xde\xc3m\xd4\xff\xe6\xfe\x7f\x06\xfeW\
\x7f,\xf2\x7fU\xfc\xb3-\xa8\xe2?\xd0\x8d\x98\x9d\xc4\
\xc0\xfe\xd3\x9c\x87\xfd\xfd\x01\x81Gp\xe9\xf2E\xb4i\
\xd3\x06\x83\xfa\x0f\xd0\xe4\xe8=M\x8e\xfao\xd9\x8c\x0e\
m;\x88\xef\x15*U\xd0\xb1\x9f\x22\xd1\xb0o\x10\xc9\
\xffT)R\x89\xef\x9d;uE\xed:\xf51n\xdc\
\x04t\xef\xd1S\xf8j\x16\x92\x8c\xe7\xba\x0c\xc2f\xb9\
\xa3\xf5|\x98:i2\xf2\xe5\xcb'b\x829'[\
\xf8\x01\xde_a\xcc\x07\xaa\xbe@i\x07\xa8\xb1\xc1\xd2\
\x06P\xe3\x81\x99\xf8\xbdr\x17\xff\x1e\xff\x7f\xd2\xcb\x01\
P\xf1\xff\x12\xe1\x9fk\xee\xafY\xfd\xa4\xfdo\x85\xff\
g)\xff\xe3\xeb\x5c2\xa75\xf4\xd4I\xec\xfer7\
\xf2\xe5\xcf\x8f\x0b$\x8b4\xc3)Z\xf4\xa5\xadV\xa3\
\x06\xfe\xfe\xeb\x1f,yo\x89\xc0^\xaaT)\x13\x1f\
\xfb\xe6^I\xc4\x0bZ\xb5\xf6C\xfa\x8c^X\xb8d\
1\xea\xd4\xad\x8b\xcb\x97.\xa1\xd1+\xaf\x88y:m\
\xbe2\x027H\xd62\xfe\xfb\x13O\x93s\x822.\
P\xc6\x04\xc9\xd8`9\x1f {\xbe\xf1\xef.c\x82\
T? \xbf\x07,k\xe2\xaa\xffs\xdc\xaf\xec\x89\xa0\
\xd6\xb81\xd7\xc01\x93\xb3\x1a:j]\x1f\xb5>\x90\
U\xfd\x1eg5\x84\xcc\xdb\xcdu\x89\xd4\xfaD\xaaL\
\x96\xff\xbbS\xa3\xc8\x5c\xab\xc8Y\xad#\xabk\xb1\xba\
\x9e\x93'Ccmc\x9d\xca\xce\xfc\xffh\xd2\xff\xf3\
\xe5\xcd-\xfa\xff\xae]\x1d\x7f\xfe\xbf\xc4\xd2\xfd\xcd\xe7\
\x0b\xb2\xa9\xff\x07\xe9q~\x17/]@\x97n]\xd0\
\xa9sg\xdd\x86\xbe'>'M\x9a\x84\x993f\xe2\
\xee\x9d\xbb\xf0\xd2\xe3x\x93+6\xff\xb3\xa2\x17\x93i\
\xfa\x00\x7f/U\xb6\xb4\xa8\xaf\xc4\xb5\x958O\xbbS\
\x17\xed\x1e\xee\xdf\xd3\xfc\x96\x5c\xbb\xb9D\x89\xe2\x02\xf3\
\xc2\x06X\xa6\xe5\x0a\xcbx\x00\xb5f\x88\xb4\x03T\x1d\
\x80\xfd\x00j<\x10\xf3\x01~\xbf:v\xec\x18'\xfc\
3\xef`\x1bC\xadO\xec\xa8\xc6\xbdZ\xd3\xde\xdc'\
M\xfd_~W\xd79\xab\xffo\xa7/\x80\x9d\xfe\x02\
v\xeb\xfe[\xd5\xfc\x93\xfb\x99{\xbbi\xdf\xbf6\xe8\
\xebob\x9f\xcf\xfa\xda\xe5~1\xe7b\x1b\x8eu7\
\xae\xb7b\x07\xff,\xff\x05\xfe\xd7\xac\xd6\xf2\x7f\x9e\x12\
\xff\x09]g\xd7\xe9\xf9\x94\xfa\xdf\xae\xc6b\x1e\x1cx\
4\x00\x85\x8b\x14\x16rN[\xa2\xf0\xfb\x9f\xbf\xa3f\
\xadZx\x1c\x19\x8da\xc3\x86k>?\x92\xfd\xc9^\
x\xf1\x99\xe3?\x05\xe9\x00)\x99t;\x84\xeb\xad5\
l\xd4\x08\x87\x0e\x1fA{\xc2\xe5\x9e\xbd?\x19\xba\x1f\
\xf7?\xc9\x9c%\x13\xa6O\x9f.\xf4\xffeK\xb5\xdc\
\x00u>\xd0\xca\x0eP\xe3\x02\xd5x &\x96-,\
\xff\xdd\xf1\xff\xcb\xda'\x9e%\xe9\xf9\xffG\x8f&\xfc\
\xe7\xf9\xef\xe0\x9f\xe3\xf7\x03\x9d\xe0? V-\x8f\xb3\
X\xb9|9*\x97\xafH\xb0\x7f\x8c\xc8\x08-\x9fo\
\xee\xdc71}\xda\x0cQ\x83)M\x9a4\x09\xea\xe3\
\x7f\xda\xb9B\xe6]\xa3\xc7\x8c\x16\xb2~\xe7\x8e]\xe8\
\xdb\xb7\xaf\x1e\x17\xa4\xf9/\xabU\xab\x86v\xed\xda\x11\
\xde?\xc2{\xef\xbd'\xfc\x80j~\x903;@\xe6\
\x07\xf2; \xfb\x13\xb3\xbe\xea\xee\xfc\x9f\x9a\xff\xc79\
~V\xb5\xbf\xd4\xbc@\xab\xbe\x7f\x8e\xfa\xf8\xb9\xea\xc1\
gw\x7f\xabm\xee\x9c\xcb\xaa?\x9f\xa3>~V\xfb\
?y\xdd\xd6}\x02\xad\xae\xc5\xfc\xecx\x7f\xfe\x1ei\
\xa3\xff\x87\xf4\xff\xaf\xd7\xfd\xffj\xfd?\x19\xff\xef,\
\xff'H\x89\xdd\x7f\xd6\xba\xbf\x91\xbf\xe3l\xaeO\x99\
\xf3\xfb\xf5\xf2et\xed\xd2\x05\xc3\x07\x0f\x15\xcf\x22\x22\
\x82\xfd\xa5Qh\xd6\xac\x99\xc8\xb7\x9c\xf7\xf6[\xcf\xce\
\xe7gG\x17\xd0\xafk\xf8\xf0\xe1h\xd2\xb4\x09\xd9>\
A\xe8\xd0\xbe\x03.\xd3}\xc9|\xbb)S\xa6\x88\xb9\
\xc0U\x1f\xae\xd2\xf2\x02\xf4x YS\x98\xed\x00\x19\
\xf7\xe9\xcc\x0e\x90\xfa\xb5\x8a\x7f\xbb\xf9\xbfR\xffg}\
\x8b\xed\x0d>\x87\xacU*\xeb}Y\xd5\xcbrD\xe6\
\xbaa\xe6\xdaa\xe6\xb1\xd5c\xd5\x1a]\x8e\xeai\x99\
\xfb\xad\xc8\xfc|g9\xfa2\xe6_\xee'\xaf\xc7L\
V\xdb\xd5\xb17o~r\x0c\xf3u\x99\x8f5_'\
\xdf#\xffvv\xfc\xffr\xfe\x9f\xed\xfe5k\xd7\x88\
>\xa0\xee\xe0\xff\xa8)\xae\xf7Y\xfb\xfe$\xfe]\xc9\
\x7f\xa6\xd3d\x8frN\xff\xceOv\xc4\xd4\xd99t\
\x00\x9d:iv\xb4\xb7O\xb9X=\xca\x93\x1a\xc9\xeb\
\xe2\x5c\x05\xbe\x8f\x95+c\xfc|ra;0{\xf6\
\xec\xa2\xd6\xc0R\x92\xff\x92\x07H\x1d\xe0\x09_\x80\xff\
\xc6X5\xc3dL\x80\xb4A\xa5\xff\xcf]\xf9\xef\xf1\
\xff'\xfe\xe2\xecw1\xcb\x7f\xc6?\xe7\x00>Q\xff\
\xdb\x86\xfe\x1f\x90H}u\xe3\x13\xff\x9c\xe3\xf7\x13\xd9\
\xb3%J\x94\xc4\x95KW\x8cg\xf6\xe6\x9bo\x12N\
\x96\xe2\xd2\xa5\x8bI\x12\xf3O\xf2\x00\x8e\x15\xd4\xf4\x80\
.]\xbb\x88\xe7\xd1\xaf__C6\xb3^\xf8r\x81\
\x02\xc2\x07\xc0}\x07\x19\xe7jmK\xa3\x8f\x08\xcb\xc1\
\x0d\x1bc\xd5\x0b\xd9\xb6}[\xac\x98\x00\xb6\x01x\xee\
\x9e\xed\x09w\xe7\xff<\xf9\xffI\xb3\xfe\x17\xe3?w\
\x9e\x9c\x9a\xfc\xe7\xf8\x9f\x0d\xee\xe3_\xc6\xf4\x1f\x09J\
\xfa\xf8\x17\xfb\x90\xed\x7f.,L\xd4\xf1*_\xbe\xbc\
\x16C\x1d\xad\xf9\xa7\xbau\xeb&|\x03\x8c\x81\x84\xe8\
w\x9eP<\x80?\xb9\x9f\x00\xdb\x7f]\xbbt\xc6\x9d\
[7\xc5<&/\xdco o\xfe\xfc\xa2\xc6\x18\xfb\
\xee\xb9f\xc0\x80\x01\x030b\xc4\x08\xd1\x93a\xe6\xcc\
\x99\x98?\x7f\x01\xde\x7f\x7f\x15\xb6m\xd9N\xbc`\x93\
\xa8\x01\xb5m\xebf\xec`\x1d\x80x\x00\xcb~~\x07\
$\xfe\xcb\x95+\xe7\xb6\xfe\xcf\xbeC\xb6-d\xdc\x9b\
\x8ces\xd6\xf3\x5c\xc6\xc2\xa9=\xd3\xcd${\xab[\
m\xb3\x1aO\x8d\xa33\xaf\xb7Z\xe7\xea\xda\xac\xe2\xf5\
\xcc\xf1\x7f\xe6O+2\xc7\x07\xaa\xc7\x98\xcfg\x15\x0f\
\xc8\xebYg\x93\xf6\x9b\x9d\xf8?\xd6\xff\x19\xff2\xfe\
W\xd6\xffP\xf1\xcf\xf3>.\xfd\x7f\x89P\x7f7\xbe\
\xf0\xcf\xf8\xbe|\xf1\x22\xe6\xcc\x9e-rn\x05\xaf$\
\xbb\x9f\xeb\xa5\xfb\xf9\xf9\x89^f\xdc\xab')\xdb\xfe\
V\xbe\xc0\xb4i\xd3\x8a\xdaO\xfd\xdfx\x03\x01\x87\x0f\
\x19r`=\xf1\xb9\xe6\xcd\x9a\x09\xbfF\x9d:u\x84\
\xbd\xc0|\x8fex\xd1\x12\xc5\x91\xbfPA\xc1\x1f\xb2\
\xe5\xcc\x05o_\x1f\xe1#\xdc\xbai\xb3\xa0O\xe8]\
\xfa\x9c\xde+Y\x07\x80\xf1\xcf\xb1R\xee\xe0_\x12\xfb\
S\xaf\x5c\xb9\x22|+\x5c\x0b\xc4\x5cO\xcbY\xfd,\
\xb5\x86\x96\xac\xa3\xe5\xa8V\x98\xd5z\xb5\xf6\x96\xd5\xff\
\xe6mv|tVd\xde\xdf\xd1\xb5\xb8;\xae#\xdf\
\xa6#_)\x8f\x1fa\xa3\xff\xb7\x94\xff1\xf1\x7f\xeb\
\x1c\xda\xff\xf1\x19\x7f\x13\xdf\xf5\x81\x9f\xf0\xff9\xc3\xbf\
\xee\xfb\x1b1l\x18^{\xed5\x03'\x7f\xfc\xf9\xbb\
\xc0??\x1f\xae\xc3\xf1\xbc\xc8\x7f\xc6\xbf\xf4\x05\x1c;\
v\x1c3\xa7\xcf\xc4\x16\xd2\xdfe]bg\xf6!\xd7\
\x16\xbd}\xe3\x06~',\x86\x9d>-j\xfbT\xa9\
Z\x99\xe4\xfe\x0e\xf8o\xf0\xc7\xa7\xdb\xb7\xe3\xe0\xfe\xfd\
\x08\xe6\x1cIzn\x12\xff\xcc;\xec\xe8\x99\x1e\xfd\xff\
\xd9\xce\xff\xb9\xae\xff\xc7\xf5?r`\xadM\xfc'v\
_\xcd8\xe3\xdfE\xbe\xcfU\x92C}_\x7f\x1dC\
\x87\x0e5\x9e\xd7\xf1\x13!\xe8\xdc\xa9\x93\xf8\xce\xfe\xad\
\xa4\xec\xfbs\x94+\xb4\xe7\xc7\x9f\xf0\xe1\x07\x1fb\xc5\
\xd2e\xfa\x9cF\x84\x81\xbd\xc7\xfa<\xbc\x94\xd7V9\
yW\x89/\x16.PP\xe4\x0al!\xd9\xff\x0b\xfd\
\xf6!\xc1\xc1F_9\x03\xff\xe5\xec\xe3\x9f\xcf\xc7\xe7\
\xe2\x98\x7f\xd6%9\x8eX\xf6\x1b\x93\xfd\x06\xd4\xffe\
?R\x19sl\xb5\x9d\x89\xdfK\xd9\xbf\xd4\x8a\xd41\
\xd4\xe3\xad\xd6\xcb\xfd\x1dmS\xcf'\x89\xefE\xf6O\
\x93\xdf\x1d\xfd\xaf^\x93:\xae\xab{pv.\xf5Z\
\x8cc\xe8;\xc7kq\xbe6\xc7\xff\xb9\xae\xff=B\
\xc3\xff\xba5\x0e\xf5\xff\xa4\x82\x7f;\xf9?v\xe2~\
$\xfe{t\xeb\x8e\x89\x13'\x1a\xef\xf1\x91\xc3G\xd0\
\xa7W\x1f\xd1A\xa1P\xe1\x82\xcf%\xfe\x99_\xf3\x5c\
\xd4\xbc\xb9su\xccG\xe1\xe6\xad\x9b\x18=n\x1c.\
\x10\xb6\x85N\xe0(\xff\x9c?\xe9\x9d\xa9T\xb1\x12f\
\xce\x98\x85\x03\xfb\x0e\x888[\xf9\x5c5\xfc\x9fC\xeb\
6~n\xd5\xff\x95\xf8\xbft\xe9\x92\x18\xc3\x1c\xbf\xeb\
\xa8\x97\xa6\x1a\xdfk\x15\x0fk^g\x8e\xbd\xb5\x8a\xc7\
u\xf6\xdd<\x8e\x1awk\xb5\xdd\xd9:uls\x1f\
Og\xf7l\x153\xec\xa8\xcf\xa9\xe5\xf1\xfclyn\
+4T\xd4\xa8\xb6_\xff\x7f-\xd6\xac]\xed\xd2\xff\
\x1f\xe0\x80\x02\x13\x19\xff\x8ex\x90\x1d\xfc\x1f\x91s\xff\
\x9d;c\xca\x94\xa9\xb1\xf0\xdf\xbfo\x7f\xe17+P\
\xf0\xe5\xe7\x12\xff\xfc{\xb1\x0fh\xc6\xb4i\xc6}]\
\xbat\x01i\xd3\xa5\x13\xf7.\xf1o\x85\xd1h\xddO\
\xc7\xfe\xc27\xe7\xcc\xc5\xf9\xb0s\xb1\x9e/?7\x96\
\xe1~\xad[\x89\xb9Qw\xec\x7f\xcf\xfc\xdf3\xf0\xff\
\xdb\x98\xff\x93\xf8g\xf9o\x85\x7f\x96'\xd2\xffgU\
\xbf\xe7Y\xe0\xdf\x99\x0e\x22{U\xd9\xc1\x7f\xf7\xae\xdd\
0n\xdc\xf8\x98\xde\x1d\xc7BD\xdd-\x96\xffE\x8b\
\x15y\xae\xf0/\xaf\x93st9\x0ed\xe6\xf4\x98\x9a\
\x84\xa7O\x9f\x12=\x88/]\xb8\xe0\x1c\xff\xba\x9d\xc0\
\xf6?\xf7l=\x7f\xf6\x9c\xf0\xf9\xa9\xfd\x7fX\xffg\
\xf9\xef\xe3\xeb\xed6\xfe=>\x80\xa47\xff'\xfb\x7f\
j\xfa\xbff\xffo\xf4\xdf`\xf4\xff\x8bU\xff_\xaf\
\xad\x99T\xf0\x1f\xd7\xfc\x7f~\xa7\x19\xff\xfd\xfa\xf4\xc1\
\xc0\x01\x03\x8d\xe7\xc55>zt\xed.\xf0_\xb9J\
\xa5\xe7\x06\xffjl\xf2y\x92\xcf\x1c\xd7\xbb`\xfe|\
\xe3\xbe~\xde\xb7\x17/\xe5\xcf/z\xc4r=CQ\
\x1fN\xa7\x08\x85\xa2\x88/\x84?| z{mX\
\xbf^\xf8\x03\xd5g\xa9\xe2\xdf\xdb\xc7\xdb-\xfd_\xd6\
\xff\xe0XCs\xcc\x9f32\xc7\xc0\x99\xc9n|\xa0\
\xa3\x98?G\xbd:\x1d\xf5\x16u\xd6\x93\xd3\xdc\xcb\xd3\
\xaa\x87\xa732\xdf\x87\xdd\xfd\xd5\xfb\xe4zP\xeb\x89\
v~\xf6\x19\xee\xde\xbb\xe7\xd2\xff7v\xdc\x18\xe46\
\xe1\xdf\x91\xfcO*\xfa\xff\xd3\xfa \xf8=\xbex\xf1\
\x22F\x8f\x1a\x85\xce]:\x19\xf3\x7f\xdc7\x99c[\
Y>v&\xdb\xe0y\xf2\xff\xcb\x9e\x22\xf7\xee\xde\xc5\
[o\xbe)\xe6\xfc\x8c\xf9?\xd2\xe9\xea\xd5\xabgK\
f|E\xfc\xbe \xf1\x8a\xa3\xf4\x8c\x82\xc9\x9e\x8c\xa5\
7\x1dV\xf4\x7fo\xf7\xe7\xff\xee\xd1\xfb\xe8\xa8\x9f\xb5\
U\xefo\x19\xd7n&G\xfb\xa8\xb1\xf0\xe6\xf5\xe6X\
y\xf31\xceb\xfd\x9d\x91\xa3k4\xef\xe3l_\xbb\
\xbd\xd0\xe5>\xce\xf6\x17\xdb\xf4\xbe\xe9v\xea\xff\x8f\x1f\
7\x0ayT\xfb\x7f\xc3z[\xf8\xb7[\xcf;)\x12\
\xcb\xff\x0b\xa4\x0b\xcf'\x19\xd9\xf0\x95\x06\x9aN\x1c\x15\
!\xea\xd9rl\x0b\xcf\x9fr\x0f\xaf\xe7e\xfe_\xea\
(2&\xbf\x7f\xbf~\xf8y\xcf\x1e\x03\xd3S\xa6N\
F\xcd\xba\xb5\xb1\xef\xc8\x01|\xbf\xe7\x07\x91#\xf8\xe3\
\xcf{\xc4\xf7o\xbf\xff\x0e\xbb\xbf\xfa\x02;>\xdb\x89\
w\xde]\x88BE\x8a`\xc6\xd4\xa98w&L\xd4\
DU\xfd)\xd2\xff\xc7\xf8wW\xffw4\xdf\xe0Y\
\x9e\x8d\xfe\xff(B\xc3\xff\xb8\xb1#\x09\xff9\x0c\xfc\
\x1b\xfd\x7f\x94\xfe\x1f\xb1\xf0o\x8a\xf5I\x8a\xf8w\xa5\
\x13\xf0v\xaec\xc3v\xb2oy\x1f<\x0c\x7f \xf0\
\xcf\x0b\xf7\xe7\xe58W\xd6\x11\x9e\x17\xfd_\xf2\xa8>\
}\xb4>E-\x9b7\x17\xf3\xf9r\xe19\xcd\x17\x93\
'C\xb6\x5c9\x91-{6d\xc9\x9a\x05\x99u\xca\
\x94%3\xb2\xe5\xc8\x8e\x1c\xb9s\xa1`\xe1\xc2\x98=\
k\x16\xce\x9c:%\xea(\xc8\xfa\x1b\xaa\xfc\x97\xfa\x7f\
\xf9\x0a\xben\xe3?>I\xce[\x98\xfd\x0b\xce\xf6\xb5\
C\xae\xfc\x17q=\xde\xeeu\xc5\xf59\xa8\xc7\xdb\x19\
+\xb6\xfc\xcf!\xfa\x7f\xadV\xe2\x7f\xad\xf0\xaf\xc6\xf9\
\x05:\xb0\x03\x9e\x17\xfc\xf3\xfc\x09\xd7\xb3,U\xba\xa4\
\xa8\x01$\x17\xce\x8b\xe1>\x9d\xfc^\xe7\xcd\x9b7I\
\xe6\xfe:\xf2\xfds\xac.\xd72l\xe3\xe7g\xcc\xf7\
G\x91\x0e\xe8S\xce\x1b#\x86\x0c\xc36\xffmX\xf3\
\xe1\x1a\xac_\xb3\x1e\x1b\xd7m\xc4\xe6\x0d\x9b\xf0\xd9\xae\
\xcfq`\xffA\x1c:\xc8}\xcaBq>,,\x16\
\xf6U\x1e \xfd\xff\xad\xfcZ\xa2<\xf1\xcdg\x89\x7f\
\x0f=\x1d\xa9\xf8\xcf\x9d+\xbb\x86\x7f\xae\xff\xc3\xf5\xff\
\x5c\xf4\xff\xb5\x92\xfbG\x94\xfc\xbf\xa4\x80o;c\xf0\
\xbb\xcc\xfd28\xe7%f\x0e \xd8\xe8\xfb\xd3\xadk\
W\x0d_I\xd8\x06\x90\xbc)k\x96,\xa2G\xd1\xfc\
\xf9oc\xc64\xc5\xf7\x7f\xe6\x94\xe8-\xc4}\x85?\
\xfbt\x97\x88\xe7\xfb|\xe7.\xec\xfe\xec3\xfc\xf0\xbf\
\xef\xb5\xba\xe7\xfa\x5c\xb2|.f\xb9\x1fK\xff\xa7g\
\xd6\xba\x15\xe1\xdf\xc7\xdb\x83\xff\xff\x00\xfe\xc7\x12\xfes\
2\xfeY\xff\x17\xf2\x7f\x83\xc0\xbf\xd5\xfc\xbfe_\x0f\
7z\xf3$\x16?\xb0\xaaQj\xf5.s<\x0a\xc7\
\xff\xbd\xae\xf7\xf8{\xa4\xd7\xff`\xfcs\x0d]\xb6\xa1\
\x93\xba\x0d u\xff^z\x1cs\x8b\x16-p\xe4\xd0\
a\x03\xff\xab>\xfc@\xcc\xfd1\xee\xb7\xf8k\xf1\xfc\
L\xdf|\xf5\x15\x8e\xeas{v\x7f7)\xff\xdb\xf8\
\xb5B\x05_\x8f\xfc\xffO\xc8\xff\x09cb\xf0\xbf6\
\xa6\xff\x97\xa3\xf9\x7f\xcb\x98\xdbg\x9c\x0b\xe0\x88\x1f\xb8\
\xda\x87s\xd99V\xce\xc7\xc7\x07\xf7\xee\xdf\xa5\xf7X\
\xcb\x01\xe4\x1c\xf9q\xe3\xc6\x89\xef\x9c\xe7\xf2<\xd4\x00\
\x08=qB\xe8a\x8d\xf4\xfe\x05\x91\x8f4^\xf6j\
\x93W\xe1Gx\xfdr\xf7\x17\x06\xfe\xbf\xfa\xe2\x0b\x04\
\x12\x96\x8f\xe9\xb1\x12v\x7f3\x15\xff\x15\xcb\xfbz\xf0\
\xff_\xc3\xbf.\xff\xcd\xfd\x7f\x19\xff\xdc\xff\xc1n\x0c\
\xfe\xf3\x80\x7f\xb9\xfd$\xe1F\xd4\x00\xd9\xb5C&M\
\x88\xf9\xa8\xbau\xeb\xe2\xce\xad[\xe2y$\xd5y@\
C\xf6\x8b\x98\x05\xa0}\xa7Nd\xc3\xad1d\x7f\xd8\
\xd90\xe4\xc8\x99C\xd4\xfe\xd8\xf9\xe9\x0el\xdd\xb4\x85\
\xf8\xc0n!\xf7\x83\xf4\xdaM\xee\xfcv\x87u\xfc\xb3\
\xfe\xef\xc1\xff\x7f\x03\xff\x13&\x8eE\xf6\x1cY\x05\xfe\
\xd7\x1a\xf2\xdf5\xfe\xe3\xa3OWB\xe5\x008\xeaQ\
`\x15\x07\xc0y\xc0#G\x8c\x10y\xf1j\xdd<\x8e\
\x9f\x9b0a\x82\x16\x0f[\xa5Z\x92\x9b\x0bL\xa1\xcb\
\xfd\x0c\xe92\xe0\xf6\xb5\x7f\xb1\xff\xe0!\xbc\xd2P\xca\
~\xadW\xf1\xe4\xa9SP\xb2D)Q\x17p\x13\xc9\
~\xfe\xe4{\x0e\xd6\xf3y\xdc\xe1\xdf\xac[\x1c\xa2c\
5\xfc\xb7@%\xdd\xff\x1f\xed\xc1\xffs\x8d\xff\x89\x13\
\xc6!G\xf6\xac\xc2\xff\xc7=\xc0\xcd\xf5\xbf\xcd\xf3\x7f\
\xee\xca\xff\x84\x9a\x17\x88\x0f\xfcs\x1c\x00\xd7\x01b;\
\xbfH\x91\x22\xc2\x1e\x90:\xc0\xdd\xdb\xb7Q\xa7vm\
\x5c\xbdt\x05'\x8e\x85 U\xaaT\xc2\xd7\x96T\xe6\
\x02R\xe9\xbch\xd9\xbb\x8b\xc5%\xd7k\xf4\x0a\xbe\xfa\
|\xb7\xee\xf7\x7f\x84{\xf7n\xa30\xdd\xd3\xb0\xa1\xc3\
\xb1\xe3\xd3\x9d\x82\xd8\xc7\x1f\x18\x18\xb7\x1cn\xfe\x0d\x0f\
\xaa\xf8\xaf\xe8\x1b3\xc7\xec\xc1\xffs\x8b\xff\xc9\x13'\
 G\xb6\xac\xc2\xf6\x175\xe0\x94\xf9\x7f\xae-\xa2\xca\
\xff\xb8\xd4\xfdM\xca\xf8?\xaa\xf7\x00\xf8\xf5\xe2%t\
\xef\xd2\x15=z\xf5\xd4\xea\xe7?\xd0\xe4\xe7\x96\x8d\xfe\
\xe8\xd4^\xeb\xff\xb3\xe4\xddw\x93\x8c\x1d\x902\xa5\xd6\
\x87\xa4C\xdb\xb6\xe2\xda\x16,~\x17]\xbav\x8d\xd5\
\xbf`\xfe\xfcy(\x5c\xb00\xb6n\xd9\x86O?\xd9\
!\xb0\x7f40\xc8^\x0e\xb5\x15\xaf\x94\xf8?k\x96\
\xff\xd1\x1e\xf9\xff\x1c\xe3\x7f\xca\xa4\x89\x02\xffk\x15\xfc\
;\xd2\xff]\xf5\xfeJL\xfc;\xb2=\xcc\xf3V\xae\
d\x1b\xcf_\x9c\x0a!\x1d\xe0\xc7\x1f\x917_>\x1c\
\xd2{\xe8\x84\xebv@\x9f^\xbd\xf0.\xd9\xcf\xbc\xb4\
i\xe9\x17\x0b\x7f\xcfD\xef\xd7\xcf]\xb8`ADG\
F\xe2,\xd9\xf8\xe5|\xbd\xf1\xef\x9f\x7f\x8a\xbc\x05\xa6\
k\x7f\xff%\xfa\x18O\x9d0\x05\xdf|\xf5-\x0e\x1e\
8\xa4a? \xee\xf6\x9bY\xfeW\xac\xe0\xe3V\xed\
\x0f\x0f%M\xfcO\x9d<\x09\xd9\xb3f\x11\xbe?\x03\
\xff\x9bc\xcf\xff'U\xfc;\xeb\xebew^\x8b}\
\xe0G\xf5z`C\x87\x0cA\xad\xbau\x8d\xba\x19\xbc\
\xdc\xb9q\x03UjT\xc7\x9e\xbd{\xc5\xff\x8d\x1b4\
\xd4{\x81\xa5zf\xfe\xbel\x99\xb3\xe0\xcc\x89Pq\
=\x95+W\xc6\x17\xbbv\xc5\x92\xfd=_\xef\x0do\
o\x1f\xfc\xf2\xc3^\xc2\xfeA\xed\x99\x04>}\xef\xc4\
\xc3\x12\xff~1\xf8\x175f\xf4\xd8^\xcbw\xedq\
\xd4\x93\xffG\xb1\xcd\xf0X\xe8\x0e\xe23:J\xa3(\
}\x0c\xfe4H=\xd6\xc5{\x1d\x15\x1d{\xff\xf8&\
\xd6u\xa2\x1f\x8b\x9a\x0aLQQ\x8fc\xdf\x97\xbcW\
\x97\xd7\x10\x15\xb3\xff\xe3\xd8\xd7\x1f\x19\x1d\x9b\xa2\xd4X\
?^\xc7u\xea\x98\xf4\xedO-\xff\xa7LF\x96\xac\
\x99\xb1\x9a\xe4\xffj\xbd\x06\xb4\xd5\xfc\x1f\xff\xf6O\x83\
\xff\xc4\xe2\x03\xee\xe2\x9f\xebZ\x05\xeb|\x80c\xe7J\
\x95.\x8dw\x17k6\xf5}\xbd\x9fv\x08m+\xef\
\xeb\x8b\x8bd'D\x87?B\xfdZ\xb5\x0d= \xb1\
\xe6\x05\xa5\xce\xc19>G\x88\x17\xf3\xd2\xb1S'\xbc\
9g\x8e\xde\xb3T\xc3\xfe\x97\xff\xfb\x16\x993f\xc2\
\xb6\x8d\x9b\x10\x12\x1c\xa2\xc7k\x06\xc6K\xefT\x89\xff\
6\xad[\x1a\xf6\xbf\xac1e\xd4\x9az\xac\xc4\x9f>\
\x8e\xc1F\xd4\xe3Hz_#t\xac\xeb\xfbC\xef\x0d\
\x14\xc5\xdb\x22i]\xb4 \x89\x91(\xda\x9f\xe7dE\
\xee@\xf4c\xfd\xb8(\xadNI\xa4\xbe\x7f\xf4\xe3\xd8\
\xb8\x8a\xa2s\xd01\x8c\x95(\x85'q}W&\xfb\
\x18\x89\x12\xd7\x1b\x15\xad\xf2/\xc9\xb3\x22\x8d\xeb\x8a\xc5\
\x9b\x1e\xcbc\x22c\xf6\x97<\xe2\xb1~?O\x5c\xc3\
cq\x0f\xda3{\xf2\xfa\x04\x9f\x89\xd4\xce\xf7\xf8\xb1\
\x9aK\xa1\x9e/*V\x8e\x85\x98\x93\xd1\xef\xd7U\xfe\
\xdf\xb4\xa9S\x90%K&\x11\xfb\xbb\xc6\x01\xfe9\xa7\
<\xae\xf3~I\x09\xff\x8e\xaeU\xd6\x0c8s\xfa\x0c\
\xb6m\xdd\x8al9s\x22\xf8\xf8q\xdd\x17\xa0\xe1\x8a\
el\xf9J\x95\xf0\xc7\xef\xbf\x8b\xff\xdb\xb5le\xc4\
\xdf%\xe4\xbc\x00\xf3\x17\x89}\xd6\xe9\x83\x08\xcb\xbc\xf4\
\xed\xd7\x0f\x83\x07\x0d\xd2t\x95pm\xae\xff\xef\x1b\xd7\
\x91=OnL\x18;\x16W\xce\x9d\xc7\x91\x80\xf8\x8d\
\xd7\x90\xf9\xbf\x8c\xff*\x95*\xc4\xc6\xbf\x8eC\x19C\
\xa1\xe5TE\xea\xfc f\x1d\x97$\xd6x\x83&\xf3\
\x1f+5\x01\xf8=\x17\x5c\x81\xdf\xeb\xc8\x88\x98q\x22\
\x22\xf5\xf3h\xd8\x8b\xa9o\xa1aB\xf2\x1b\xbe\x86\x98\
\xda\x86\xd1bn\xc2\xdc{\xcc\xa8}\xe0\x00\x17\x02/\
Q\xfc\xa9_/\x7f\xe7k\xe4\x15|.e,\x81\xcb\
\xe8H\x83\xcf\xa95N4\xfe\xa4\xf1,\xc1K\xa2\x22\
b]\x9b\x8aK\xf58\xf1Lt>(\xeeW9_\
\xb4\xb8\xf6(\xf1\x8c\xe4\xf6\x98g\x11\x1d\xab\x1e\xfb\x13\
\xf7\xeb\x00\xff\xd3\x19\xff\x992\x8a\xd8_\xad\x07\xc4:\
1\xff/\xf1\xcf\xb5\xc4\x9e\xa6\xdf\x97U\x9e\xb0J\x09\
\x81\xff@7\xe4\xbf<F\xcc\x89\xb1\x1dp\xfe\x02\x86\
\x0e\x1f\x8e\x12eJ\x8b\xfailO?\xd4y\x00\xc7\
\xccV\xacV\x15\xa7B\xb5y\x827g\xcdR\xe4s\
\x0a$\x8fG]\x80\xf9\x8a\xeaghP\xbf>\xfe\xfd\
\xe7\x1fq\xde\xae\xafuG\x9f\xbe\xaf\xeb\xefD\x84\x81\
\x89\xda\xf5\xea\xa1^\x9dz\x08;uZ\xf85\x03\x1c\
\xfcVq\xc5\xbfQ\xff\x8f\xf0_\xadJ%\xc3\xfe7\
\xbfw\xe7\xce^\xa2\xfdd\xad1\xed\xbd\xbfu\xf3\x0e\
\xe9Z'p\xef\x9e\xe6WaY\xa8\xc9\xefh\x04\x04\
\x85\xe0\xec\x85\xcb\xfax\x91BW\xd0\xea1\xfcJ\xfa\
\xc6E\x03\x17\xd1\xfa\xfa\x0b\x17\xaf\x228\xe4\x94\xbe\xfe\
\x91Q\xbb=<<\x92x\xde1\x5c\xfb\xfb\xbaQ\xfb\
,Z\xc7\xc8\xd9\xb3\x17p6\xecb\xack\xb6\xc4~\
\xb4v\x0f\xb7n\xddCP\xe0qD<\xa4\xb1\xa3\x05\
\xc0\xe8O\xc3\xcco\xbf\xfd\x85c!'\xf5\xfd#\x0d\
\xbd_\xd48?~\x9a\xf4\xc4+\xb1\xb0\x1c\xfd8B\
\xaf\xc3t\x15\xa1\xa1a\x82\x95\xc4\xd8\x0c\xda\xb6\x0b\x17\
.\xe2\xbc~\xaf\xac\xe3\xf0\xf9\xa0_\xcb\xd1\xe0\x93\x08\
=s^\xc7y8\xddW\xa4>\xcf\x1b)\x9e\xe9?\
\xff\xdc\xd0\x9f)\xebY\xdau\xf0s;}\xfa\xbc\xb1\
\xde|\xbf\x12\xff3t\xfc\xaf\xd5{Ar,<\xf7\
~\xe0\xfa\xe1\x9c\x07\xe7\xec\xbd\x89\x0b\xfe\x8f\x98j\x08\
\xc5\xbbOP\xa9\xff\xe9\xce\xfbm\xc4\xbc\xd3\xfe\xbf\x92\
\xecl\xd6\xf8U\xd4{\xe5\x15\xfd=\x8aD\xf8\x03\xad\
\xa7\xee>\xb2\x85|*V\xc0\xa7\xc4\x0bx9\xb0w\
\x1f\xaa\x94/\x1f+\x17\x87).\xf3\x84/\xca\xfe\x9e\
\x8a>\x91\xc1\xcb\x0b\xef\xcc{[\x9c\xeb\xf6\xad;h\
\xda\xa2\x05&\xe9q\x09\x8f\x89\xb7K\xd9\xdf\xbbo?\
\xe1\xefg;_\xebkj\x1d\x9b\xfd4\xb1[\x02\xff\
\x17\xb4\xfc\x9f\xea5\xaa\xc5\xc2\x92\x94\xb1\x9b\xb6nB\
\xda\x8ci\x91>K\x06|\xbe[\x9b\x8f\xfc\xed\x8f\xdf\
\xe0SI{F\xad;\xb6\xd5d\xa6\xce\x17\xa6\xcf\x9c\
*\xd6\xe7\xcc\x9d\x0bG\x83\x02\x0d\xb9\xb5s\xf7Nd\
\xca\x99\x19\xa92\xa4\x86\xff\x16\x7fc}pH\x10r\
\xe6\xcb\x89\x17\x92\xbf\x80y\xf3\xdf\xd2\xdeo\xd2\x0f\xf8\
}n\xdb\xb9\x1d^H\xf6\x02\x0a\x96(\x8c\xe3\xa7N\
\x18\xc7|\xba\xf3S1N\xaa\xf4\xa9\xb0d\xa5V\x17\
5\x9au\x8a'\xfc\x07\x1a\xde\xae\xdf\xba\x81\xeauk\
\x89\xebj\xdf\xa5=\x1e<\xbc'x\x898\xff\xc9c\
\xc8\xf3\xf2Kb\xdb\xe2\xe5\x9a\x9d\xf8(\x5c\xe3i\xb3\
\xe7\xceB\xb2T/\x22m\xd6\x0c\xd8\xb8m\xb3\xae\x9b\
i\xdb\xf6\xfc\xf4=2\xe7\xc8\x82\x17R\xbd\x80\x99s\
fh\xdb\xf4\x18\xcd\xcd\x9f\xf8\x8bkK\x91:\x05\x8d\
\xb94\xd6q\x1f\xaeYE\xc7$Cj\xaf\xb4\xd8\xfa\
\xc96\xa3\xa6s\xf8\xa3\x07h\xd7\xb9\xadx\x0e/\x17\
+\x88#\xc1G\x8d\xfb\xdd\xb5{\x07\xd2z\xa5A*\
\x1a\xef\xc3u\xab\x0d]I\xf3\xbdh:\x89\xf4o\xb1\
\xff/[\xe6LX\xbff\x8d\xa8\xcd\x22\xfb\xb3\xb1\xde\
\xaf\xd6~r\xf4\xde\xb8[\xff# \x1e\xf2\x06\x9d\xbd\
\xaf\x01q\xc4\xbf1\x1f\xc8\xbd\x81\x82\x8f\xe1<\xc9\xd0\
\x0a\x84\xf3\x16m\xfcdH\x00\x1e\xde\xbf#\xbe\x9f\x0f\
;+\xea\x83\x0f\x182Ds\xb9s\x9c\xfd\xfb\xabP\
\xb6l\xb9'\xf2\xf2\xd86\xe0O\xd6\xe3\x99d\x0c\x81\
\xac\xd9-\xf71\xdb\x10\xe9\xd3\xa5C\xff\xbe}q\xf5\
\xc2%M\xf7\xf8\xe6kT\xafU\xd3\xa8\xeb\x11\x15\xfe\
\xc8\xf8\x0d\x87\x8f\x1a\x85\xdc\xb9\xf3\xe2 \xf1\x22\x8eg\
\x080\xc5\xf5\xc7W\xcc\xa6\xd0\xffu\xfc\xd7\xa8Y\xdd\
\x98\xff{\xfc8\xe6}\x1a9l\xa8q\x0f3\xa7N\
\xd7\xfd'\xc1H\xa1\xf7N/Q\xac(\x1e=|@\
z\xb5\x86\xa7\xe6M\x9a\x1a\xfb\x7f\xf3\xd5\x17\xc6;<\
\x9el\x18\xb9\x9e\xbf\xcbe\xb3\x1e\x8f\xc9\xd4\xa3k\x17\
C/\xbes\xf3&\xf2\xbf\x94\xd7\xd8\xf6\xcb\xde\x9f\x8d\
c&\x8c\x1fg\xac\x7f\xadGw\x9dgD\x18\xbe\xb5\
\xc7&;\xe1\xd4\xe9\xd3B\x9f\xe3\xfdY6\xfe\xf3\xd7\
_F/\x95\xd5\x1f}h\x8c5h@\x7fM\xef\xd0\
\xe7\x8b[5ofl\x9b\xff\x96V\x7f\xf5\xc1\x03\xcd\
\x87\xc4q\x1ar\x9b_\x8b\x96\xb1b\xcd\xa6L\x99d\
l\xeb\xa3\xe7\xa2\x84\xeb\xc7\x0d\xe8\xf7\x86\xb1\xed\xcdY\
3u\x9b$\x12\xd7\xfe\xf8\x03\xb9\xb2g7\xb6}G\
x\x95\xcb\x9c91z\xe9\x04=\x8e\x9d\xf5\xb0\x18\xff\
\xc1cC/\x1b;v4\xf2\xe4\xcc\x01\xff\xf5\xeb5\
\xfc\xd3\xf3\xe5^*2\x0f\xcc\xd5\xfb\xe3.\xfe\xcd\xfa\
\x7f\x5c\xf1\xef0\xf6\xf7i\xf0\xaf\xf4\x0d\x08=~\x02\
'\xc9&\xe0:\x97\xaf6o\x81\x08\xdd\xd4z\xa0\xfb\
\xd9\xc8\xf8\xc3\xb8\x09\xe3P\xb5fMl\xde\xba-F\
n\x91\xdd\xd4\xbaU+d\xce\x9c9Nz\x7f\xe9R\
\xa50u\xca\x14\x5c\xfd\xf5W]v\xfe\x89\xdeo\xbc\
\x81\xa6\xcd\x9b\x22\xf4X\xb0&o\x1e<4\xec\xd0\x91\
c\xc6 +\x9dk\xcfw\xdf\xe3\xec\xa93\xb6x\xf6\
\xd3\xe1\xff<^\xeb\xd9\x03%J\x16\xd7u\xc8\x98\x1a\
\xf3\xbc\xdc\xbdy\x03\x15}}Q\xa4@!<\xb8s\
\xd7\xc0\xf9\xf0\x81Z?\x95_~\xfcI\x97}\x9a\xfe\
\x19z\xec\x04R\xa7H\x85\xcez\xfce\x04\xd7\xa5\xa0\
\xf7\xf4\xce\x8d\x9b\xa8P\xd6\x07\x85\xf2\x15\xc0\xcd\x7f\xaf\
\xeb\x8f\x5c{g\xbbv\xea\x82\xb4\xa9R\xe3\x22\xf1a\
\xf1<t9\xfa\xc3\xd7\xdf\x89s\x8c\x1c2L\xf7\x1b\
\xf09\xa2q\xff\xf6m\x94\xf7\xf6A\xd6LYq\xf5\
\xd2%\xa7\xb51#\xf4\xe7:g\xfaL1\xd6\xaem\
\x9f\x18\xf8a]\xff1\xe9\x0d\xcd\x1b\xbd\x8a\x5cY\xb3\
\xe1\xdf?\xffR\xceC6F\xe8i\xa4I\x95\x0e\xcd\
\x1a6\xa6\x95\xd1B\xeff\xbf&\xd87\x11\x1e\x81\x8e\
m\xdb\x891\x0f\xed;\xa0\xdd+\xd7\x9c!,\x86\xdf\
\xbb\x8f\xea\x95*\xc3+mz\x11\x8b\x22u\x1a\xa1\xf3\
\x91n_\xf8\xe5\x82\xa8Q\x95\xf4\xad\x08\xb6\xe5#\x8c\
>\xd5\xdf|\xfe\xa5\x18o\xda\xa4)1\xcf\x87~\x8b\
{w\xef\xa0R\xf9\x0a\xc8\x995\x07\xfe\xd1\xaf1\xca\
\xb0\xd34_\xa5\xf4Gp~\x88O\xd92\xf8t\xdb\
VQ7Nb\xdfn\xdd\xfd\xa7\xad\xff\xe5.\xfe\xed\
\xf6\xff>\xeafn\x8b\xb0\x01\xf4y\x00\xc9\xf7N\x86\
\x84\xe0T\xc8\x09\xd4\xaeS\x1b\xbe\x95*\xe2\xca\xaf\xbf\
\xeb|\xfb\x01\xfd\xa4\x11\xbal\x0bD\xf7\xee\xdd\xd0\xaa\
M\x1bl\xde\x16\xc3\x07n\x93<\xe2||\xee\xcb\xcd\
=\x868\x8f\x88\xfdw9r\xe4@\xb6l\xd9H^\
\xe7F\xe1\xc2\x85E/\x9e\xee\xdd\xbb\x8bz\x9b\xdc\xbf\
W.g\xcf\x9f\xc3\xb0Q#Q\xbb~\x1d,^\xb4\
\x90\x05\xadX\x7fO\xf2\x1f\x8eM\xe8\xd3\x07\xb9r\xe5\
\xc2\x8f\xdf~G\xfa\xca\x19\xd2\xcf\x03c\xf5=\x89\xef\
<\x0d\xe6-\xe7\xce\x9d\xc5\x82\x05\xf3\x91&mj\x84\
\x85\x9d\xd1\xfd|\x9a}\x19\xae\xe3\xb0{\x8f\x1e(U\
Z\xabE\xf4P\xc7\xf9\xa2w\x17\xe1\xc5\x14\xc9\xf1\xef\
?\xd7\xf5w?\x0aRyz\xe9\xa5\x970\x92\xeeU\
\xc32\xe95\x91\xda8\xadZ\xb6\x82\x8fOL\x9c\xa1\
\xd41&M\x9e\x8c\xac\x84?\xa1?\xd3\x10\xe1:_\
\xb8N|\x22e\xda4X\xb4h\xa1\x91\xcf)\xed\xdc\
V-\x9a\xa3\x14\xf1Vi\x0f\xab~\x8bXuq\xf4\
\xfd7o\xda$\xb0u\xf9\xe2e\xfdz\xa3E\xbdD\
\xed\xb9\xbf\x8e\xe2\xa4\xc7h\x98\xd3\xe6/\x84\xdf\x80\xae\
\xa5\xc0\xcb\x05\xd0\x7f\xc0\x00M\x86\x8b\xfa\xfb\x8f\x0d^\
\xc7\xf6J*\xba>\xce/\x91~\xc0G:\xce;\xb6\
o\x87\x82t\xac\x11S\xcd\xd7\x13\x19e\xcc\xf1\xb6m\
\xd3V\xe7\x9b\x11\xe2|\xbcp\xdfJ\xbeF\xcea\x93\
s\xd6\xe1\x8f\xb4k\xec\xd2\xb1=J\x16/\xa6\xfd>\
\xfa\x5cH\x8c\x9f&R\x7f\xc7\xc2\xe0\x95\xc9\x0b\xbd^\
\xeb\x81O\xb7l\xd1\xf2\xc2\x9c\xf8\x89\x9f5\xfe\xed\xbc\
\xcf\xee\xce\xff9\xf3\x05\xf0=\x05\x1f\x0b\xc1\x953\xe7\
\xd0\xadSgd\xcc\x95\x03\xbb\xbe\xfe\xca\x88\x11\x96s\
\x03\xbc\x1c\xde\x7f\x00\x03\x07\x0dB3\xb2\xcf\xa7L\x9b\
\x86_\xf6\xed3\xecIsM&\xd5\x1f\xad.\x7f\x90\
\xac_\xeb\xbf\x11\xdd{\xf6D\x8b\x96\xcd\xb1h\xe1\x02\
\xdc\xbc\xae\xbd+\x91d\xe7?\xd2m\xfd+\x7f\xfd\x89\
*\xb5k\xa1t\xb1b\x08\xd8\xb7\x1f\xe7O\x9f\xd1r\
y\xf5{wW\xe6\xbb\xf3\x8cN\x10?\xdc\xb7w/\
2f\xf4\xc2(\xd2\x1d\xa5\x1e\xcb\xbe?\x89\xcf\xae\xa4\
c\x97(UR\xc3\x80.\x1b\xb9\x1e)\xdb8\x5c\x07\
O{\xf7\xb5g\xc0\xf26w\xde\xbc\x18\xac\xf7a\xe1\
\xfd%f[\x12feM3\x15\xff\x13'L@\xd6\
,\x99\xf1@\x9f\x9f\x95\xeb\xb9\xfe\x1d\xdbM\xf3\xdf\x9e\
g\xd8\xc9\xf2Y7'\xdd\xbcL\xd9\x98\xb1\xa2\x0d\xec\
\xc7&\x89\xf1\xf5\xeb\xd6\x09l\x9d=w\xd6\x98\xcb\x90\
cq\xbexA\x8e\xbfz\xac\xcd\xc9GD\xca9\xca\
h\x91k-\xf3\xc9e\xfd=y}\xdc\x93!\x05\xf1\
\xc0\xdf~\xbbj\xf4_\x92X\xe6\x9e*|ll\x9e\
\xa4\xbd?\x95*WDsz\x16rLy\x1d\xec\x8b\
\xe5k\x5c\xbfn\xad\xe1\xeb\x7f\xa4o\xeb\xd0\xbe\x0d\x8a\
\x15+\xa6\xbf\xaa\xd1\x86\x9d&~\xa7\x87\xda{4h\
\xd8\x10\x11\xc7\xb2\xf0\x9dw\xb0\xf7\xc7=8AvZ\
\x90M\xb9\xff,\xf2\xff\x12\x0b\xff\xb1x@ \xf1\x00\
\x92\xcbW.\x5c\xc0[\xb3\xe7 C\xa6\x0c\xe8Iv\
\xf9\xcd;\xf7\x8c\xb9)\x19+\xc8\xcb\x9f\xa4\xb7\xaf[\
\xbd\x1ao\xf4\xef\x0f\xbfvm\xd1\x8dd\xfb8\xb2_\
Y\xbe\xb3o\x95k\xf3\xb3o\x95\xe7X\xb9_7\xd7\
\x1a\x1a8p\xa0\xc8?\xea\xd4\xb1\x93\xc89\xfa\x96l\
9\xe9\xd7\xe3\xf9\xa7\x87\xf7\x1f\x18\xe3\xaf\xa6\xb1s\x90\
\xdd\xd7\xce\xaf5N\x93\x8dr\xead\xa8\x98\xb7\x08r\
\x80\xfd\xf8\xec\xd9\x22\x9eG@ .\x9c;\x87\xe1C\
5;\x7f\xa7\xee\x07\x15\xf2V\x7f\xafzt\xefJv\
L\x09}\xeeD\xbb\xf6w\xde~\x1b)\xe9]\xfb\xf3\
\xaf?\xc4\xfaG\x8f\x1e\x0a\x1d*\x8a\xf0^ _>\
\x0c\xd1\xe72\x1f<\xbc/j\x10\xf3\xd2\xd6\xaf\x15\xca\
\xeaz\x04\xbf\xf7r\xac\xf1\xe3\xc7\x0b\x1d\x8a\xe33\xd8\
\xaf\xc5=\xcc\x98\x1f\xffC\xf8\xf7\xca\x90A\xf4p\xd6\
l\xef\x07\xda6Z\xfcZ\xb6\x84\xaf\xb7\xb7a{\xc8\
\xfa\xc7\x91\x91\x8f\x04E\xe8\x9f\xf2\xb7\xdc@\xbf\xd5\x8b\
\xa2\x9er\x98~\xccC\xda\xa6\xdb\xe4d\x8fq\xfc%\
\xdb`\xac\xaf\xf09D\x9f5\xc2V\x89\xa2\xc5\xd0\xbb\
gO#\x8642\x92\x8f\xd3\xde\x95E\xef\xccC\xca\
\xe4/\xe2\xca\xe5\x8b\x86\xffO\xf2\xf4v\x84\xff\x12\x8c\
W1\xf7\xf9H\xe8\xf8|N^jT\xab&j\xba\
is\x1c\xf7\x88\xee\x0b\xbb\xe6\xe2\xc5s\xc2\x87\xb4F\
\xcf\xf9d>\x1c\xae\xff\x06\x9d\xda\xb5A\xa9\xe2\xc5\xc5\
\xb3\xe6\xb1\x22#\xc3\xc5\xb8r\xf1\xdf\xb2\x19)\x93\xbd\
\x88\xbe\xaf\xf5D\xc0\xa1C\x08Qj\xbd\xba\xf2\xf7'\
6\xfe\xed\x9eW\xad[c\xa7\x0f\x80\x1d\xe2\xf8 \xf6\
)\x06\x11\x1f\xf8\xfd\xfcE\xfcB\xd8\xacN\xb6X\x01\
\xfa\xad> ,\xb2^(\xe7z\xe4\xfb!\x97\xbb7\
o\x89\xeb`\xcc/]\xba\x14\xb3g\xcf\xc6\xa4I\x93\
D\xcf\xa1i\xa4#\xbcC|w\xed\x9a\xb5\xf8\xfe\xfb\
\xefE=\xe2\xa8\xe8\x18}\x81\xfdS\x11J\xef>\xb6\
k\xea7h(j\xf9,\x7fw1\xfe\xb8t\x19\xc7\
\xe97\x135\x97L\xd8O0\x1e\x1c\xc4\xcfU\x9b_\
8A\xd4\xa4a#\xc1\x03\xa6\xcc\x9a\x89\xbfn\x5c7\
\xae\xb5\xef\xeb}Q\xa9B\xa5X\xcfb\xe9{\xef!\
C\xc6\x8c\x96zO\xa1\x82\x050y\xf2\xc4'\xd6w\
\xee\xd4\x11\x95\xc8\xee2/3f\xcc\x10\xb5\xd9,\x1a\
\xde!S\xa6LX\xb6l\xd9\x13\x9b:\x11\x7f\xadY\
\xa3\x86\xed\xda\x99\x5c\xff>U\xca\x94\xc4s\xc2\x9f\xd8\
6r\xe4\x08\xe2o%-\x8f+K\xfa\x0a\xf7\x8e\xb5\
Z\xd6|\xf41\xd2\x93\x8d\x1fn1&_\x9f\xaf\x8f\
\x8f\xe5q\xf5\xeb\xd7\xa3\xed\x1d\x9eX\x7f\xfb\xd6m\xa4\
J\x9d\x0a\xbb>\xdb\xf5\xc4\xb6\x1e\xdd:\x13\xbf{r\
<\xf6\x0dL\x995\x03/\xbc\xf8\x22:\xb6\xf2\xc3\x09\
\x92ml\xe7\x06\xe8\xba|\x5cp\x9fT\xf1\x1fo1\
\x05\xf4\x8c\x82\x8e\x06\x8bx\x9a\xd3$o\x7f={\x01\
\x0b\xe7\xcd\x17=\x82\xca\xfa\x96\xc3\x8a\x0fW\xe1\xd6\xdd\
;\xb1\xe2UX\x16>v\xb3\xdf\x05\xfb\xbe\xa4/K\
.?\xee\xfd\x19\xed\xbbvF\xae\xbcy\xd0\xb7wo\
\x1c\xa7k\xe1>\x1e\xe2\xbe9n\x81\xef91\xb0/\
\x9fE\xb0\xf6\x19\x1ar\x1c'\x8e\x1cE\xcf\xee\xdd\xe8\
]z\x019r\xe7@\x8b\xd6-1\x9ep\xec\xe3\xeb\
#\x9e\xcd\x9b\xf3\xe7a\x0aa\xf5\xady\xf3\xd0\xb0a\
C\xa4K\x9f\x1e\xd3fN\xc7\xec\xb9ob:\xbd\x83\
\xd3\x89oL\xa7\xff\xb3d\xcf\x8a\x06\x8d\x1ab\xfe\xc2\
w0\x85\xfe\xe7\xf5\xf3\xe8\xd8\xe2\xdc\x9b\x98\xc6Y\xb0\
x\x11\xe6\xbe\xfd\x16f\xbd9\x07\xef,\x5c\x88\x9a\xb5\
j!S\x96,\x98A\xba\xd3l\x92\xf5\xb3\x88\xaf\xce\
\xa11\xc7M\x18\x8f\xd4i\xd2\xa0e\xabVXD\xfa\
\xd6L\xda\xce\xfb\xbc\xf9\xd6[(E\xb8\xcc\xcf9\x11\
3\xa6a\xdc\xc4\xf1\x187i\x82\xa0\xf1\xe2s<\xc6\
N\x18\x871\xe3\xc7b\xd4\x981\x98@<\xfa\xd5\xa6\
M\x85\xbe\xc2\xeby\xec\x19\xb3g\x8ak\x9e\xbf`>\
*W\xadL\xbfGnq\x8d\xb3\xdf\x9aK\xdb\xe7\x8a\
s\xb0\xde\x91#gNT#>\xb3`\xd1\x22\xba\xb7\
\x99\xe2^\xa6L\x9f\x8a\xb9\xb4\x1f\xeb\xf0\xe9\xbd\xe8\x19\
\xcc\x98N\xc7\xbeM\xf73[\x5c\xe3[\xa4\x1b\x95,\
]\x1a\xf9\xf2\xe7\xc7\xdb\xef\xcc\xa7\xe73Gl\x9bA\
\xc7\xf2}\x17(T\x00e\xca\x95\xc5|\x92\x17\xd3\xe9\
:f\xcc\x9e%\x9e\xe1\xf0Q#\x912M*\xb2\xb7\
\xba\xd1syG<\xdb)4\xf6\x9bt|\xe92%\
\x91\x8f\xf4\xaa\xa5\xcb\x97b\xe1\xbb\x8b\xc4x\xbd\xfb\xbc\
\x8e|\x05\xf2#9\xd9 #\x86\x0eChp\x88\xe0\
\xe3\xce\xe2C\x93\x8a\xeeow\x0e !\xf0\xaf\xce\x0d\
\x08\x9f\x00\xd1\xe5\xb3\xe7q\x92>'\xd3;W\xb4h\
a\x14)^\x14\xc3\xc7\x8c\xc2\xc1#G\x84\xaf\xc5\xaa\
\x17\x13\xdbg\xb2\xd7\x86\x8c\xcb\xb2Z\xce\x92]\xb7d\
\xc5R\xd4\xac_\x1by_z\x09]:w\xc6\x0f\xff\
\xfb\x1f\xae\x90\x8ep<$\xc4\xf0o\xba\x93\xe7\x14\xdf\
1VL\xac3\x9e\x0f=\x85\x9d[\xb6\xa2{\x97.\
(^\xb4(\xb2e\xce\x8c\xb4\xa9S#\x0d\xc9\xa5,\
\x84\xd1\x8c^^\xc8Dr?5a)\x19\xc9\x9c\xf4\
\xe9\xd2\x22\x1dQz\x9dx;\xeb\x10\xa9I\xd6f \
\xfe\xc0\xf6;\x7f\xf2\xfa\xb4iR\x8b<\xe7,4&\
\x8f\x91\x99d{\x16}\xfc\x94\xc9S 3\xadK\x9f\
!\x9d \xaf\xf4|\x5c:$\xa7s\xb0\x0d\xc0\xc7g\
\xa4O/\x1a\x8b)e\xf2\xe4\xe2\x1c<\x8e\x17m\xf3\
\xe2O\x1a/s\xe6Lb\xae&s\x16\x8d2\xd1w\
\xben\x91\xefM\xd7\xe5\xe5\x95A\xc4\x5cg\xa0O&\
>g\x1a\xda\x96\x82\xc6\xe3\xb1\xf8Z\xf9|\x19\xf4\xf3\
\xf0\xf9\xd3\x12\x0f\xca@\xf7\xc1\xf7\x92V\xdco:1\
F\x1aZ\xcf\xfa:\x9f\x93\xfd'^D|\x9d\xe2\x9e\
h[r\xd2\xc73\xf1\xf3\xe2k\xf7\xca (s\xa6\
\x8cb\x1b\xeb\x22\xe9\xd2\xa6\x15\xd7\x95\x9a\x9f/\xad\xe3\
~\xef\xc9y\xae8mZ\xfd\xb9\xa6\x13\xc4\xd7\xc3\xf7\
\x9bB\x7f\xdeL<N\x09\xe2\xa7\xbd{\xf5\xc2\x17;\
v\x8a\xf9\xed\x90\xe0c\xb1k=&\x02\xf6\x1d\xf9\xfb\
\xe2\x12\x17`u\xee\x04\xc1\xbd\xa5\x1d\x1c\x80c\xf4\xfc\
~%Y\x1cz,\x04+I\xbf\x7f\xf5\x95WH^\
\xe5G\xf9\xca\xe5\xf1\xc6\x90\xfeX\xe3\xbfN\xe8\xe7\x7f\
]\xbb\x86\x87d\xe7=6\xf5ff{\xed\xb7?\xfe\
\xc0\x01\xb2\xbf>^\xb3F\xc4\x1dV\xabS\x03/\x17\
\xca\x8f\x8a\xe5}0i\xec\x18\xec\xdf\xbbW\xe4&q\
\x9d\xa2#\x8a\x8f\xefY\xd7_\x89UK\xfd\xd4)\x5c\
 \x9eu\x82\xeb\x88\xd2\xf5q\x8d\xa1\x9d;vhq\
H\xe29\x05\xe3\xcb/\xbe\x10\xfe\x0f\x9eC\xe4Z\x12\
\xf23\x88t\xaaU\x5c\x9b\x94\xde\xc9`\x1a\xeb\xf0\xc1\
\x83\x08\xa0m\x5c\x9b\xe8\x8b\xcf?\xc7\xb6-[\x04\xbf\
\x0d\xa4u\xbc\x9e\xfb[\xf2\xf8\x1b\xd7\xaf\x17\xfbp^\
\x1a\x8fsD'\x8ec\xdb\xf3\xc3\x0f\xc2\x1f\xca\xfb\xcb\
:g\x5c\xff\x90k\x9f\xb1\xbe\xc4\xe7\x96\xf1\x91V>\
_\xae\x87\xca\xf1/\xec\x03\x90\xf7\x18\x10\x10(\x8e\x91\
\xe7\xdf\xbay\xb3\xd0\xbbx,\x8e\x8b:\xac\xd7\xc7c\
\xbf\xe1n\xban\xfe\xce\xd7%\x89\xffg;\x8f\xe3k\
\xb4\xf1\x02\x0c\xe2\xf3\xed\xda\xb5\x0b\xfe\x1b7\x1a}\x96\
%\xb1\xef\xe9s\xda\xb6\x8b\x9e'\xdf\xcb\x81\xfd\x07\xb4\
\xfb\xa5\xef\x9c\xdb\xb5a\xedZq\xbf\xdc\xd3V>W\
\xbe\xae\x9dds\xf25\xf2\xff\xfb\xf7\xed\x17\x9f\xa1\xa1\
\xa18G\xbf\x13\xe7\xb9\x04\x99\xea\xf8'\x96\xde\xff_\
\xc1\xffQ\xdd/\xc0\xefE\x10\xbd\x13g\xcf\x9e\xc3E\
\xe2\x05\xfb~\xfc\x09\xef\xcc}\x0b\x1d\xda\xb6#\x0c\x97\
G\xc1B\x85P\xb4xq\x94-W\x0e\xe5+T \
{\xb6\x92 \xb6\xf5x>\x8ak\xee\xbf\x5c\xb0 \xca\
z{\xa3\x95\x9f\x1f\xa6M\x9e\x82\xdd\xbb>\xc7\xa9\xd0\
0\x9c;w\x89\xe4\xfdq\x81!#6!\x89\xe1\xff\
H\x10a\x80\xdfg\x22\xc6\xf9\xf1\x90c\xa2\x8e\x0aS\
\xb0\xd2\xa7\xf6$\xbds\xdcsA\xf4\xa9\xe5u\xb2\x17\
.?\xbb3g\xc4;y\xdc\xd4\xd76\x94\xd6\xf18\
j\xbf[\x8e\xd3\x0eU\xc6\x0a\xa6\xf5\xf2<\xdc\xbf\x91\
\xeb\xb6\xc6\xea\xeb\xab\x7f\xcak\x92c\x8b\xfe\xc3z\x1f\
b\x95\x8e\xea\x9f|\xbdat]\xe6\xfe\xba\xe2\xfc\x84\
#>\xbf8F\x8e\xa5\x7f\xf29\xb8\x1fp\xb0Eo\
^^o\x5c\xb7~\x8cyL\xab\xf3\xf1\xb50\xa9}\
\x80\xe5w\xbeF\x96\x0d!\xf2\x99\xea\xdb\x99's\x1f\
\x07\xb1\x1f=\x0fY\xdf\xf90\xbdKj\xed^\xbby\
a\xf1\xf5\x8e\xc5\x17\xfe\x1d]O|\xf9\xfd\x5c\xf9\xca\
\x83$\x05\x06\x09\xff\x80\x96[\x7f\x94~\xe3\xe3$\x0b\
\xcf\x09]=\x8ct\xe3\x03\xfb\xf7\xe3\x0b\x92\x17,\x17\
\x96\x91\x8e\xc0>?\xae\xc7\xc7>*\x8e\xb7\xe2\x1a+\
\xdck\x9e\xdf\x1b\xf6\x01\x9e?Gv\xc5\xc9P\x81s\
\x96\xf7\xea\xdcjP\x12\xec\xa5d\x95\xc7\x11\xa8\xf3\x03\
un\x98\xf5\xa0\xc3\xfa\xfd\xc8\x18\xf0#\xfa~Gd\
\xae\x82\xe9wu\x16{\x1e\xa0\xbf\xc7\x01\x81<\x9e\xf6\
\xec9\xf69  \xf61V\xd7\x14\xa8\xeb\xbaAV\
\xf3\xd9\xea\xb12\x8e\xd2\xea\xfe\xf4\xf3\x1f1\x13\xad\x97\
\xf7e\x95\x7f!\x8f3\xcf\x9f\xcbc\x03\xf4\x1e;V\
\xc7;{\x0e\x81j\x0d~\xe5\x1a\x8d\xf1,\xf0\x14\xf4\
\x0cdHB\xe3\xffi\xe7\xb8\x9e\xd6O\x18xT\x7f\
\x96G\xb5\xf8I\x96E\xa7\x88\xb7\x87\x85\x85\x89\xdcY\
\x9e\xb3e\xe2\xef\xbc\x8e\xf9>\xf3h\x19_\x13`\xa1\
\x97\xfd\x97(\xbe\xea\xc5[\xf1\x88g\xd9o&>\xf4\
dw\xee#\xbe\xef9)<\xc7\xa3q\xc0\x7f|\xcf\
q\xc7\x0f\x1f8\xfa\xc4|\xbcj\xef\xa9\x94\x14\x9e\xf9\
3\xf5\xdd\xca\xfbwP\xc3\xed\xa8\x1b:\xea\xb3\xea9\
\x1d\x17\xfc\xdb}o\xdd\xa9\xd1\xf6\x9f\x91\x0f.\xf2\x83\
\xdd\x8dqI*\xbc\xcdCI\x8bO'vlZ|\
=#\xcf\xfblO\x87L\x0a\xf2\xc2C\x1e\xf2Pb\
\xce\xff\xcbmGc\xd5\xbb\xf4\xe0\xdfC\x1ez\xbeu\
7\xbb\xf1\xff\x9a]yT\xd4\xbc\xf5\xe8K\x1e\xf2\xd0\
\x7f\xc3Oh7\x06X\xc3\x7f\x90\x07\xff\x1e\xf2\xd0\x7f\
\xd8\xe6\xf7\xe0\xdfC\x1e\xf2\xe0?\xd0\xe6\xdc\x91\xe7\x19\
z\xc8C\xff\x7f\xf0\xef\xf1\xfdy\xc8C\xff?\xf1\xef\
\xc1\xbe\x87<\xf4\xff\x03\xff\xee\xc4\x06z\xc8C\x1e\xfa\
o\xf1\x00\xcfs\xf1\x90\x87\xfe\x7f\x90\x91\xe3d#\xff\
\xc7\xc3\x1b<\xe4\xa1\xff&\xfe\xff\xbf\xc4\x95{\xc8C\
\x1er\x9d?\x9c\x10\xf9\xff\x1e\xf2\x90\x87<\xf8\xff/\
>\xbf@\xa5O\xaa\x87<\xf4\xbc\xd5\x8f\xf0<\x8b8\
\xd4%\xd01o\xe0\xdfTKL\xabs\x1c\x9b<\xcf\
\xcdC\xcf[\xde\xd1\x7fe^\xc0\xb2\x96\xa1^\x03\xd0\
\xa8\x8f k\x02\x9a\xe4\xb9Q\xd7\xd5D\x81&\x0a2\
\xd1\xd1\xa0\xe0X\x94\xd0\xfd\xda=\xe4\xa1\xa4\x98\x9b\x18\
d\x81\x0dw\xc8\xd18\xee\xae7S\xa0\x0bz\xfa\xfd\
\x83M\xe4|\x7f\xf3\xf5\x9b\xef\xe1\x09~d\x93\xd7\xb9\
\xbb\xbf\xab\xdf\xd1\xdd\xe3\xe2\xfa\xae\x98\xcf\x99\xd0\xf5h\
\x9f|\xd6A&\x8a\xfb\x98\xcf\xa3\xbcT\xed\x7fw\xee\
\xe1i\xf1\xfe_%\xbb\xf8w\x87'\xc6\xe7\xb3O\xc8\
\xdf1\xa1\xc6KPYt486\xb9\x903\xae\xf9\
\x89\xf3\xf5O\xab\xdb\xda}G\xdc\xb2q]\xe0\xdf\xd9\
\xef\xfb\xac\xf8\x81\xab\xdf\x5c\xd6\xa7\x0eJ \x0c::\
\xef\xd3\xe2\xdf\xfc;\xb8\xc2X\x5c\x9e\xbf\x9dw\xda\xdd\
\xfb\x8e+6\xed^\x7f\x5c\xf5\x19\x97\xd7\x22p\x1f\xf3\
i\xa5\x03<\x8d\xfe\xf6,u\x03g\xe7V\xb79\xab\
\x93(\xb1\xe4\xec\xb7Q\xb1\x16_\xb8s\x87\xec\x9e\xdf\
\xfc\xbb\x98\x8fqF\xe6s9\xa2\xa3&J\xec\xe7a\
u>g\xba\xbd\xa31\xdc\x95\xf7\xae0l\x07\x13\xee\
^G\x5c\xf8\xde\xd3\xf0\xfa\xb8\xf2Yw\x9e\x93\x1d\x1e\
\xe3j\x9b\x9d\xdf]}O\xcc\xebTR{+\xa8\xfd\
\x14\xd4\xffE\xdf\x08\xa5\x87\x843\xb2\xbb\x9f\x9dq\xcc\
d\xde\xc7\xaa7\x84zOOsN\xeeMau\xfe\
`\x85\x8e)\xd7\xe4\xe8\x9c\xea\xb1V\xf7d\x87\x1c\x8d\
g~\x06\xae\x9e\xdf\xd3\x9c\xd7\xce\x98\xfc\xcc\x9c\x91;\
\xe7\xb2{\x0f\xe6\xf1]\x9d\xcf\xfc\x8e\x9a\xcf\xef\xec\xb7\
\xb2{\x8d\xae\x9e\x83\xd5\xf59{>\x8epe~\xef\
\xad\xb0\xfd\x82g\xf1,\x9e\xc5\xb3x\x16\xcf\xe2Y<\
\x8bg\xf1,\x9e\xc5\xb3x\x16\xcf\xe2Y<\x8bg\xf1\
,\x9e\xc5\xb3x\x16\xcf\xe2Y<\x8bg\xf1,\x9e\xc5\
\xb3x\x16\xcf\xe2Y\x9e\xfb\xe5\xff\x00\x16P\x10H\
\x00\x00\x016\
<\
svg xmlns=\x22http:\
//www.w3.org/200\
0/svg\x22 width=\x2224\
\x22 height=\x2224\x22 vi\
ewBox=\x220 0 24 24\
\x22 fill=\x22none\x22 st\
roke=\x22currentCol\
or\x22 stroke-width\
=\x221.5\x22 stroke-li\
necap=\x22round\x22 st\
roke-linejoin=\x22r\
ound\x22 class=\x22fea\
ther feather-sea\
rch\x22><circle cx=\
\x2211\x22 cy=\x2211\x22 r=\x22\
8\x22></circle><lin\
e x1=\x2221\x22 y1=\x2221\
\x22 x2=\x2216.65\x22 y2=\
\x2216.65\x22></line><\
/svg>\
\x00\x00\x01\xbd\
<\
svg xmlns=\x22http:\
//www.w3.org/200\
0/svg\x22 width=\x2224\
\x22 height=\x2224\x22 vi\
ewBox=\x220 0 24 24\
\x22 fill=\x22none\x22 st\
roke=\x22#ff4949\x22 s\
troke-width=\x221.5\
\x22 stroke-linecap\
=\x22round\x22 stroke-\
linejoin=\x22round\x22\
 class=\x22feather \
feather-trash-2\x22\
><polyline point\
s=\x223 6 5 6 21 6\x22\
></polyline><pat\
h d=\x22M19 6v14a2 \
2 0 0 1-2 2H7a2 \
2 0 0 1-2-2V6m3 \
0V4a2 2 0 0 1 2-\
2h4a2 2 0 0 1 2 \
2v2\x22></path><lin\
e x1=\x2210\x22 y1=\x2211\
\x22 x2=\x2210\x22 y2=\x2217\
\x22></line><line x\
1=\x2214\x22 y1=\x2211\x22 x\
2=\x2214\x22 y2=\x2217\x22><\
/line></svg>\
\x00\x00\x01\xdf\
<\
svg xmlns=\x22http:\
//www.w3.org/200\
0/svg\x22 width=\x2224\
\x22 height=\x2224\x22 vi\
ewBox=\x220 0 24 24\
\x22 fill=\x22none\x22 st\
roke=\x22#e0e1dd\x22 s\
troke-width=\x221.5\
\x22 stroke-linecap\
=\x22round\x22 stroke-\
linejoin=\x22round\x22\
 class=\x22feather \
feather-list\x22><l\
ine x1=\x228\x22 y1=\x226\
\x22 x2=\x2221\x22 y2=\x226\x22\
></line><line x1\
=\x228\x22 y1=\x2212\x22 x2=\
\x2221\x22 y2=\x2212\x22></l\
ine><line x1=\x228\x22\
 y1=\x2218\x22 x2=\x2221\x22\
 y2=\x2218\x22></line>\
<line x1=\x223\x22 y1=\
\x226\x22 x2=\x223.01\x22 y2\
=\x226\x22></line><lin\
e x1=\x223\x22 y1=\x2212\x22\
 x2=\x223.01\x22 y2=\x221\
2\x22></line><line \
x1=\x223\x22 y1=\x2218\x22 x\
2=\x223.01\x22 y2=\x2218\x22\
></line></svg>\
\x00\x00\x0a6\
<\
?xml version=\x221.\
0\x22 encoding=\x22UTF\
-8\x22?>\x0a<svg versi\
on=\x221.1\x22 xmlns=\x22\
http://www.w3.or\
g/2000/svg\x22 widt\
h=\x22180\x22 height=\x22\
180\x22>\x0a<path d=\x22M\
0 0 C1.03661774 \
0.00181274 1.036\
61774 0.00181274\
 2.09417725 0.00\
366211 C12.90294\
939 0.05497601 2\
2.71874537 0.796\
963 33 4.375 C34\
.28753174 4.8015\
9912 34.28753174\
 4.80159912 35.6\
0107422 5.236816\
41 C38.43465735 \
6.18661253 41.25\
01295 7.17670526\
 44.0625 8.1875 \
C44.93213379 8.4\
9429688 45.80176\
758 8.80109375 4\
6.69775391 9.117\
1875 C53.9415424\
8 11.88526451 59\
.80150372 15.829\
03826 63.9375 22\
.5 C67.64424485 \
32.53001547 66 4\
0.76477926 66 52\
.375 C23.43 52.3\
75 -19.14 52.375\
 -63 52.375 C-63\
 22.64711302 -63\
 22.64711302 -56\
.09765625 15.066\
40625 C-47.59759\
265 8.21253747 -\
34.42315793 5.22\
571161 -24 2.375\
 C-23.35498535 2\
.18663574 -22.70\
99707 1.99827148\
 -22.04541016 1.\
80419922 C-14.79\
144908 -0.093669\
02 -7.45500031 -\
0.02403188 0 0 Z\
 \x22 fill=\x22#DEDFDB\
\x22 transform=\x22tra\
nslate(65,106.62\
5)\x22/>\x0a<path d=\x22M\
0 0 C6.03292875 \
4.51704056 9.848\
0574 11.60449731\
 11.1640625 18.9\
0234375 C12.0729\
0196 29.5567386 \
10.70285636 37.8\
4184017 3.914062\
5 46.27734375 C-\
1.68521831 52.18\
6372 -8.78660618\
 55.08753414 -16\
.8359375 55.9023\
4375 C-26.423534\
76 56.11914871 -\
34.62945196 54.5\
9703865 -41.9023\
4375 48.0390625 \
C-48.54233413 40\
.90003318 -50.80\
992318 33.540648\
21 -50.8359375 2\
3.90234375 C-50.\
32089075 15.8743\
325 -47.98053904\
 9.15248732 -42.\
8359375 2.902343\
75 C-30.83056688\
 -7.64055445 -13\
.5358875 -8.0927\
3274 0 0 Z \x22 fil\
l=\x22#DCDDD9\x22 tran\
sform=\x22translate\
(85.8359375,40.0\
9765625)\x22/>\x0a<pat\
h d=\x22M0 0 C16.90\
324989 0.3849601\
4 41.44857339 4.\
56082261 53.8359\
375 16.81640625 \
C61.01937669 24.\
5422684 61.28051\
982 31.13959355 \
61.125 41.375 C6\
1.08375 45.21125\
 61.0425 49.0475\
 61 53 C48.13 53\
 35.26 53 22 53 \
C21.875 39.75 21\
.875 39.75 21.88\
232422 35.651367\
19 C21.66157758 \
26.11344653 19.5\
3187757 17.95731\
692 12.95849609 \
10.7668457 C9.05\
135103 7.1258453\
4 4.72059351 4.4\
5864246 0 2 C0 1\
.34 0 0.68 0 0 Z\
 \x22 fill=\x22#DBDCD8\
\x22 transform=\x22tra\
nslate(118,106)\x22\
/>\x0a<path d=\x22M0 0\
 C6.98225036 5.5\
8580029 11.70584\
738 12.17544851 \
12.8125 21.25 C1\
3.30250891 31.21\
351445 11.133866\
 40.09972921 4.3\
828125 47.800781\
25 C-1.99930486 \
53.69074529 -10.\
05810266 56.3085\
5476 -18.609375 \
56.2109375 C-25.\
03163165 55.8323\
3285 -25.0316316\
5 55.83233285 -2\
8.1875 55.25 C-2\
8.5175 54.59 -28\
.8475 53.93 -29.\
1875 53.25 C-28.\
078125 51.289062\
5 -28.078125 51.\
2890625 -26.4375\
 48.875 C-19.792\
7512 38.13523159\
 -18.67635648 26\
.30744791 -21.37\
5 14.125 C-22.67\
349571 9.3472813\
5 -24.51394488 5\
.30060334 -27.10\
15625 1.08984375\
 C-28.1875 -0.75\
 -28.1875 -0.75 \
-29.1875 -3.75 C\
-19.1533023 -6.7\
626889 -8.977069\
34 -4.92858709 0\
 0 Z \x22 fill=\x22#DA\
DBD7\x22 transform=\
\x22translate(126.1\
875,39.75)\x22/>\x0a</\
svg>\x0a\
\x00\x00\x015\
<\
svg xmlns=\x22http:\
//www.w3.org/200\
0/svg\x22 width=\x2220\
\x22 height=\x2220\x22 vi\
ewBox=\x220 0 24 24\
\x22 fill=\x22none\x22 st\
roke=\x22#0d1b2a\x22 s\
troke-width=\x221.5\
\x22 stroke-linecap\
=\x22round\x22 stroke-\
linejoin=\x22round\x22\
 class=\x22feather \
feather-arrow-le\
ft\x22><line x1=\x2219\
\x22 y1=\x2212\x22 x2=\x225\x22\
 y2=\x2212\x22></line>\
<polyline points\
=\x2212 19 5 12 12 \
5\x22></polyline></\
svg>\
\x00\x00\x17\x93\
<\
?xml version=\x221.\
0\x22 encoding=\x22UTF\
-8\x22?>\x0a<svg versi\
on=\x221.1\x22 xmlns=\x22\
http://www.w3.or\
g/2000/svg\x22 widt\
h=\x22163\x22 height=\x22\
163\x22>\x0a<path d=\x22M\
0 0 C1.00023193 \
0.00523682 2.000\
46387 0.01047363\
 3.03100586 0.01\
586914 C4.110595\
7 0.0190918 5.19\
018555 0.0223144\
5 6.30249023 0.0\
2563477 C8.00695\
312 0.03820313 8\
.00695312 0.0382\
0313 9.74584961 \
0.05102539 C11.4\
5611328 0.057792\
97 11.45611328 0\
.05779297 13.200\
92773 0.06469727\
 C16.02845312 0.\
07652792 18.8558\
7601 0.09301129 \
21.68334961 0.11\
352539 C22.85489\
254 2.40281592 2\
4.02073035 4.694\
70901 25.1833496\
1 6.98852539 C25\
.5172168 7.63950\
195 25.85108398 \
8.29047852 26.19\
506836 8.9611816\
4 C28.68334961 1\
3.88696289 28.68\
334961 13.886962\
89 28.68334961 1\
6.11352539 C29.2\
9718852 16.10983\
822 29.91102743 \
16.10615105 30.5\
4346752 16.10235\
214 C45.48308426\
 16.01399489 60.\
42264699 15.9478\
1285 75.36246014\
 15.9062767 C82.\
58727594 15.8856\
5592 89.81191728\
 15.85754485 97.\
03662109 15.8117\
6758 C103.334066\
09 15.77188465 1\
09.63138473 15.7\
4608905 115.9289\
5252 15.73717141\
 C119.26321138 1\
5.73195898 122.5\
9702469 15.71761\
829 125.93118858\
 15.69060516 C12\
9.65437775 15.66\
163557 133.37681\
421 15.65756687 \
137.10009766 15.\
65942383 C138.20\
42099 15.6450427\
2 139.30832214 1\
5.63066162 140.4\
4589233 15.61584\
473 C147.9234031\
1 15.65629073 14\
7.92340311 15.65\
629073 151.85061\
646 18.01916504 \
C154.39604227 20\
.92795669 154.77\
324628 22.769297\
95 154.9855957 2\
6.55297852 C154.\
37392584 31.7348\
7954 151.6045357\
3 35.93595211 14\
8.99584961 40.36\
352539 C148.1130\
4321 41.9221228 \
148.11304321 41.\
9221228 147.2124\
0234 43.51220703\
 C145.9906468 45\
.66314369 144.75\
885865 47.808411\
26 143.51733398 \
49.94799805 C141\
.77103712 52.962\
17338 140.057473\
95 55.99227405 1\
38.35522461 59.0\
3149414 C123.912\
96963 84.7036520\
5 123.91296963 8\
4.70365205 116.6\
8334961 87.11352\
539 C114.6130668\
8 87.20274425 11\
2.53997372 87.23\
11219 110.467773\
44 87.22705078 C\
109.18667191 87.\
22697525 107.905\
57037 87.2268997\
2 106.58564758 8\
7.2268219 C105.1\
8722495 87.22171\
526 103.78880271\
 87.21649926 102\
.39038086 87.211\
18164 C100.95977\
325 87.20931628 \
99.529165 87.207\
89293 98.0985565\
2 87.20689392 C9\
4.3354821 87.203\
07806 90.5724463\
6 87.19325571 86\
.80938721 87.182\
18994 C82.968551\
87 87.17195582 7\
9.12771028 87.16\
739201 75.286865\
23 87.16235352 C\
67.75234241 87.1\
5163261 60.21785\
143 87.13456735 \
52.68334961 87.1\
1352539 C52.4178\
0273 87.98235352\
 52.15225586 88.\
85118164 51.8786\
6211 89.74633789\
 C50.7028735 93.\
05852671 49.2755\
7181 95.92739017\
 47.55834961 98.\
98852539 C47.019\
52148 99.9553222\
7 46.48069336 10\
0.92211914 45.92\
553711 101.91821\
289 C45.51561523\
 102.64266602 45\
.10569336 103.36\
711914 44.683349\
61 104.11352539 \
C45.84401947 104\
.12383286 47.004\
68933 104.134140\
32 48.20053101 1\
04.14476013 C59.\
11934146 104.242\
36222 70.0380932\
3 104.34508358 8\
0.95680809 104.4\
5286465 C86.5707\
1311 104.5081149\
2 92.18462332 10\
4.56153828 97.79\
858398 104.61083\
984 C103.2126594\
4 104.65845235 1\
08.62667011 104.\
71079402 114.040\
66849 104.766466\
14 C116.10998555\
 104.78690382 11\
8.17932039 104.8\
0561453 120.2486\
6867 104.8225994\
1 C123.13890788 \
104.84661215 126\
.02902391 104.87\
667096 128.91918\
945 104.90820312\
 C130.21283165 1\
04.91683632 130.\
21283165 104.916\
83632 131.532608\
03 104.92564392 \
C137.45524529 10\
4.99947323 137.4\
5524529 104.9994\
7323 139.6833496\
1 106.11352539 C\
139.68334961 110\
.73352539 139.68\
334961 115.35352\
539 139.68334961\
 120.11352539 C1\
26.63551443 120.\
18307501 113.587\
72345 120.236362\
03 100.53974056 \
120.26896191 C94\
.48085412 120.28\
460921 88.422094\
63 120.30583072 \
82.36328125 120.\
33984375 C76.514\
79916 120.372470\
08 70.66643909 1\
20.39038545 64.8\
17873 120.398157\
12 C62.58797854 \
120.40369471 60.\
35809065 120.414\
50826 58.1282482\
1 120.43071556 C\
55.00185658 120.\
45253295 51.8759\
6739 120.4554904\
6 48.74951172 12\
0.45410156 C47.3\
7062523 120.4702\
803 47.37062523 \
120.4702803 45.9\
6388245 120.4867\
8589 C39.7528948\
 120.4569831 34.\
60863126 119.746\
27888 29.8083496\
1 115.42602539 C\
27.76513464 111.\
22608351 27.1257\
2499 107.4530331\
8 28.20288086 10\
2.93383789 C29.7\
3988909 98.76496\
626 31.7487836 9\
4.9539676 33.991\
94336 91.1291503\
9 C34.40202637 9\
0.4259668 34.812\
10937 89.7227832\
 35.23461914 88.\
99829102 C36.063\
16623 87.5958876\
5 36.90881058 86\
.20341952 37.772\
70508 84.8225097\
7 C39.56831985 8\
1.81817955 40.66\
671007 79.823152\
92 40.74975586 7\
6.28149414 C39.1\
5647342 71.54833\
643 37.02029074 \
67.14810794 34.8\
0834961 62.67602\
539 C33.80817164\
 60.62012238 32.\
80817706 58.5641\
3014 31.80834961\
 56.50805664 C31\
.29272461 55.454\
40918 30.7770996\
1 54.40076172 30\
.24584961 53.315\
18555 C27.738752\
76 48.17798741 2\
5.27390565 43.02\
075324 22.808349\
61 37.86352539 C\
22.36894043 36.9\
4901611 21.92953\
125 36.03450684 \
21.47680664 35.0\
9228516 C19.2422\
8468 30.43101973\
 17.03455567 25.\
7576188 14.86303\
711 21.06665039 \
C14.44521973 20.\
16591797 14.0274\
0234 19.26518555\
 13.59692383 18.\
3371582 C12.6833\
4961 16.11352539\
 12.68334961 16.\
11352539 12.6833\
4961 14.11352539\
 C7.40334961 14.\
11352539 2.12334\
961 14.11352539 \
-3.31665039 14.1\
1352539 C-3.4143\
0664 4.05493164 \
-3.41430664 4.05\
493164 -3.316650\
39 1.11352539 C-\
2.31665039 0.113\
52539 -2.3166503\
9 0.11352539 0 0\
 Z \x22 fill=\x22#D8D8\
D5\x22 transform=\x22t\
ranslate(4.31665\
0390625,-0.11352\
5390625)\x22/>\x0a<pat\
h d=\x22M0 0 C4.285\
90933 2.79515826\
 7.22425239 5.92\
275717 8.875 10.\
875 C9.45560742 \
16.79719564 8.36\
556625 21.114198\
1 4.875 25.875 C\
1.43252402 29.05\
884437 -2.050108\
02 30.11732357 -\
6.6875 30.3125 C\
-12.14608636 30.\
0340007 -15.6958\
4251 28.42003512\
 -19.4375 24.375\
 C-22.33987193 2\
0.07518974 -22.7\
4775077 15.93823\
452 -22.125 10.8\
75 C-21.02401234\
 6.99699888 -19.\
55506612 3.97934\
607 -16.32421875\
 1.484375 C-10.8\
1694571 -1.55264\
547 -6.01339692 \
-2.16482289 0 0 \
Z \x22 fill=\x22#D3D4D\
0\x22 transform=\x22tr\
anslate(135.125,\
131.125)\x22/>\x0a<pat\
h d=\x22M0 0 C4.451\
88455 3.81590105\
 6.15964692 7.27\
973435 6.6835937\
5 13.19921875 C6\
.56389723 17.388\
59678 5.06498895\
 20.73153753 2.1\
9140625 23.76171\
875 C-2.41979256\
 27.77495662 -6.\
18332335 28.6136\
9739 -12.09375 2\
8.52734375 C-16.\
91883827 27.9407\
3199 -19.5756982\
7 25.1124045 -22\
.75 21.6875 C-25\
.04926241 16.823\
67567 -25.162366\
07 12.54109998 -\
24.375 7.25 C-22\
.38412717 3.2682\
5434 -20.2142556\
4 0.52955803 -16\
.375 -1.75 C-10.\
66767963 -3.5561\
1404 -5.24816306\
 -2.72126974 0 0\
 Z \x22 fill=\x22#D1D2\
CE\x22 transform=\x22t\
ranslate(58.375,\
132.75)\x22/>\x0a</svg\
>\x0a\
\x00\x00#N\
<\
?xml version=\x221.\
0\x22 encoding=\x22UTF\
-8\x22?>\x0a<svg versi\
on=\x221.1\x22 xmlns=\x22\
http://www.w3.or\
g/2000/svg\x22 widt\
h=\x22146\x22 height=\x22\
146\x22>\x0a<path d=\x22M\
0 0 C0.06957011 \
8.51894615 0.122\
84666 17.0377732\
2 0.15543652 25.\
5569334 C0.17107\
957 29.51291134 \
0.1922927 33.468\
69463 0.22631836\
 37.42456055 C0.\
25896078 41.2435\
9355 0.27686325 \
45.06243956 0.28\
463173 48.881601\
33 C0.29016651 5\
0.33723709 0.300\
97472 51.7928628\
5 0.31719017 53.\
24841881 C0.3390\
3021 55.29042903\
 0.34196431 57.3\
3167071 0.340576\
17 59.3737793 C0\
.34723801 60.535\
15915 0.35389984\
 61.696539 0.360\
76355 62.8931121\
8 C-0.12896839 6\
7.11067293 -1.59\
63122 69.8115443\
3 -4.83105469 72\
.55029297 C-5.52\
102539 72.984868\
16 -6.21099609 7\
3.41944336 -6.92\
1875 73.8671875 \
C-7.72044922 74.\
37217773 -8.5190\
2344 74.87716797\
 -9.34179688 75.\
39746094 C-14.27\
501966 78.371530\
95 -19.24779791 \
81.26856857 -24.\
25 84.125 C-25.9\
4080688 85.09481\
812 -25.94080688\
 85.09481812 -27\
.66577148 86.084\
22852 C-29.97719\
791 87.40995614 \
-32.2898193 88.7\
3352782 -34.6030\
2734 90.05615234\
 C-37.84910407 9\
1.91365291 -41.0\
9117838 93.77793\
497 -44.33203125\
 95.64453125 C-4\
6.2420773 96.742\
37925 -48.152227\
77 97.8400456 -5\
0.0625 98.9375 C\
-51.40006348 99.\
70827881 -51.400\
06348 99.7082788\
1 -52.76464844 1\
00.49462891 C-53\
.57579102 100.95\
91748 -54.386933\
59 101.4237207 -\
55.22265625 101.\
90234375 C-55.93\
172119 102.30960\
693 -56.64078613\
 102.71687012 -5\
7.37133789 103.1\
3647461 C-59 104\
 -59 104 -60 104\
 C-60.34866404 9\
5.02955686 -60.6\
1458752 86.06146\
605 -60.77718258\
 77.08570957 C-6\
0.85525736 72.91\
675517 -60.96094\
788 68.75245542 \
-61.1315918 64.5\
8618164 C-61.295\
48393 60.5592093\
1 -61.384422 56.\
53668654 -61.423\
15865 52.5066356\
7 C-61.45072685 \
50.97547194 -61.\
50458309 49.4445\
3383 -61.5859508\
5 47.91528511 C-\
61.83743152 42.9\
8964919 -61.7593\
8954 38.69133122\
 -60 34 C-56.367\
00674 30.2017178\
2 -51.64530142 2\
8.02041714 -46.9\
1123772 25.89006\
519 C-43.9663396\
9 24.51862342 -4\
1.23296717 22.85\
771298 -38.44531\
25 21.19140625 C\
-36.33928674 19.\
9804741 -34.2325\
1013 18.7708469 \
-32.125 17.5625 \
C-22.84369894 12\
.2345018 -22.843\
69894 12.2345018\
 -13.6171875 6.8\
125 C-12.8268310\
5 6.34255615 -12\
.03647461 5.8726\
123 -11.22216797\
 5.38842773 C-9.\
77879199 4.52719\
12 -8.3375759 3.\
66232072 -6.8989\
2578 2.79321289 \
C-2.21769116 0 -\
2.21769116 0 0 0\
 Z \x22 fill=\x22#DDDE\
DA\x22 transform=\x22t\
ranslate(138,42)\
\x22/>\x0a<path d=\x22M0 \
0 C3.76716237 1.\
46971074 7.19053\
264 3.1502078 10\
.69921875 5.1679\
6875 C11.8144995\
1 5.80726318 12.\
92978027 6.44655\
762 14.07885742 \
7.10522461 C15.2\
8180449 7.799201\
65 16.48468383 8\
.49329611 17.687\
5 9.1875 C18.926\
0463 9.89941676 \
20.16473642 10.6\
1108336 21.40356\
445 11.32250977 \
C23.97199563 12.\
79833965 26.5391\
9992 14.27627279\
 29.10546875 15.\
75585938 C32.311\
84512 17.6043024\
4 35.52081348 19\
.44818245 38.730\
88074 21.2902069\
1 C41.1417458 22\
.67388962 43.551\
68779 24.0591731\
8 45.96133423 25\
.44497681 C47.66\
94087 26.4270977\
3 49.37803644 27\
.40825622 51.086\
66992 28.3894043\
 C52.11381104 28\
.98148682 53.140\
95215 29.5735693\
4 54.19921875 30\
.18359375 C55.10\
502686 30.704938\
96 56.01083496 3\
1.22628418 56.94\
40918 31.7634277\
3 C59 33 59 33 6\
0 34 C60.0942934\
2 36.17805719 60\
.11742538 38.359\
2128 60.11352539\
 40.53930664 C60\
.11367142 41.222\
20261 60.1138174\
4 41.90509857 60\
.1139679 42.6086\
8835 C60.1132687\
6 44.87587614 60\
.1054764 47.1429\
8274 60.09765625\
 49.41015625 C60\
.09579207 50.978\
14387 60.0943681\
7 52.54613207 60\
.09336853 54.114\
12048 C60.089543\
34 58.24876503 6\
0.07971306 62.38\
337466 60.068664\
55 66.51800537 C\
60.05845044 70.7\
3400398 60.05387\
091 74.95000822 \
60.04882812 79.1\
6601562 C60.0380\
9079 87.44402647\
 60.02101436 95.\
7220089 60 104 C\
57.7910795 102.9\
060207 55.583349\
76 101.80974144 \
53.3762207 100.7\
121582 C52.75892\
342 100.40673347\
 52.14162613 100\
.10130875 51.505\
62286 99.7866287\
2 C45.58337182 9\
6.83749748 39.87\
662665 93.562972\
09 34.1875 90.18\
75 C32.65270996 \
89.28281982 32.6\
5270996 89.28281\
982 31.08691406 \
88.35986328 C29.\
02956793 87.1471\
4236 26.97306845\
 85.9329838 24.9\
1748047 84.71728\
516 C22.22587303\
 83.13295321 19.\
52447007 81.5677\
0707 16.81640625\
 80.01171875 C15\
.64911987 79.337\
49878 15.6491198\
7 79.33749878 14\
.45825195 78.649\
6582 C13.0335840\
6 77.8273043 11.\
60650019 77.0091\
1509 10.17651367\
 76.19604492 C5.\
5012785 73.48002\
418 1.75163859 7\
1.25491576 0 66 \
C-0.08942453 63.\
86848273 -0.1175\
8899 61.73421849\
 -0.11352539 59.\
60083008 C-0.113\
67142 58.9566563\
4 -0.11381744 58\
.3124826 -0.1139\
679 57.64878845 \
C-0.11327195 55.\
52233498 -0.1054\
9448 53.3959694 \
-0.09765625 51.2\
6953125 C-0.0957\
9094 49.79408313\
 -0.09436757 48.\
31863439 -0.0933\
6853 46.84318542\
 C-0.08955226 42\
.96174405 -0.079\
72956 39.0803401\
5 -0.06866455 35\
.19891357 C-0.05\
843131 31.237431\
92 -0.05386681 2\
7.27594419 -0.04\
882812 23.314453\
12 C-0.0381065 1\
5.54295167 -0.02\
104075 7.7714810\
9 0 0 Z \x22 fill=\x22\
#DDDEDA\x22 transfo\
rm=\x22translate(8,\
42)\x22/>\x0a<path d=\x22\
M0 0 C1.29478271\
 0.73827026 1.29\
478271 0.7382702\
6 2.61572266 1.4\
9145508 C3.60209\
717 2.04849121 4\
.58847168 2.6055\
2734 5.60473633 \
3.17944336 C7.17\
63855 4.08605713\
 7.1763855 4.086\
05713 8.77978516\
 5.01098633 C9.8\
694458 5.6308642\
6 10.95910645 6.\
25074219 12.0817\
8711 6.8894043 C\
14.95054187 8.52\
592426 17.814104\
17 10.17095748 2\
0.67376709 11.82\
330322 C22.38877\
146 12.81423361 \
24.10502484 13.8\
0300129 25.82128\
906 14.79174805 \
C32.70566293 18.\
76276958 39.5895\
5171 22.73463041\
 46.40478516 26.\
82348633 C47.065\
59082 27.2124609\
4 47.72639648 27\
.60143555 48.407\
22656 28.0021972\
7 C50.08056641 2\
9.03442383 50.08\
056641 29.034423\
83 52.40478516 3\
0.82348633 C52.4\
0478516 31.81348\
633 52.40478516 \
32.80348633 52.4\
0478516 33.82348\
633 C51.33099609\
 34.42676758 50.\
25720703 35.0300\
4883 49.15087891\
 35.65161133 C47\
.71467372 36.458\
89006 46.2784762\
1 37.26618246 44\
.84228516 38.073\
48633 C44.137812\
5 38.46922852 43\
.43333984 38.864\
9707 42.70751953\
 39.27270508 C42\
.00820312 39.665\
86914 41.3088867\
2 40.0590332 40.\
58837891 40.4641\
1133 C39.8856787\
1 40.85276367 39\
.18297852 41.241\
41602 38.4589843\
8 41.6418457 C37\
.12153493 42.411\
1891 35.8078077 \
43.22385072 34.5\
2636719 44.08325\
195 C32.75244141\
 45.24536133 32.\
75244141 45.2453\
6133 29.40478516\
 46.82348633 C25\
.23286981 45.782\
72226 21.7401054\
3 44.03751233 18\
.04541016 41.874\
26758 C17.023828\
13 41.2801709 16\
.00224609 40.686\
07422 14.9497070\
3 40.07397461 C1\
3.86238281 39.43\
443848 12.775058\
59 38.79490234 1\
1.65478516 38.13\
598633 C9.930199\
27 37.13112696 8\
.20560808 36.126\
27657 6.48071289\
 35.12194824 C4.\
68034295 34.0727\
8247 2.88135421 \
33.02127789 1.08\
251953 31.969482\
42 C-4.3879938 2\
8.77373318 -9.87\
700553 25.610025\
35 -15.36584473 \
22.44589233 C-17\
.07538793 21.459\
92141 -18.784037\
34 20.47240129 -\
20.49267578 19.4\
8486328 C-21.526\
82617 18.8876245\
1 -22.56097656 1\
8.29038574 -23.6\
2646484 17.67504\
883 C-24.5397656\
3 17.14733887 -2\
5.45306641 16.61\
962891 -26.39404\
297 16.07592773 \
C-27.77510176 15\
.29012121 -29.17\
39998 14.5340938\
5 -30.59521484 1\
3.82348633 C-30.\
25643313 11.0369\
0333 -29.8703631\
 10.04568296 -27\
.64916992 8.2519\
5312 C-24.911183\
8 6.65389341 -22\
.17101975 5.0649\
9969 -19.4077148\
4 3.51098633 C-1\
7.98749023 2.666\
97266 -17.987490\
23 2.66697266 -1\
6.53857422 1.805\
9082 C-15.614960\
94 1.27932617 -1\
4.69134766 0.752\
74414 -13.739746\
09 0.21020508 C-\
12.89774658 -0.2\
7230713 -12.0557\
4707 -0.75481934\
 -11.18823242 -1\
.25195312 C-7.01\
074217 -2.741469\
7 -3.95024874 -1\
.7908042 0 0 Z \x22\
 fill=\x22#D8D9D5\x22 \
transform=\x22trans\
late(44.59521484\
375,22.176513671\
875)\x22/>\x0a<path d=\
\x22M0 0 C2.8889253\
3 1.61363397 5.7\
0406298 3.314051\
38 8.51464844 5.\
06054688 C10.628\
20903 6.33568112\
 12.7428216 7.60\
907308 14.858398\
44 8.88085938 C1\
5.93347656 9.532\
1582 17.00855469\
 10.18345703 18.\
11621094 10.8544\
9219 C24.3024343\
5 14.55109287 30\
.6086123 18.0358\
1625 36.90185547\
 21.54589844 C41\
.52794187 24.140\
63443 46.0319445\
9 26.7847658 50.\
38964844 29.8105\
4688 C48.1796964\
4 35.40496023 43\
.13468343 37.328\
35997 38.1396484\
4 40.18554688 C3\
7.19734375 40.75\
660156 36.255039\
06 41.32765625 3\
5.28417969 41.91\
601562 C34.36507\
812 42.44582031 \
33.44597656 42.9\
75625 32.4990234\
4 43.52148438 C3\
1.66338867 44.00\
92334 30.8277539\
1 44.49698242 29\
.96679688 44.999\
51172 C25.558517\
25 46.38680851 2\
2.48777189 44.37\
443535 18.550781\
25 42.3527832 C1\
7.57463867 41.78\
841553 16.598496\
09 41.22404785 1\
5.59277344 40.64\
257812 C14.48071\
533 40.00344482 \
13.36865723 39.3\
6431152 12.22290\
039 38.70581055 \
C11.02831166 38.\
01185098 9.83389\
825 37.31758954 \
8.63964844 36.62\
304688 C7.405742\
2 35.90952353 6.\
17160801 35.1963\
9424 4.93725586 \
34.48364258 C3.0\
2638007 33.37992\
753 1.11587951 3\
2.27559581 -0.79\
328918 31.168930\
05 C-4.62852947 \
28.94722499 -8.4\
7551771 26.74821\
937 -12.33670044\
 24.57191467 C-1\
4.75072128 23.21\
115931 -17.16086\
592 21.8436238 -\
19.57067871 20.4\
7543335 C-21.276\
32657 19.5102276\
1 -22.98677282 1\
8.5535173 -24.69\
726562 17.596923\
83 C-25.72432617\
 17.01128662 -26\
.75138672 16.425\
64941 -27.809570\
31 15.82226562 C\
-28.71537842 15.\
31139404 -29.621\
18652 14.8005224\
6 -30.55444336 1\
4.27416992 C-32.\
61035156 12.8105\
4688 -32.6103515\
6 12.81054688 -3\
3.61035156 9.810\
54688 C-30.50880\
378 7.99353709 -\
27.40368169 6.18\
272551 -24.29785\
156 4.37304688 C\
-23.41677734 3.8\
5677734 -22.5357\
0312 3.34050781 \
-21.62792969 2.8\
0859375 C-20.780\
37109 2.31552734\
 -19.9328125 1.8\
2246094 -19.0595\
7031 1.31445312 \
C-17.88914185 0.\
63104858 -17.889\
14185 0.63104858\
 -16.69506836 -0\
.06616211 C-11.1\
0037048 -3.08070\
772 -5.65012509 \
-2.57458001 0 0 \
Z \x22 fill=\x22#D7D8D\
4\x22 transform=\x22tr\
anslate(81.61035\
15625,3.18945312\
5)\x22/>\x0a</svg>\x0a\
\x00\x00\x01\x95\
<\
svg xmlns=\x22http:\
//www.w3.org/200\
0/svg\x22 width=\x2224\
\x22 height=\x2224\x22 vi\
ewBox=\x220 0 24 24\
\x22 fill=\x22none\x22 st\
roke=\x22#e0e1dd\x22 s\
troke-width=\x221.5\
\x22 stroke-linecap\
=\x22round\x22 stroke-\
linejoin=\x22round\x22\
 class=\x22feather \
feather-user-plu\
s\x22><path d=\x22M16 \
21v-2a4 4 0 0 0-\
4-4H5a4 4 0 0 0-\
4 4v2\x22></path><c\
ircle cx=\x228.5\x22 c\
y=\x227\x22 r=\x224\x22></ci\
rcle><line x1=\x222\
0\x22 y1=\x228\x22 x2=\x2220\
\x22 y2=\x2214\x22></line\
><line x1=\x2223\x22 y\
1=\x2211\x22 x2=\x2217\x22 y\
2=\x2211\x22></line></\
svg>\
\x00\x00\x0e\x0e\
<\
?xml version=\x221.\
0\x22 encoding=\x22UTF\
-8\x22?>\x0a<svg versi\
on=\x221.1\x22 xmlns=\x22\
http://www.w3.or\
g/2000/svg\x22 widt\
h=\x2271\x22 height=\x227\
1\x22>\x0a<path d=\x22M0 \
0 C2.5 1.875 2.5\
 1.875 4 4 C4 4.\
66 4 5.32 4 6 C4\
.55985596 5.9790\
5273 5.11971191 \
5.95810547 5.696\
5332 5.93652344 \
C8.23500586 5.85\
333798 10.773192\
 5.80133619 13.3\
125 5.75 C14.634\
11133 5.69972656\
 14.63411133 5.6\
9972656 15.98242\
188 5.6484375 C2\
2.33276099 5.551\
8544 22.33276099\
 5.5518544 25.09\
375 7.40625 C26.\
52298087 11.4968\
0733 26.31120578\
 15.45518891 26.\
1875 19.75 C26.1\
6719727 21.08224\
609 26.16719727 \
21.08224609 26.1\
4648438 22.44140\
625 C26.11121309\
 24.62822578 26.\
06192752 26.8137\
9966 26 29 C24.0\
2 29 22.04 29 20\
 29 C20 23.39 20\
 17.78 20 12 C18\
.68 12 17.36 12 \
16 12 C16 14.31 \
16 16.62 16 19 C\
2.8 19 -10.4 19 \
-24 19 C-24 16.6\
9 -24 14.38 -24 \
12 C-25.32 12 -2\
6.64 12 -28 12 C\
-28 27.84 -28 43\
.68 -28 60 C-21.\
07 60 -14.14 60 \
-7 60 C-7 61.98 \
-7 63.96 -7 66 C\
-10.93736123 66.\
08696177 -14.874\
47628 66.1403783\
5 -18.8125 66.18\
75 C-19.93205078\
 66.21263672 -21\
.05160156 66.237\
77344 -22.205078\
12 66.26367188 C\
-23.27822266 66.\
27333984 -24.351\
36719 66.2830078\
1 -25.45703125 6\
6.29296875 C-26.\
44678955 66.3086\
792 -27.43654785\
 66.32438965 -28\
.45629883 66.340\
57617 C-31 66 -3\
1 66 -32.6347198\
5 64.80010986 C-\
34.46377214 62.3\
8852052 -34.3803\
9646 60.86844331\
 -34.38818359 57\
.85766602 C-34.3\
9764008 56.80970\
352 -34.40709656\
 55.76174103 -34\
.4168396 54.6820\
2209 C-34.410766\
91 53.55074387 -\
34.40469421 52.4\
1946564 -34.3984\
375 51.25390625 \
C-34.40130768 50\
.09124741 -34.40\
417786 48.928588\
56 -34.40713501 \
47.73069763 C-34\
.40917783 45.270\
24855 -34.403632\
86 42.80978331 -\
34.39111328 40.3\
4936523 C-34.375\
07807 36.5808479\
 -34.39094814 32\
.81340551 -34.41\
015625 29.044921\
88 C-34.40817357\
 26.65624763 -34\
.4043294 24.2675\
7405 -34.3984375\
 21.87890625 C-3\
4.40451019 20.74\
965225 -34.41058\
289 19.62039825 \
-34.4168396 18.4\
5692444 C-34.407\
38312 17.4058097\
8 -34.39792664 1\
6.35469513 -34.3\
8818359 15.27172\
852 C-34.3857968\
1 14.34812027 -3\
4.38341003 13.42\
451202 -34.38095\
093 12.47291565 \
C-33.92790287 9.\
53198662 -33.029\
87696 8.14724968\
 -31 6 C-28.9152\
832 5.54589844 -\
28.9152832 5.545\
89844 -26.550781\
25 5.609375 C-25\
.70322266 5.6222\
6563 -24.8556640\
6 5.63515625 -23\
.98242188 5.6484\
375 C-23.1013476\
6 5.68195312 -22\
.22027344 5.7154\
6875 -21.3125 5.\
75 C-20.41982422\
 5.76804687 -19.\
52714844 5.78609\
375 -18.60742188\
 5.8046875 C-16.\
40386496 5.85182\
241 -14.20247399\
 5.91759343 -12 \
6 C-11.71125 5.1\
95625 -11.4225 4\
.39125 -11.125 3\
.5625 C-9.048695\
32 -1.16686065 -\
4.63508429 -0.68\
701842 0 0 Z M-6\
 6 C-6.33 6.99 -\
6.66 7.98 -7 9 C\
-5.02 9.99 -5.02\
 9.99 -3 11 C-2.\
34 10.01 -1.68 9\
.02 -1 8 C-1.33 \
7.34 -1.66 6.68 \
-2 6 C-3.32 6 -4\
.64 6 -6 6 Z \x22 f\
ill=\x22#E0E1DD\x22 tr\
ansform=\x22transla\
te(38,3)\x22/>\x0a<pat\
h d=\x22M0 0 C1.32 \
0.66 2.64 1.32 4\
 2 C4 6 4 6 1.98\
046875 8.4736328\
1 C1.05878906 9.\
37436523 0.13710\
937 10.27509766 \
-0.8125 11.20312\
5 C-1.30081299 1\
1.6857782 -1.789\
12598 12.1684314\
 -2.29223633 12.\
66571045 C-3.852\
34929 14.2034524\
 -5.4257953 15.7\
2670003 -7 17.25\
 C-8.06080491 18\
.29074087 -9.120\
71234 19.3323973\
7 -10.1796875 20\
.375 C-12.776132\
65 22.92736905 -\
15.38471784 25.4\
6691965 -18 28 C\
-21.7658106 24.8\
1968878 -25.4843\
8989 21.64858175\
 -28.9375 18.125\
 C-29.52402344 1\
7.52945313 -30.1\
1054687 16.93390\
625 -30.71484375\
 16.3203125 C-31\
.13894531 15.884\
60937 -31.563046\
87 15.44890625 -\
32 15 C-31.34 13\
.68 -30.68 12.36\
 -30 11 C-26 11 \
-26 11 -24.07812\
5 12.53125 C-23.\
47484375 13.1809\
375 -22.8715625 \
13.830625 -22.25\
 14.5 C-21.63640\
625 15.1496875 -\
21.0228125 15.79\
9375 -20.390625 \
16.46875 C-19.93\
171875 16.974062\
5 -19.4728125 17\
.479375 -19 18 C\
-12.21623641 12.\
44964797 -6.1447\
7032 6.23557973 \
0 0 Z \x22 fill=\x22#D\
FE0DC\x22 transform\
=\x22translate(64,3\
8)\x22/>\x0a</svg>\x0a\
\x00\x00\x01-\
<\
svg xmlns=\x22http:\
//www.w3.org/200\
0/svg\x22 width=\x2224\
\x22 height=\x2224\x22 vi\
ewBox=\x220 0 24 24\
\x22 fill=\x22none\x22 st\
roke=\x22#e0e1dd\x22 s\
troke-width=\x221.5\
\x22 stroke-linecap\
=\x22round\x22 stroke-\
linejoin=\x22round\x22\
 class=\x22feather \
feather-plus\x22><l\
ine x1=\x2212\x22 y1=\x22\
5\x22 x2=\x2212\x22 y2=\x221\
9\x22></line><line \
x1=\x225\x22 y1=\x2212\x22 x\
2=\x2219\x22 y2=\x2212\x22><\
/line></svg>\
"

qt_resource_name = b"\
\x00\x05\
\x00o\xa6S\
\x00i\
\x00c\x00o\x00n\x00s\
\x00\x0a\
\x0a\xc8\xfa\xa7\
\x00f\
\x00i\x00l\x00t\x00e\x00r\x00.\x00s\x00v\x00g\
\x00\x10\
\x02\xfe\x1a\xa7\
\x00m\
\x00i\x00n\x00u\x00s\x00-\x00c\x00i\x00r\x00c\x00l\x00e\x00.\x00s\x00v\x00g\
\x00\x0b\
\x0c\xba\xcb\xe7\
\x00p\
\x00e\x00r\x00c\x00e\x00n\x00t\x00.\x00s\x00v\x00g\
\x00\x0f\
\x08v8\xe7\
\x00m\
\x00e\x00n\x00u\x00-\x00n\x00o\x00r\x00m\x00a\x00l\x00.\x00s\x00v\x00g\
\x00\x0e\
\x0cE\xc7'\
\x00n\
\x00e\x00x\x00t\x00-\x00m\x00o\x00n\x00t\x00h\x00.\x00s\x00v\x00g\
\x00\x0e\
\x02v<\x87\
\x00m\
\x00e\x00n\x00u\x00-\x00f\x00o\x00c\x00u\x00s\x00.\x00s\x00v\x00g\
\x00\x14\
\x08R\xa6'\
\x00m\
\x00i\x00n\x00u\x00s\x00-\x00c\x00i\x00r\x00c\x00l\x00e\x00-\x00a\x00l\x00t\x00.\
\x00s\x00v\x00g\
\x00\x1d\
\x0a\xa7\x00\xe7\
\x00s\
\x00a\x00l\x00e\x00s\x00-\x00e\x00m\x00p\x00t\x00y\x00-\x00i\x00n\x00p\x00u\x00t\
\x00-\x00l\x00i\x00s\x00t\x00-\x00b\x00g\x00.\x00s\x00v\x00g\
\x00\x10\
\x0e\x17\x06\x87\
\x00c\
\x00h\x00e\x00v\x00r\x00o\x00n\x00-\x00d\x00o\x00w\x00n\x00.\x00s\x00v\x00g\
\x00\x10\
\x0d\xfd\xe1'\
\x00c\
\x00h\x00e\x00c\x00k\x00-\x00c\x00i\x00r\x00c\x00l\x00e\x00.\x00s\x00v\x00g\
\x00\x0a\
\x09\xb2jG\
\x00c\
\x00a\x00n\x00c\x00e\x00l\x00.\x00s\x00v\x00g\
\x00\x09\
\x06\x98\x8e\xa7\
\x00c\
\x00l\x00o\x00s\x00e\x00.\x00s\x00v\x00g\
\x00\x0e\
\x09Xl\x87\
\x00c\
\x00h\x00e\x00v\x00r\x00o\x00n\x00-\x00u\x00p\x00.\x00s\x00v\x00g\
\x00\x0a\
\x0c{\xa9\xe7\
\x00a\
\x00c\x00c\x00e\x00p\x00t\x00.\x00s\x00v\x00g\
\x00\x0e\
\x0b\x8c<\xa7\
\x00l\
\x00i\x00s\x00t\x00-\x00f\x00o\x00c\x00u\x00s\x00.\x00s\x00v\x00g\
\x00\x10\
\x07s-\x1f\
\x00p\
\x00r\x00o\x00g\x00r\x00a\x00m\x00-\x00i\x00c\x00o\x00n\x00.\x00i\x00c\x00o\
\x00\x0a\
\x08\x94m\xc7\
\x00s\
\x00e\x00a\x00r\x00c\x00h\x00.\x00s\x00v\x00g\
\x00\x12\
\x0d0\xbdg\
\x00t\
\x00r\x00a\x00s\x00h\x00-\x00r\x00e\x00g\x00i\x00s\x00t\x00e\x00r\x00.\x00s\x00v\
\x00g\
\x00\x0f\
\x07\x96;\xc7\
\x00l\
\x00i\x00s\x00t\x00-\x00n\x00o\x00r\x00m\x00a\x00l\x00.\x00s\x00v\x00g\
\x00\x18\
\x03D>\x87\
\x00d\
\x00e\x00b\x00t\x00s\x00-\x00t\x00a\x00b\x00l\x00e\x00-\x00e\x00m\x00p\x00t\x00y\
\x00-\x00b\x00g\x00.\x00s\x00v\x00g\
\x00\x0e\
\x049\xc7g\
\x00p\
\x00r\x00e\x00v\x00-\x00m\x00o\x00n\x00t\x00h\x00.\x00s\x00v\x00g\
\x00\x18\
\x0a\xe1\x86\x87\
\x00s\
\x00a\x00l\x00e\x00s\x00-\x00t\x00a\x00b\x00l\x00e\x00-\x00e\x00m\x00p\x00t\x00y\
\x00-\x00b\x00g\x00.\x00s\x00v\x00g\
\x00\x1b\
\x0b\xc6\xc3\xa7\
\x00p\
\x00r\x00o\x00d\x00u\x00c\x00t\x00s\x00-\x00t\x00a\x00b\x00l\x00e\x00-\x00e\x00m\
\x00p\x00t\x00y\x00-\x00b\x00g\x00.\x00s\x00v\x00g\
\x00\x0e\
\x0f\x82\x14\x07\
\x00a\
\x00d\x00d\x00-\x00d\x00e\x00b\x00t\x00o\x00r\x00.\x00s\x00v\x00g\
\x00&\
\x04d\xe2\x87\
\x00d\
\x00e\x00b\x00t\x00s\x00-\x00e\x00m\x00p\x00t\x00y\x00-\x00p\x00r\x00o\x00d\x00s\
\x00-\x00b\x00a\x00l\x00a\x00n\x00c\x00e\x00-\x00t\x00a\x00b\x00l\x00e\x00-\x00b\
\x00g\x00.\x00s\x00v\x00g\
\x00\x08\
\x03\xc6T'\
\x00p\
\x00l\x00u\x00s\x00.\x00s\x00v\x00g\
"

qt_resource_struct = b"\
\x00\x00\x00\x00\x00\x02\x00\x00\x00\x01\x00\x00\x00\x01\
\x00\x00\x00\x00\x00\x00\x00\x00\
\x00\x00\x00\x00\x00\x02\x00\x00\x00\x1a\x00\x00\x00\x02\
\x00\x00\x00\x00\x00\x00\x00\x00\
\x00\x00\x00\xb2\x00\x00\x00\x00\x00\x01\x00\x00\x06M\
\x00\x00\x01\x9f0\x1e\xca\xdb\
\x00\x00\x00*\x00\x00\x00\x00\x00\x01\x00\x00\x01#\
\x00\x00\x01\x9f0\x1e\xca\xdd\
\x00\x00\x02\xac\x00\x00\x00\x00\x00\x01\x00\x01\x09\xc3\
\x00\x00\x01\x9fs#\x96\xa0\
\x00\x00\x03\xea\x00\x00\x00\x00\x00\x01\x00\x01_\xca\
\x00\x00\x01\x9f0\x1e\xca\xdf\
\x00\x00\x02\xe2\x00\x00\x00\x00\x00\x01\x00\x01\x13\xfd\
\x00\x00\x01\x9f0\x1e\xca\xd5\
\x00\x00\x03\x98\x00\x00\x00\x00\x00\x01\x00\x01Q\xb8\
\x00\x00\x01\x9fs#\x96\xa0\
\x00\x00\x01\xa8\x00\x00\x00\x00\x00\x01\x00\x00<(\
\x00\x00\x01\x9f0\x1e\xca\xe8\
\x00\x00\x02\x1e\x00\x01\x00\x00\x00\x01\x00\x00A\xa1\
\x00\x00\x01\x9f0\x1e\xca\xe3\
\x00\x00\x02\x88\x00\x00\x00\x00\x00\x01\x00\x01\x07\xe0\
\x00\x00\x01\x9f0\x1e\xca\xdb\
\x00\x00\x00\xd4\x00\x00\x00\x00\x00\x01\x00\x00\x07\xa5\
\x00\x00\x01\x9f0\x1e\xca\xdd\
\x00\x00\x00l\x00\x00\x00\x00\x00\x01\x00\x00\x03\xb7\
\x00\x00\x01\x9f0\x1e\xca\xdc\
\x00\x00\x02D\x00\x00\x00\x00\x00\x01\x00\x01\x04\xe5\
\x00\x00\x01\x9f0\x1e\xca\xe6\
\x00\x00\x01\xc0\x00\x00\x00\x00\x00\x01\x00\x00=T\
\x00\x00\x01\x9f0\x1e\xca\xd7\
\x00\x00\x01\x8e\x00\x00\x00\x00\x00\x01\x00\x00:\xcd\
\x00\x00\x01\x9f0\x1e\xca\xe8\
\x00\x00\x01\x02\x00\x00\x00\x00\x00\x01\x00\x00\x08\xd7\
\x00\x00\x01\x9fs#\x96\xa0\
\x00\x00\x00\x10\x00\x00\x00\x00\x00\x01\x00\x00\x00\x00\
\x00\x00\x01\x9f0\x1e\xca\xda\
\x00\x00\x03\x04\x00\x00\x00\x00\x00\x01\x00\x01\x156\
\x00\x00\x01\x9fs#\x87\x00\
\x00\x00\x01\xfc\x00\x00\x00\x00\x00\x01\x00\x00?\xc1\
\x00\x00\x01\x9f0\x1e\xca\xda\
\x00\x00\x03:\x00\x00\x00\x00\x00\x01\x00\x01,\xcd\
\x00\x00\x01\x9fs#\x96\xa0\
\x00\x00\x00\x90\x00\x00\x00\x00\x00\x01\x00\x00\x05\x12\
\x00\x00\x01\x9f0\x1e\xca\xd5\
\x00\x00\x01\xe2\x00\x00\x00\x00\x00\x01\x00\x00>a\
\x00\x00\x01\x9f0\x1e\xca\xe0\
\x00\x00\x00P\x00\x00\x00\x00\x00\x01\x00\x00\x02X\
\x00\x00\x01\x9f0\x1e\xca\xde\
\x00\x00\x02^\x00\x00\x00\x00\x00\x01\x00\x01\x06\x1f\
\x00\x00\x01\x9f0\x1e\xca\xe7\
\x00\x00\x01h\x00\x00\x00\x00\x00\x01\x00\x009\x84\
\x00\x00\x01\x9f0\x1e\xca\xd6\
\x00\x00\x01B\x00\x00\x00\x00\x00\x01\x00\x008v\
\x00\x00\x01\x9f0\x1e\xca\xd6\
\x00\x00\x03v\x00\x00\x00\x00\x00\x01\x00\x01P\x1f\
\x00\x00\x01\x9f0\x1e\xca\xd4\
"

def qInitResources():
    QtCore.qRegisterResourceData(0x03, qt_resource_struct, qt_resource_name, qt_resource_data)

def qCleanupResources():
    QtCore.qUnregisterResourceData(0x03, qt_resource_struct, qt_resource_name, qt_resource_data)

qInitResources()
